wall_time,cam_index,full_ms,skipped
17:49:56.122,2,4.2036,1
17:49:56.124,1,6.7184,2
17:49:56.125,0,1.5164,3
17:49:56.127,1,2.1541,0
17:49:56.129,2,2.2531,0
17:49:56.131,2,0.6547,0
17:49:56.131,0,1.0314,0
17:49:56.131,1,0.5854,0
17:49:56.141,2,2.7918,0
17:49:56.142,1,6.8223,0
17:49:56.144,0,7.7304,0
17:49:56.148,2,6.0555,0
17:49:56.168,1,17.5909,0
17:49:56.170,0,9.2972,0
17:49:56.173,2,11.7244,0
17:49:56.189,0,5.8645,0
17:49:56.190,2,7.2798,0
17:49:56.190,1,17.2794,0
17:49:56.209,1,16.1298,0
17:49:56.211,2,4.9250,0
17:49:56.212,0,7.0362,0
17:49:56.229,2,4.3262,0
17:49:56.232,1,16.3079,0
17:49:56.252,0,13.3503,0
17:49:56.264,1,12.6578,0
17:49:56.265,2,5.0537,0
17:49:56.292,0,11.9025,0
17:49:56.315,2,4.1013,0
17:49:56.316,1,4.5560,0
17:49:56.339,0,10.6112,0
17:49:56.354,1,11.4427,0
17:49:56.356,2,5.1679,0
17:49:56.384,0,10.9714,0
17:49:56.395,1,12.0283,0
17:49:56.395,2,4.5769,0
17:49:56.540,0,79.6685,0
17:49:56.554,1,85.9716,0
17:49:56.556,0,2.9674,0
17:49:56.559,1,4.6098,0
17:49:56.561,0,0.0862,1
17:49:56.563,1,4.0677,0
17:49:56.568,1,4.5457,0
17:49:56.569,0,4.0447,0
17:49:56.573,2,85.7903,0
17:49:56.575,2,1.7677,0
17:49:56.577,2,2.6923,0
17:49:56.581,2,3.0337,0
17:49:56.583,1,15.3692,0
17:49:56.584,2,3.6217,0
17:49:56.597,0,9.1616,0
17:49:56.625,1,4.3914,0
17:49:56.626,2,15.6840,0
17:49:56.654,0,12.7819,0
17:49:56.667,1,7.1893,0
17:49:56.676,2,13.6317,0
17:49:56.704,0,8.2441,0
17:49:56.705,1,4.2851,0
17:49:56.709,2,7.8252,0
17:49:56.725,0,7.3810,0
17:49:56.743,1,5.7666,0
17:49:56.748,2,7.8168,0
17:49:56.764,0,11.5134,0
17:49:56.790,1,10.1060,0
17:49:56.790,2,4.9219,0
17:49:56.814,0,10.9114,0
17:49:56.834,2,13.2877,0
17:49:56.835,1,4.9475,0
17:49:56.858,0,12.6696,0
17:49:56.869,2,8.8337,0
17:49:56.872,1,5.8142,0
17:49:56.883,0,6.7586,0
17:49:56.895,1,4.1615,0
17:49:56.909,2,11.7378,0
17:49:56.923,0,10.1998,0
17:49:56.942,1,9.1004,0
17:49:56.947,2,7.2820,0
17:49:56.972,0,8.9061,0
17:49:56.992,1,3.6734,0
17:49:56.999,2,10.3496,0
17:49:57.125,0,61.2142,0
17:49:57.127,0,2.3643,0
17:49:57.151,2,83.6580,0
17:49:57.153,2,2.2135,0
17:49:57.156,0,5.3337,0
17:49:57.157,2,3.1819,0
17:49:57.162,0,5.5573,0
17:49:57.162,2,5.2310,0
17:49:57.174,1,106.1895,0
17:49:57.177,1,3.3297,0
17:49:57.179,0,12.8748,0
17:49:57.182,1,4.4183,0
17:49:57.182,2,5.9614,0
17:49:57.187,1,5.1684,0
17:49:57.191,1,3.6502,0
17:49:57.200,0,14.3107,0
17:49:57.219,1,15.7980,0
17:49:57.224,2,8.7717,0
17:49:57.249,0,13.5287,0
17:49:57.265,2,9.6425,0
17:49:57.271,1,4.9426,0
17:49:57.292,0,8.3015,0
17:49:57.301,1,2.8351,0
17:49:57.312,2,8.5823,0
17:49:57.345,1,5.0465,0
17:49:57.345,0,14.3597,0
17:49:57.345,2,3.3653,0
17:49:57.377,0,11.6313,0
17:49:57.385,2,10.2856,0
17:49:57.387,1,5.3187,0
17:49:57.407,0,10.9640,0
17:49:57.430,1,4.2792,0
17:49:57.432,2,14.0402,0
17:49:57.436,0,5.3613,0
17:49:57.462,2,8.9183,0
17:49:57.468,1,8.0723,0
17:49:57.498,0,12.9260,0
17:49:57.500,1,4.5409,0
17:49:57.500,2,2.8441,0
17:49:57.517,0,11.7685,0
17:49:57.540,2,10.8972,0
17:49:57.541,1,4.7714,0
17:49:57.557,0,9.2959,0
17:49:57.588,1,14.5209,0
17:49:57.588,2,3.6629,0
17:49:57.733,0,58.1562,0
17:49:57.735,0,2.0706,0
17:49:57.769,0,2.8559,0
17:49:57.770,1,0.0735,1
17:49:57.773,0,3.3045,0
17:49:57.773,1,0.9373,0
17:49:57.775,1,0.0919,0
17:49:57.782,2,65.5269,0
17:49:57.785,2,2.7889,0
17:49:57.788,2,2.5789,0
17:49:57.792,2,3.4852,0
17:49:57.843,2,22.2595,0
17:49:57.844,0,8.3332,0
17:49:57.845,1,5.8003,0
17:49:57.850,0,5.7857,0
17:49:57.861,2,5.9000,0
17:49:57.861,1,5.4379,0
17:49:57.880,2,11.8473,0
17:49:57.882,1,3.8804,0
17:49:57.882,0,6.7549,0
17:49:57.899,2,13.7718,0
17:49:57.900,0,4.4482,0
17:49:57.900,1,2.8588,0
17:49:57.919,0,8.6180,0
17:49:57.947,1,15.6929,0
17:49:57.947,2,6.5735,0
17:49:57.968,0,4.5826,0
17:49:57.983,1,12.8838,0
17:49:57.984,2,3.7855,0
17:49:58.007,0,9.2828,0
17:49:58.020,1,4.0273,0
17:49:58.029,2,4.7261,0
17:49:58.057,0,9.1417,0
17:49:58.058,1,3.0840,0
17:49:58.059,2,3.2323,0
17:49:58.085,0,14.1667,0
17:49:58.105,2,4.2854,0
17:49:58.105,1,15.2159,0
17:49:58.130,0,14.7892,0
17:49:58.143,1,4.3284,0
17:49:58.146,2,6.1161,0
17:49:58.165,0,3.9689,0
17:49:58.194,1,14.2011,0
17:49:58.195,2,3.8305,0
17:49:58.321,2,53.6187,0
17:49:58.323,2,1.8165,0
17:49:58.340,0,63.1646,0
17:49:58.342,0,0.5056,1
17:49:58.344,0,0.8846,0
17:49:58.356,2,0.0467,1
17:49:58.358,1,83.1516,0
17:49:58.361,1,0.4068,2
17:49:58.371,0,4.2117,0
17:49:58.372,1,3.7080,0
17:49:58.375,2,6.3768,0
17:49:58.407,0,4.1636,0
17:49:58.422,1,3.3974,0
17:49:58.430,2,12.0311,0
17:49:58.444,0,13.1782,0
17:49:58.467,1,10.9013,0
17:49:58.470,2,4.0823,0
17:49:58.481,0,2.6198,0
17:49:58.503,1,2.2894,0
17:49:58.519,2,9.8074,0
17:49:58.533,0,10.2472,0
17:49:58.549,1,11.8216,0
17:49:58.551,2,5.2637,0
17:49:58.589,0,18.4034,0
17:49:58.589,2,4.5459,0
17:49:58.590,1,5.0856,0
17:49:58.618,0,6.8436,0
17:49:58.630,1,4.6192,0
17:49:58.630,2,9.6265,0
17:49:58.648,0,12.3119,0
17:49:58.667,1,10.7663,0
17:49:58.669,2,3.7334,0
17:49:58.682,0,3.9802,0
17:49:58.705,1,15.6635,0
17:49:58.707,2,4.2016,0
17:49:58.728,0,10.0743,0
17:49:58.742,1,9.3540,0
17:49:58.753,2,13.3190,0
17:49:58.765,0,3.8837,0
17:49:58.783,1,10.4280,0
17:49:58.786,2,5.9446,0
17:49:58.934,0,58.6636,0
17:49:58.936,0,2.1341,0
17:49:58.942,1,28.1179,0
17:49:58.944,1,1.4410,0
17:49:58.949,1,5.6106,0
17:49:58.953,0,8.5379,0
17:49:58.955,0,1.8380,0
17:49:58.955,2,40.7608,0
17:49:58.957,2,0.6281,1
17:49:58.958,1,7.7437,0
17:49:58.962,2,0.0405,0
17:49:58.986,1,15.3062,0
17:49:58.993,2,13.0358,0
17:49:58.994,0,8.2473,0
17:49:59.013,0,12.0712,0
17:49:59.015,2,4.7928,0
17:49:59.021,1,11.1440,0
17:49:59.048,0,16.2608,0
17:49:59.060,1,4.5608,0
17:49:59.069,2,2.8292,0
17:49:59.081,0,2.4174,0
17:49:59.108,1,15.3310,0
17:49:59.108,2,2.8395,0
17:49:59.130,0,12.0514,0
17:49:59.147,1,6.3812,0
17:49:59.154,2,4.1393,0
17:49:59.162,0,4.0351,0
17:49:59.186,1,16.3313,0
17:49:59.187,2,6.2416,0
17:49:59.210,0,11.9971,0
17:49:59.232,1,14.7324,0
17:49:59.236,2,8.0949,0
17:49:59.253,0,13.1291,0
17:49:59.274,2,11.1028,0
17:49:59.275,1,7.3596,0
17:49:59.290,0,4.5479,0
17:49:59.313,1,12.6285,0
17:49:59.313,2,2.9318,0
17:49:59.329,0,11.9096,0
17:49:59.348,1,12.8305,0
17:49:59.350,2,5.2946,0
17:49:59.374,0,13.5639,0
17:49:59.388,1,9.7560,0
17:49:59.393,2,8.5987,0
17:49:59.527,0,54.3957,0
17:49:59.531,0,3.7248,0
17:49:59.539,2,28.4604,0
17:49:59.544,0,4.3259,0
17:49:59.545,2,0.0703,1
17:49:59.550,0,5.8649,0
17:49:59.553,2,4.0359,0
17:49:59.555,1,43.3870,0
17:49:59.557,1,2.0437,0
17:49:59.561,1,3.7139,0
17:49:59.566,1,4.5804,0
17:49:59.568,0,11.0886,0
17:49:59.581,2,16.0960,0
17:49:59.582,1,5.2000,0
17:49:59.613,0,14.4126,0
17:49:59.632,1,15.8702,0
17:49:59.632,2,6.0382,0
17:49:59.652,0,13.5195,0
17:49:59.665,2,9.2141,0
17:49:59.665,1,4.2130,0
17:49:59.690,0,12.0500,0
17:49:59.709,1,3.5432,0
17:49:59.712,2,18.9344,0
17:49:59.729,0,14.0786,0
17:49:59.743,1,10.4608,0
17:49:59.744,2,3.4667,0
17:49:59.944,0,0.1362,1
17:49:59.946,2,7.8043,0
17:49:59.947,1,0.1350,1
17:49:59.949,2,0.0975,1
17:49:59.956,0,3.0431,1
17:49:59.957,2,3.1353,0
17:49:59.958,1,7.7197,0
17:49:59.961,1,2.1794,0
17:49:59.980,0,16.9649,0
17:49:59.980,1,4.2416,0
17:49:59.986,2,9.4636,0
17:49:59.997,0,6.2633,0
17:50:00.004,1,4.2538,0
17:50:00.007,2,6.2552,0
17:50:00.130,1,68.2538,0
17:50:00.143,1,4.5812,0
17:50:00.143,0,75.8698,0
17:50:00.147,0,3.1073,0
17:50:00.151,1,7.2780,0
17:50:00.151,0,4.3632,0
17:50:00.153,1,2.3900,0
17:50:00.154,0,3.3421,0
17:50:00.156,2,43.0318,0
17:50:00.158,2,2.0725,0
17:50:00.164,2,5.6381,0
17:50:00.166,2,2.3515,0
17:50:00.173,0,18.7535,0
17:50:00.201,0,6.2232,0
17:50:00.202,2,7.6435,0
17:50:00.205,1,24.8329,0
17:50:00.225,1,3.6862,0
17:50:00.226,2,15.1577,0
17:50:00.243,0,12.1114,0
17:50:00.266,2,4.5071,0
17:50:00.266,1,5.5015,0
17:50:00.300,0,22.0468,0
17:50:00.304,1,7.9069,0
17:50:00.305,2,4.5970,0
17:50:00.325,0,15.8169,0
17:50:00.346,1,15.6615,0
17:50:00.346,2,4.8020,0
17:50:00.369,0,16.0970,0
17:50:00.382,2,7.0601,0
17:50:00.383,1,4.6737,0
17:50:00.408,0,16.9957,0
17:50:00.425,1,14.8579,0
17:50:00.427,2,6.9482,0
17:50:00.448,0,7.5713,0
17:50:00.471,1,15.0284,0
17:50:00.471,2,5.5471,0
17:50:00.482,0,4.4876,0
17:50:00.514,1,11.7531,0
17:50:00.516,2,5.0888,0
17:50:00.540,0,17.8758,0
17:50:00.546,1,14.0681,0
17:50:00.550,2,9.3993,0
17:50:00.562,0,6.0128,0
17:50:00.584,2,10.9561,0
17:50:00.590,1,9.6900,0
17:50:00.716,0,58.7693,0
17:50:00.719,0,2.4164,0
17:50:00.748,2,50.4421,0
17:50:00.750,2,0.2867,1
17:50:00.750,0,9.1500,0
17:50:00.755,0,4.3347,0
17:50:00.756,1,59.0942,0
17:50:00.758,1,1.4606,0
17:50:00.761,2,2.2412,0
17:50:00.764,1,5.6380,0
17:50:00.776,1,10.1569,0
17:50:00.785,0,14.7996,0
17:50:00.790,2,12.6536,0
17:50:00.800,1,12.0176,0
17:50:00.808,0,15.2200,0
17:50:00.826,1,13.2329,0
17:50:00.828,2,7.1092,0
17:50:00.837,0,4.6461,0
17:50:00.861,1,15.4266,0
17:50:00.861,2,3.9919,0
17:50:00.884,0,11.4022,0
17:50:00.908,1,15.7313,0
17:50:00.909,2,3.3822,0
17:50:00.933,0,9.7482,0
17:50:00.949,1,11.2005,0
17:50:00.953,2,7.4450,0
17:50:00.974,0,10.7010,0
17:50:00.994,1,11.4928,0
17:50:00.996,2,5.1677,0
17:50:01.013,0,12.0252,0
17:50:01.030,1,13.8783,0
17:50:01.030,2,5.0429,0
17:50:01.053,0,12.5194,0
17:50:01.077,1,13.4018,0
17:50:01.079,2,6.1266,0
17:50:01.100,0,14.0232,0
17:50:01.115,1,3.9472,0
17:50:01.121,2,9.7117,0
17:50:01.141,0,12.7094,0
17:50:01.156,1,6.3847,0
17:50:01.163,2,11.1152,0
17:50:01.180,0,17.3013,0
17:50:01.189,1,10.7373,0
17:50:01.189,2,3.4527,0
17:50:01.302,0,52.2660,0
17:50:01.305,0,2.5903,0
17:50:01.333,1,0.0960,1
17:50:01.339,0,7.8690,0
17:50:01.342,1,5.6585,0
17:50:01.345,2,58.5685,0
17:50:01.347,1,4.7956,0
17:50:01.347,0,7.5819,0
17:50:01.350,2,4.1537,0
17:50:01.354,2,4.3953,0
17:50:01.358,2,3.7412,0
17:50:01.374,0,9.3124,0
17:50:01.389,1,10.7753,0
17:50:01.390,2,4.2458,0
17:50:01.416,0,13.5580,0
17:50:01.440,1,13.6589,0
17:50:01.445,2,8.8864,0
17:50:01.463,0,16.0951,0
17:50:01.485,1,17.9768,0
17:50:01.489,2,9.0553,0
17:50:01.498,0,15.6410,0
17:50:01.517,1,14.1839,0
17:50:01.517,2,5.5348,0
17:50:01.535,0,12.1684,0
17:50:01.548,1,16.1027,0
17:50:01.549,2,4.5057,0
17:50:01.567,0,8.7322,0
17:50:01.592,1,6.0960,0
17:50:01.594,2,4.7171,0
17:50:01.614,0,11.1386,0
17:50:01.638,1,15.5233,0
17:50:01.640,2,6.9467,0
17:50:01.655,0,12.0519,0
17:50:01.679,2,18.0398,0
17:50:01.680,1,6.5451,0
17:50:01.701,0,12.6583,0
17:50:01.707,1,11.7602,0
17:50:01.719,2,14.5907,0
17:50:01.742,0,13.2888,0
17:50:01.758,1,12.4307,0
17:50:01.762,2,6.8806,0
17:50:01.833,0,12.4464,0
17:50:01.852,1,5.1339,0
17:50:01.853,2,25.5886,0
17:50:01.951,0,51.4442,0
17:50:01.958,0,4.0763,0
17:50:01.969,2,0.0436,1
17:50:01.972,0,3.3441,0
17:50:01.973,2,2.3327,0
17:50:01.975,0,2.7711,0
17:50:01.985,1,32.2605,0
17:50:01.988,1,2.2443,0
17:50:01.991,1,2.7947,0
17:50:02.001,1,10.0786,0
17:50:02.003,0,3.9172,0
17:50:02.004,2,5.9853,0
17:50:02.023,1,14.4336,0
17:50:02.027,2,7.7773,0
17:50:02.037,0,11.2588,0
17:50:02.039,1,3.6834,0
17:50:02.063,2,12.3573,0
17:50:02.067,0,6.8157,0
17:50:02.077,1,14.6435,0
17:50:02.091,2,6.0455,0
17:50:02.116,1,3.9259,0
17:50:02.116,0,23.8916,0
17:50:02.123,2,3.0457,0
17:50:02.131,0,8.0519,0
17:50:02.152,1,3.7855,0
17:50:02.158,2,9.8071,0
17:50:02.178,0,12.6743,0
17:50:02.193,1,12.9459,0
17:50:02.194,2,3.1103,0
17:50:02.207,0,11.8237,0
17:50:02.231,1,5.0117,0
17:50:02.233,2,6.5036,0
17:50:02.249,0,13.3767,0
17:50:02.270,1,19.4694,0
17:50:02.270,2,7.6274,0
17:50:02.294,0,7.6812,0
17:50:02.307,1,6.8551,0
17:50:02.309,2,3.7862,0
17:50:02.344,0,8.5841,0
17:50:02.353,1,13.0451,0
17:50:02.354,2,3.1931,0
17:50:02.385,0,17.0840,0
17:50:02.392,1,11.2004,0
17:50:02.392,2,3.3012,0
17:50:02.512,0,57.6859,0
17:50:02.514,0,1.5706,0
17:50:02.534,0,0.0507,1
17:50:02.534,1,39.4182,0
17:50:02.537,1,2.3226,0
17:50:02.539,1,2.0134,0
17:50:02.549,1,10.1614,0
17:50:02.551,2,55.7235,0
17:50:02.553,2,1.6467,0
17:50:02.555,2,2.5040,0
17:50:02.558,2,3.0854,0
17:50:02.578,0,12.1195,0
17:50:02.586,1,10.8620,0
17:50:02.586,2,5.7581,0
17:50:02.608,0,7.1113,0
17:50:02.630,1,4.5942,0
17:50:02.631,2,15.9193,0
17:50:02.654,0,13.3829,0
17:50:02.672,1,8.0183,0
17:50:02.678,2,3.6423,0
17:50:02.681,0,5.4146,0
17:50:02.708,1,12.3422,0
17:50:02.709,2,4.4057,0
17:50:02.738,0,12.5294,0
17:50:02.747,1,12.0509,0
17:50:02.747,2,2.8844,0
17:50:02.768,0,3.6661,0
17:50:02.788,1,10.2073,0
17:50:02.795,2,10.7978,0
17:50:02.822,0,13.8664,0
17:50:02.829,1,11.8483,0
17:50:02.840,2,14.9702,0
17:50:02.857,0,11.6791,0
17:50:02.872,2,3.7967,0
17:50:02.872,1,16.6082,0
17:50:02.891,0,8.7246,0
17:50:02.913,2,3.6487,0
17:50:02.913,1,10.2406,0
17:50:02.939,0,11.0060,0
17:50:02.953,1,11.4975,0
17:50:02.958,2,2.8387,0
17:50:02.976,0,8.5019,0
17:50:02.992,1,9.1120,0
17:50:02.997,2,7.1548,0
17:50:03.134,0,63.3304,0
17:50:03.143,0,3.4224,0
17:50:03.144,1,29.9860,0
17:50:03.146,1,0.7259,1
17:50:03.147,0,3.6612,0
17:50:03.150,1,2.1692,0
17:50:03.150,0,3.6483,0
17:50:03.154,2,38.6864,0
17:50:03.157,2,2.3336,0
17:50:03.161,2,4.0234,0
17:50:03.178,0,13.2158,0
17:50:03.181,1,2.7154,0
17:50:03.182,2,6.8679,0
17:50:03.206,2,10.1942,0
17:50:03.214,0,12.4556,0
17:50:03.223,1,6.9809,0
17:50:03.236,2,5.6160,0
17:50:03.259,0,13.2759,0
17:50:03.270,1,9.7457,0
17:50:03.274,2,9.7139,0
17:50:03.297,0,12.7427,0
17:50:03.313,1,12.9394,0
17:50:03.314,2,3.8993,0
17:50:03.328,0,11.2099,0
17:50:03.342,1,9.4416,0
17:50:03.344,2,4.5983,0
17:50:03.372,0,9.3076,0
17:50:03.389,2,3.5167,0
17:50:03.389,1,13.0870,0
17:50:03.419,0,14.4799,0
17:50:03.432,2,4.1978,0
17:50:03.432,1,13.9925,0
17:50:03.448,0,12.2314,0
17:50:03.471,1,12.4350,0
17:50:03.474,2,7.0392,0
17:50:03.498,0,10.0238,0
17:50:03.503,1,7.8395,0
17:50:03.509,2,9.6135,0
17:50:03.521,0,7.8693,0
17:50:03.546,1,6.2425,0
17:50:03.549,2,8.3197,0
17:50:03.573,0,12.8102,0
17:50:03.587,1,6.8337,0
17:50:03.593,2,8.7412,0
17:50:03.720,0,50.3389,0
17:50:03.737,0,2.3399,0
17:50:03.749,0,3.7936,0
17:50:03.750,1,46.0353,0
17:50:03.752,1,2.0876,0
17:50:03.753,0,4.2985,0
17:50:03.757,1,4.2653,0
17:50:03.760,2,55.6976,0
17:50:03.762,2,2.4710,0
17:50:03.766,2,3.5420,0
17:50:03.772,1,3.6943,0
17:50:03.772,2,5.6592,0
17:50:03.833,0,7.5952,0
17:50:03.845,2,12.6512,0
17:50:03.871,0,7.1219,0
17:50:03.871,1,23.0693,0
17:50:03.872,2,6.5169,0
17:50:03.889,1,6.0777,0
17:50:03.897,0,11.9349,0
17:50:03.901,2,9.9624,0
17:50:03.922,1,10.9414,0
17:50:03.931,0,6.4489,0
17:50:03.938,2,12.7008,0
17:50:03.953,1,12.6878,0
17:50:03.966,0,8.3638,0
17:50:03.977,2,15.6003,0
17:50:03.978,1,3.2557,0
17:50:03.992,0,12.0664,0
17:50:04.003,2,12.4362,0
17:50:04.016,1,15.8516,0
17:50:04.029,0,13.4502,0
17:50:04.035,2,9.6372,0
17:50:04.045,1,15.1199,0
17:50:04.057,0,9.3743,0
17:50:04.069,2,16.4563,0
17:50:04.069,1,3.7834,0
17:50:04.090,0,13.7742,0
17:50:04.101,2,8.7111,0
17:50:04.110,1,9.3507,0
17:50:04.127,0,12.4278,0
17:50:04.148,2,3.1456,0
17:50:04.150,1,15.1246,0
17:50:04.172,0,9.4612,0
17:50:04.178,1,8.0592,0
17:50:04.192,2,11.5967,0
17:50:04.330,0,60.5010,0
17:50:04.333,0,2.4528,0
17:50:04.346,1,63.6410,0
17:50:04.349,1,2.8688,0
17:50:04.354,0,2.0314,0
17:50:04.357,0,2.7288,0
17:50:04.359,1,6.7356,0
17:50:04.362,1,2.8835,0
17:50:04.367,2,92.1677,0
17:50:04.370,2,2.8482,0
17:50:04.370,0,2.1157,0
17:50:04.374,2,3.3498,0
17:50:04.379,2,5.2375,0
17:50:04.391,0,5.0391,0
17:50:04.391,2,12.0886,0
17:50:04.392,1,7.2298,0
17:50:04.426,1,14.5055,0
17:50:04.428,2,7.3093,0
17:50:04.449,0,10.4677,0
17:50:04.471,1,13.1137,0
17:50:04.472,2,4.8431,0
17:50:04.494,0,3.7033,0
17:50:04.502,1,4.3161,0
17:50:04.513,2,3.9437,0
17:50:04.533,2,3.2374,0
17:50:04.534,0,11.8026,0
17:50:04.545,1,14.2559,0
17:50:04.558,0,11.0758,0
17:50:04.585,2,12.1055,0
17:50:04.585,1,5.1364,0
17:50:04.605,0,4.0889,0
17:50:04.630,2,11.6881,0
17:50:04.635,1,9.2525,0
17:50:04.653,0,15.2751,0
17:50:04.664,1,11.0262,0
17:50:04.672,2,10.2715,0
17:50:04.692,0,9.2164,0
17:50:04.707,2,11.5669,0
17:50:04.709,1,4.0493,0
17:50:04.724,0,11.2984,0
17:50:04.748,2,3.8660,0
17:50:04.749,1,13.7732,0
17:50:04.763,0,2.1693,0
17:50:04.790,1,12.1382,0
17:50:04.792,2,6.9118,0
17:50:04.921,1,46.5569,0
17:50:04.939,1,2.5965,0
17:50:04.953,0,46.5736,0
17:50:04.959,0,2.0523,0
17:50:04.964,0,4.4201,0
17:50:04.964,1,6.5680,0
17:50:04.967,1,2.6645,0
17:50:04.968,0,3.9377,0
17:50:04.969,1,2.6942,0
17:50:04.973,2,66.0474,0
17:50:04.975,2,1.9635,0
17:50:04.979,2,4.4601,0
17:50:04.983,0,13.1685,0
17:50:04.986,2,6.0831,0
17:50:04.989,2,2.9106,0
17:50:05.018,0,15.5441,0
17:50:05.030,2,14.5424,0
17:50:05.033,1,7.3326,0
17:50:05.062,0,14.0501,0
17:50:05.069,1,13.0518,0
17:50:05.071,2,5.8677,0
17:50:05.091,0,10.3251,0
17:50:05.103,1,3.1424,0
17:50:05.110,2,9.9043,0
17:50:05.133,1,2.8834,0
17:50:05.133,0,13.2785,0
17:50:05.147,2,11.8011,0
17:50:05.180,0,11.8397,0
17:50:05.180,2,4.9618,0
17:50:05.184,1,4.4240,0
17:50:05.209,0,6.0353,0
17:50:05.240,1,4.2991,0
17:50:05.242,2,20.8955,0
17:50:05.247,0,6.2144,0
17:50:05.269,2,10.8553,0
17:50:05.270,1,3.9278,0
17:50:05.296,0,15.8001,0
17:50:05.305,1,14.1619,0
17:50:05.310,2,9.5928,0
17:50:05.336,0,15.5875,0
17:50:05.350,2,12.7407,0
17:50:05.352,1,6.2243,0
17:50:05.363,0,4.7528,0
17:50:05.390,1,14.0487,0
17:50:05.390,2,4.4344,0
17:50:05.519,0,58.2329,0
17:50:05.521,0,2.0438,0
17:50:05.541,1,0.0824,1
17:50:05.546,0,5.5043,0
17:50:05.550,0,4.0313,0
17:50:05.550,1,5.6531,0
17:50:05.555,1,4.4269,0
17:50:05.556,0,5.7866,0
17:50:05.557,2,53.1748,0
17:50:05.562,2,0.9110,1
17:50:05.571,2,5.2306,0
17:50:05.583,2,5.7143,0
17:50:05.586,1,5.1471,0
17:50:05.615,0,15.3641,0
17:50:05.617,1,6.8445,0
17:50:05.640,2,12.0780,0
17:50:05.660,0,11.9576,0
17:50:05.672,2,4.4345,0
17:50:05.672,1,16.5941,0
17:50:05.696,0,8.4088,0
17:50:05.705,1,7.2237,0
17:50:05.720,2,17.0524,0
17:50:05.738,0,12.9474,0
17:50:05.755,2,9.9209,0
17:50:05.757,1,4.9222,0
17:50:05.858,2,9.9983,0
17:50:05.872,0,19.3467,0
17:50:05.876,1,8.3505,0
17:50:05.889,2,11.4953,0
17:50:05.895,0,8.9715,0
17:50:05.895,1,4.1957,0
17:50:05.926,1,12.7233,0
17:50:05.930,2,7.7490,0
17:50:05.933,0,8.1956,0
17:50:05.960,1,14.3640,0
17:50:05.967,2,10.9757,0
17:50:05.968,0,3.1706,0
17:50:05.987,1,11.0466,0
17:50:06.003,2,12.0724,0
17:50:06.004,0,4.0860,0
17:50:06.014,1,13.1675,0
17:50:06.037,2,10.9583,0
17:50:06.039,0,6.7776,0
17:50:06.119,1,52.0681,0
17:50:06.133,1,8.8885,0
17:50:06.151,2,47.5240,0
17:50:06.154,2,3.4045,0
17:50:06.157,1,6.0951,0
17:50:06.160,2,5.6442,0
17:50:06.163,0,60.3099,0
17:50:06.164,1,6.5525,0
17:50:06.166,0,2.5155,0
17:50:06.169,0,3.2422,0
17:50:06.179,0,9.5357,0
17:50:06.185,2,9.2573,0
17:50:06.186,1,6.9051,0
17:50:06.215,0,14.7129,0
17:50:06.216,2,5.5163,0
17:50:06.232,1,12.7473,0
17:50:06.249,0,15.1996,0
17:50:06.249,2,7.2582,0
17:50:06.268,1,14.9568,0
17:50:06.269,0,4.2305,0
17:50:06.272,2,6.2235,0
17:50:06.294,0,7.4320,0
17:50:06.315,2,4.0745,0
17:50:06.316,1,16.6489,0
17:50:06.340,0,12.5396,0
17:50:06.350,2,14.3430,0
17:50:06.354,1,8.5095,0
17:50:06.374,0,11.0173,0
17:50:06.389,1,13.7945,0
17:50:06.393,2,8.2341,0
17:50:06.420,0,15.2960,0
17:50:06.436,2,5.7954,0
17:50:06.436,1,10.7278,0
17:50:06.459,0,10.5988,0
17:50:06.475,1,8.5306,0
17:50:06.485,2,14.5139,0
17:50:06.494,0,13.2399,0
17:50:06.507,1,11.6190,0
17:50:06.514,2,9.4505,0
17:50:06.534,0,13.7976,0
17:50:06.536,1,6.3423,0
17:50:06.540,2,4.7690,0
17:50:06.572,0,9.1006,0
17:50:06.588,1,12.7157,0
17:50:06.592,2,7.1036,0
17:50:06.737,0,65.0281,0
17:50:06.752,1,32.4127,0
17:50:06.753,0,2.8413,0
17:50:06.756,1,3.3245,0
17:50:06.756,0,0.0938,1
17:50:06.762,1,6.4640,0
17:50:06.765,1,2.9453,0
17:50:06.765,2,34.3969,0
17:50:06.768,2,2.4336,0
17:50:06.773,2,4.7857,0
17:50:06.775,0,4.5008,0
17:50:06.776,2,3.0073,0
17:50:06.800,1,18.2751,0
17:50:06.808,0,3.4084,0
17:50:06.810,2,15.1074,0
17:50:06.830,1,13.9333,0
17:50:06.842,2,13.6421,0
17:50:06.860,0,11.8220,0
17:50:06.862,1,5.6310,0
17:50:06.874,2,13.8008,0
17:50:06.894,0,13.5255,0
17:50:06.907,1,11.6507,0
17:50:06.910,2,5.7589,0
17:50:06.932,0,11.7242,0
17:50:06.948,1,8.2530,0
17:50:06.954,2,8.4474,0
17:50:06.969,0,11.8205,0
17:50:06.989,2,13.5956,0
17:50:06.989,1,3.9535,0
17:50:07.020,0,14.4872,0
17:50:07.027,1,11.5068,0
17:50:07.035,2,14.1195,0
17:50:07.055,0,11.7495,0
17:50:07.065,1,14.4493,0
17:50:07.069,2,8.2328,0
17:50:07.098,0,12.4271,0
17:50:07.105,1,5.5921,0
17:50:07.118,2,13.7051,0
17:50:07.137,0,9.6315,0
17:50:07.149,2,13.4620,0
17:50:07.150,1,4.3518,0
17:50:07.179,1,3.8128,0
17:50:07.182,0,16.5437,0
17:50:07.193,2,13.6012,0
17:50:07.333,0,0.0965,1
17:50:07.350,2,67.4328,0
17:50:07.352,2,2.6297,0
17:50:07.355,0,4.3330,0
17:50:07.359,2,4.6824,0
17:50:07.365,1,74.8550,0
17:50:07.365,0,4.4347,0
17:50:07.367,1,2.3678,0
17:50:07.370,1,2.6657,0
17:50:07.375,1,4.9675,0
17:50:07.378,2,15.0426,0
17:50:07.383,1,4.8889,0
17:50:07.396,2,4.7617,0
17:50:07.397,0,6.8069,0
17:50:07.413,0,10.2299,0
17:50:07.429,1,13.0200,0
17:50:07.432,2,6.8659,0
17:50:07.450,0,15.0994,0
17:50:07.470,1,4.6171,0
17:50:07.470,2,14.2869,0
17:50:07.499,0,12.0990,0
17:50:07.507,1,11.8053,0
17:50:07.509,2,7.7415,0
17:50:07.528,0,10.3790,0
17:50:07.539,1,13.9487,0
17:50:07.548,2,10.5251,0
17:50:07.564,0,5.4193,0
17:50:07.589,2,8.9998,0
17:50:07.589,1,4.0043,0
17:50:07.607,0,8.5782,0
17:50:07.623,2,9.3899,0
17:50:07.629,1,9.7689,0
17:50:07.651,0,5.6978,0
17:50:07.658,1,3.3541,0
17:50:07.669,2,5.6746,0
17:50:07.702,0,15.6846,0
17:50:07.708,1,9.7146,0
17:50:07.714,2,3.3107,0
17:50:07.743,0,12.7604,0
17:50:07.747,1,7.7500,0
17:50:07.758,2,12.2061,0
17:50:07.836,0,5.7735,0
17:50:07.853,2,17.5556,0
17:50:07.861,1,12.9121,0
17:50:07.972,2,0.1158,1
17:50:07.982,0,63.4845,0
17:50:07.986,0,3.5844,0
17:50:07.995,2,7.1943,0
17:50:07.997,0,6.9623,0
17:50:07.999,2,4.5111,0
17:50:08.000,0,3.5419,0
17:50:08.005,1,36.4231,0
17:50:08.006,1,1.5287,0
17:50:08.008,1,1.8139,0
17:50:08.011,1,2.9133,0
17:50:08.020,1,6.2105,0
17:50:08.026,0,11.3005,0
17:50:08.034,2,12.5683,0
17:50:08.044,1,10.6133,0
17:50:08.060,0,9.8689,0
17:50:08.060,2,9.5124,0
17:50:08.073,1,12.6827,0
17:50:08.089,0,10.9762,0
17:50:08.092,2,6.9284,0
17:50:08.109,1,4.1849,0
17:50:08.124,0,11.6714,0
17:50:08.129,2,8.5616,0
17:50:08.152,1,9.5578,0
17:50:08.154,0,3.5606,0
17:50:08.164,2,12.0860,0
17:50:08.189,0,13.3300,0
17:50:08.200,1,14.4941,0
17:50:08.201,2,5.1848,0
17:50:08.220,0,14.0495,0
17:50:08.231,1,4.5683,0
17:50:08.234,2,7.4081,0
17:50:08.263,0,17.6822,0
17:50:08.275,1,11.8155,0
17:50:08.275,2,4.6980,0
17:50:08.304,0,6.3372,0
17:50:08.313,1,6.8939,0
17:50:08.318,2,4.6305,0
17:50:08.334,0,11.1955,0
17:50:08.353,1,12.9090,0
17:50:08.362,2,11.5371,0
17:50:08.381,0,15.8526,0
17:50:08.389,1,3.2136,0
17:50:08.391,2,12.9881,0
17:50:08.527,0,64.9088,0
17:50:08.529,0,2.0984,0
17:50:08.540,2,29.9431,0
17:50:08.553,2,2.3976,0
17:50:08.557,0,6.9401,0
17:50:08.559,2,6.2459,0
17:50:08.562,0,4.5116,0
17:50:08.568,1,57.1215,0
17:50:08.569,1,1.5171,0
17:50:08.571,1,1.9826,0
17:50:08.574,1,2.4333,0
17:50:08.575,2,4.3003,0
17:50:08.581,0,6.4685,0
17:50:08.586,1,9.6334,0
17:50:08.601,2,13.0480,0
17:50:08.612,0,9.9823,0
17:50:08.626,1,5.8858,0
17:50:08.629,2,8.8934,0
17:50:08.644,0,14.0385,0
17:50:08.671,1,12.6971,0
17:50:08.677,2,6.6710,0
17:50:08.698,0,12.6041,0
17:50:08.710,1,4.2919,0
17:50:08.713,2,6.3855,0
17:50:08.733,0,6.8989,0
17:50:08.748,1,4.6034,0
17:50:08.756,2,11.5599,0
17:50:08.779,0,14.3020,0
17:50:08.787,1,9.8812,0
17:50:08.802,2,7.5158,0
17:50:08.813,0,12.2763,0
17:50:08.832,1,13.3703,0
17:50:08.836,2,11.8152,0
17:50:08.856,0,6.1780,0
17:50:08.864,1,12.5744,0
17:50:08.868,2,8.6303,0
17:50:08.894,0,13.7474,0
17:50:08.908,1,11.8876,0
17:50:08.913,2,7.7716,0
17:50:08.937,0,11.1703,0
17:50:08.945,1,2.6092,0
17:50:08.952,2,3.9015,0
17:50:08.976,0,15.8376,0
17:50:08.980,1,2.1692,0
17:50:08.993,2,11.1518,0
17:50:09.147,0,77.1924,0
17:50:09.149,0,2.1221,0
17:50:09.156,2,86.3455,0
17:50:09.159,2,3.1503,0
17:50:09.164,0,4.0371,0
17:50:09.169,2,7.3674,0
17:50:09.170,0,5.4822,0
17:50:09.172,2,3.7275,0
17:50:09.174,0,3.4724,0
17:50:09.177,1,0.0461,1
17:50:09.181,1,1.9936,0
17:50:09.183,1,2.2939,0
17:50:09.186,1,3.1057,0
17:50:09.191,2,13.1938,0
17:50:09.217,0,16.8888,0
17:50:09.228,1,16.9630,0
17:50:09.235,2,10.7095,0
17:50:09.264,0,13.9049,0
17:50:09.274,1,12.7503,0
17:50:09.280,2,8.9397,0
17:50:09.303,0,12.8325,0
17:50:09.305,1,4.1424,0
17:50:09.317,2,12.1194,0
17:50:09.343,0,9.9761,0
17:50:09.349,1,8.4804,0
17:50:09.349,2,4.5898,0
17:50:09.377,0,9.0874,0
17:50:09.393,1,12.2440,0
17:50:09.396,2,6.5016,0
17:50:09.420,0,9.5904,0
17:50:09.429,1,13.6853,0
17:50:09.444,2,7.9065,0
17:50:09.454,0,10.2674,0
17:50:09.470,1,11.7798,0
17:50:09.478,2,12.6262,0
17:50:09.503,0,9.8385,0
17:50:09.511,1,11.1077,0
17:50:09.517,2,8.6445,0
17:50:09.543,0,9.7968,0
17:50:09.553,1,12.6273,0
17:50:09.557,2,7.4814,0
17:50:09.588,0,11.9134,0
17:50:09.593,2,3.1826,0
17:50:09.594,1,8.8684,0
17:50:09.744,0,71.6591,0
17:50:09.750,2,74.7839,0
17:50:09.754,0,3.2620,0
17:50:09.757,2,5.3331,0
17:50:09.760,0,6.1653,0
17:50:09.762,2,5.2357,0
17:50:09.766,1,42.4060,0
17:50:09.768,1,1.9808,0
17:50:09.769,0,8.4565,0
17:50:09.770,1,2.3443,0
17:50:09.773,1,2.8736,0
17:50:09.785,2,6.9471,0
17:50:09.876,1,7.3890,0
17:50:09.878,2,22.5343,0
17:50:09.879,0,9.7169,0
17:50:09.900,1,14.6257,0
17:50:09.902,0,5.4005,0
17:50:09.904,2,8.1902,0
17:50:09.925,0,15.0380,0
17:50:09.926,2,5.2963,0
17:50:09.927,1,4.7488,0
17:50:09.948,0,14.9432,0
17:50:09.949,2,6.4330,0
17:50:09.957,1,14.1879,0
17:50:09.979,0,12.7534,0
17:50:09.981,1,3.5008,0
17:50:09.981,2,4.1888,0
17:50:10.013,0,15.9169,0
17:50:10.015,1,4.7408,0
17:50:10.015,2,4.0472,0
17:50:10.038,0,13.1342,0
17:50:10.039,1,3.8084,0
17:50:10.040,2,4.4262,0
17:50:10.065,0,14.2018,0
17:50:10.067,1,6.6764,0
17:50:10.068,2,5.4614,0
17:50:10.094,0,8.0267,0
17:50:10.108,2,5.4303,0
17:50:10.110,1,7.5590,0
17:50:10.131,0,8.5451,0
17:50:10.153,2,10.4062,0
17:50:10.154,1,3.4702,0
17:50:10.185,0,10.1404,0
17:50:10.200,1,4.8158,0
17:50:10.202,2,16.1718,0
17:50:10.317,0,57.1541,0
17:50:10.328,0,5.7146,0
17:50:10.334,0,0.5823,1
17:50:10.335,2,0.2831,1
17:50:10.341,1,41.0527,0
17:50:10.345,1,3.7516,0
17:50:10.346,2,6.5956,0
17:50:10.351,1,0.0944,1
17:50:10.360,2,9.8533,0
17:50:10.365,0,9.1942,0
17:50:10.375,1,6.6773,0
17:50:10.385,2,14.6793,0
17:50:10.410,0,14.0899,0
17:50:10.429,1,4.1166,0
17:50:10.432,2,6.9497,0
17:50:10.458,0,13.1500,0
17:50:10.474,1,3.2599,0
17:50:10.474,2,13.9176,0
17:50:10.498,0,9.7146,0
17:50:10.517,1,12.0091,0
17:50:10.521,2,5.6248,0
17:50:10.550,0,17.0317,0
17:50:10.551,1,5.1944,0
17:50:10.562,2,9.1562,0
17:50:10.583,0,18.3722,0
17:50:10.600,1,14.0376,0
17:50:10.608,2,12.1405,0
17:50:10.624,0,12.8897,0
17:50:10.639,1,10.7000,0
17:50:10.642,2,6.4366,0
17:50:10.658,0,10.4096,0
17:50:10.673,1,10.2750,0
17:50:10.674,2,3.7706,0
17:50:10.704,1,3.7269,0
17:50:10.704,0,14.2979,0
17:50:10.706,2,4.6713,0
17:50:10.729,0,13.9644,0
17:50:10.749,1,13.4593,0
17:50:10.754,2,3.7197,0
17:50:10.780,0,12.4323,0
17:50:10.780,2,4.6870,0
17:50:10.791,1,13.7254,0
17:50:10.924,0,58.9318,0
17:50:10.927,0,2.9512,0
17:50:10.932,2,23.1379,0
17:50:10.936,2,3.5522,0
17:50:10.937,0,4.5080,0
17:50:10.944,2,7.9457,0
17:50:10.944,1,35.6660,0
17:50:10.946,0,5.3528,0
17:50:10.947,1,2.4741,0
17:50:10.949,1,2.6724,0
17:50:10.964,2,11.2582,0
17:50:10.976,1,3.5437,0
17:50:10.979,0,5.8230,0
17:50:10.985,2,10.3747,0
17:50:10.994,1,10.9784,0
17:50:11.021,0,13.3083,0
17:50:11.032,2,16.1199,0
17:50:11.032,1,5.5089,0
17:50:11.054,0,10.5470,0
17:50:11.074,1,11.1896,0
17:50:11.077,2,6.9245,0
17:50:11.099,0,5.5472,0
17:50:11.117,1,12.2023,0
17:50:11.122,2,7.0626,0
17:50:11.149,0,10.9015,0
17:50:11.157,1,12.6275,0
17:50:11.166,2,11.4305,0
17:50:11.192,1,6.0140,0
17:50:11.192,0,19.5817,0
17:50:11.204,2,16.3033,0
17:50:11.222,0,14.2602,0
17:50:11.237,1,18.2381,0
17:50:11.241,2,10.6341,0
17:50:11.259,0,11.5907,0
17:50:11.290,1,24.8889,0
17:50:11.291,2,5.4670,0
17:50:11.307,0,8.6000,0
17:50:11.318,1,3.7056,0
17:50:11.320,2,4.1415,0
17:50:11.338,0,7.9209,0
17:50:11.348,1,3.8442,0
17:50:11.358,2,12.7041,0
17:50:11.373,0,10.5202,0
17:50:11.394,1,13.6400,0
17:50:11.400,2,10.5856,0
17:50:11.500,0,52.9846,0
17:50:11.503,0,2.7023,0
17:50:11.534,2,47.4204,0
17:50:11.545,2,5.1497,0
17:50:11.545,0,7.2243,0
17:50:11.549,1,64.0145,0
17:50:11.549,2,4.7869,0
17:50:11.551,1,1.6244,0
17:50:11.551,0,6.1170,0
17:50:11.553,1,2.0779,0
17:50:11.555,1,2.0268,0
17:50:11.568,2,17.5466,0
17:50:11.579,1,3.0204,0
17:50:11.581,0,13.1544,0
17:50:11.606,2,15.4054,0
17:50:11.619,0,10.6137,0
17:50:11.640,1,14.2360,0
17:50:11.640,2,5.0063,0
17:50:11.669,0,14.1174,0
17:50:11.670,1,4.4697,0
17:50:11.672,2,4.5480,0
17:50:11.693,0,9.8322,0
17:50:11.708,1,7.4457,0
17:50:11.714,2,8.9114,0
17:50:11.733,0,13.7246,0
17:50:11.746,1,5.6786,0
17:50:11.759,2,16.8258,0
17:50:11.875,0,26.4456,0
17:50:11.876,2,8.4318,0
17:50:11.877,1,7.2455,0
17:50:11.889,0,10.1894,0
17:50:11.897,2,11.7591,0
17:50:11.904,1,13.6779,0
17:50:11.906,0,5.3890,0
17:50:11.940,2,14.3791,0
17:50:11.943,1,7.6435,0
17:50:11.944,0,6.7893,0
17:50:11.969,2,10.4281,0
17:50:11.972,1,6.0347,0
17:50:11.973,0,6.3142,0
17:50:12.000,2,6.4051,0
17:50:12.011,1,6.5574,0
17:50:12.013,0,7.0938,0
17:50:12.023,2,13.5263,0
17:50:12.047,1,6.4391,0
17:50:12.093,0,42.9903,0
17:50:12.102,2,20.5720,0
17:50:12.112,0,8.6177,0
17:50:12.112,2,6.5004,0
17:50:12.118,1,26.5059,0
17:50:12.121,1,3.4276,0
17:50:12.138,0,7.4500,0
17:50:12.140,1,5.1388,0
17:50:12.141,2,8.1939,0
17:50:12.167,1,5.9825,0
17:50:12.168,2,20.6809,0
17:50:12.170,0,8.5420,0
17:50:12.195,0,10.7725,0
17:50:12.198,1,7.8727,0
17:50:12.200,2,5.5013,0
17:50:12.227,0,5.0735,0
17:50:12.230,1,5.9451,0
17:50:12.234,2,9.0608,0
17:50:12.267,0,16.4122,0
17:50:12.271,1,7.9923,0
17:50:12.280,2,13.9845,0
17:50:12.296,0,13.2083,0
17:50:12.320,1,14.4520,0
17:50:12.321,2,5.7348,0
17:50:12.341,0,10.3247,0
17:50:12.364,2,13.0416,0
17:50:12.364,1,3.8578,0
17:50:12.386,0,13.5147,0
17:50:12.398,1,16.1567,0
17:50:12.401,2,4.9853,0
17:50:12.424,0,10.6731,0
17:50:12.434,2,9.9648,0
17:50:12.436,1,5.4597,0
17:50:12.453,0,10.3354,0
17:50:12.473,1,13.0056,0
17:50:12.478,2,7.0038,0
17:50:12.493,0,13.1191,0
17:50:12.519,1,13.7663,0
17:50:12.521,2,5.2854,0
17:50:12.537,0,8.3864,0
17:50:12.544,1,6.0098,0
17:50:12.560,2,5.3930,0
17:50:12.579,0,13.3494,0
17:50:12.598,1,7.5124,0
17:50:12.600,2,4.3168,0
17:50:12.724,0,64.3719,0
17:50:12.734,2,28.2247,0
17:50:12.739,0,7.0591,0
17:50:12.740,2,0.1000,1
17:50:12.744,0,0.0505,1
17:50:12.746,1,28.1396,0
17:50:12.748,1,1.9669,0
17:50:12.751,1,0.0771,1
17:50:12.753,2,4.9768,0
17:50:12.765,0,5.2335,0
17:50:12.785,1,14.1571,0
17:50:12.786,2,5.9903,0
17:50:12.803,0,10.8996,0
17:50:12.835,1,10.7580,0
17:50:12.840,2,9.2132,0
17:50:12.865,0,11.8094,0
17:50:12.878,2,12.5441,0
17:50:12.879,1,3.7713,0
17:50:12.904,0,14.2800,0
17:50:12.906,1,5.0182,0
17:50:12.913,2,3.5787,0
17:50:12.924,0,4.1414,0
17:50:12.950,1,12.2007,0
17:50:12.955,2,10.8952,0
17:50:12.981,0,15.1417,0
17:50:13.006,2,15.1500,0
17:50:13.008,1,7.3614,0
17:50:13.035,0,13.9008,0
17:50:13.036,2,6.0044,0
17:50:13.052,1,11.7660,0
17:50:13.073,0,12.9915,0
17:50:13.075,2,4.9517,0
17:50:13.080,1,8.8892,0
17:50:13.105,0,14.3534,0
17:50:13.107,2,6.2384,0
17:50:13.114,1,12.2829,0
17:50:13.139,0,11.5340,0
17:50:13.159,1,10.9057,0
17:50:13.166,2,11.5585,0
17:50:13.194,0,12.6491,0
17:50:13.199,1,13.1044,0
17:50:13.206,2,15.4182,0
17:50:13.316,0,51.3079,0
17:50:13.326,0,4.6788,0
17:50:13.327,2,26.0519,0
17:50:13.332,0,2.7415,0
17:50:13.333,2,5.3824,0
17:50:13.334,1,32.7109,0
17:50:13.338,1,0.0735,1
17:50:13.338,0,4.6105,0
17:50:13.340,2,6.9051,0
17:50:13.343,1,2.7188,0
17:50:13.368,0,5.1032,0
17:50:13.370,2,11.5507,0
17:50:13.388,1,12.3851,0
17:50:13.396,2,11.1063,0
17:50:13.411,0,15.5024,0
17:50:13.435,1,13.8373,0
17:50:13.435,2,5.0884,0
17:50:13.448,0,9.9536,0
17:50:13.469,1,5.9290,0
17:50:13.474,2,8.7722,0
17:50:13.498,0,10.3355,0
17:50:13.508,1,3.5781,0
17:50:13.510,2,4.9750,0
17:50:13.548,0,16.1237,0
17:50:13.558,1,14.2598,0
17:50:13.565,2,10.1411,0
17:50:13.577,0,9.6187,0
17:50:13.599,1,7.4819,0
17:50:13.600,2,4.5253,0
17:50:13.619,0,10.7849,0
17:50:13.641,2,15.1328,0
17:50:13.642,1,6.2207,0
17:50:13.665,0,8.8597,0
17:50:13.665,2,4.4494,0
17:50:13.669,1,7.3726,0
17:50:13.698,0,10.0190,0
17:50:13.711,1,8.7170,0
17:50:13.718,2,8.4462,0
17:50:13.733,0,13.2479,0
17:50:13.756,1,16.4051,0
17:50:13.756,2,5.5697,0
17:50:13.853,0,7.4446,0
17:50:13.867,1,7.2101,0
17:50:13.870,2,11.3942,0
17:50:14.000,0,82.9250,0
17:50:14.012,0,2.0827,0
17:50:14.027,2,109.1424,0
17:50:14.027,0,2.2214,0
17:50:14.029,2,2.2022,0
17:50:14.030,0,2.6871,0
17:50:14.032,2,2.4488,0
17:50:14.033,0,2.6876,0
17:50:14.035,2,2.9195,0
17:50:14.038,2,3.0507,0
17:50:14.042,1,106.1377,0
17:50:14.043,2,5.0775,0
17:50:14.044,1,2.2838,0
17:50:14.048,1,2.9661,0
17:50:14.050,0,7.6377,0
17:50:14.051,1,0.0632,1
17:50:14.058,1,4.6188,0
17:50:14.069,2,21.6665,0
17:50:14.079,0,11.6274,0
17:50:14.083,1,6.8840,0
17:50:14.108,0,15.4137,0
17:50:14.116,1,14.5457,0
17:50:14.118,2,7.7833,0
17:50:14.150,0,15.3322,0
17:50:14.155,1,9.4022,0
17:50:14.165,2,4.9437,0
17:50:14.173,0,11.8411,0
17:50:14.200,1,3.8364,0
17:50:14.209,2,12.5071,0
17:50:14.224,0,5.5952,0
17:50:14.228,1,8.4067,0
17:50:14.239,2,14.6190,0
17:50:14.258,0,12.3649,0
17:50:14.268,1,10.1565,0
17:50:14.273,2,8.6672,0
17:50:14.304,0,12.8696,0
17:50:14.316,1,12.7666,0
17:50:14.322,2,11.0742,0
17:50:14.339,0,22.0254,0
17:50:14.359,1,13.0287,0
17:50:14.362,2,6.3614,0
17:50:14.384,0,11.4728,0
17:50:14.386,1,5.0190,0
17:50:14.394,2,9.7094,0
17:50:14.509,0,52.1498,0
17:50:14.511,0,1.6580,0
17:50:14.536,0,3.4210,0
17:50:14.538,0,2.5875,0
17:50:14.543,1,46.7363,0
17:50:14.546,1,2.8538,0
17:50:14.550,2,53.8170,0
17:50:14.550,1,4.1018,0
17:50:14.553,2,2.5764,0
17:50:14.554,1,3.9805,0
17:50:14.556,2,3.3220,0
17:50:14.562,2,4.9358,0
17:50:14.567,0,8.8741,0
17:50:14.588,1,10.1169,0
17:50:14.590,2,5.4522,0
17:50:14.603,0,3.5968,0
17:50:14.624,1,8.5373,0
17:50:14.634,2,14.7102,0
17:50:14.650,0,12.1331,0
17:50:14.678,2,12.4373,0
17:50:14.680,1,5.7011,0
17:50:14.692,0,4.2494,0
17:50:14.709,2,11.1875,0
17:50:14.712,1,6.2119,0
17:50:14.731,0,8.3876,0
17:50:14.758,1,3.1998,0
17:50:14.759,2,13.1479,0
17:50:14.777,0,12.3408,0
17:50:14.799,1,13.2390,0
17:50:14.800,2,4.5668,0
17:50:14.825,0,14.9103,0
17:50:14.838,2,3.5177,0
17:50:14.839,1,10.5055,0
17:50:14.862,0,4.0209,0
17:50:14.868,1,3.1098,0
17:50:14.873,2,3.4141,0
17:50:14.898,0,10.0849,0
17:50:14.919,1,13.4480,0
17:50:14.920,2,4.6539,0
17:50:14.933,0,3.8959,0
17:50:14.958,2,12.5971,0
17:50:14.968,1,13.1509,0
17:50:15.001,0,4.6455,0
17:50:15.011,2,13.2020,0
17:50:15.015,1,5.1750,0
17:50:15.103,0,51.0220,0
17:50:15.115,0,4.5917,0
17:50:15.121,2,32.6288,0
17:50:15.124,2,2.8996,0
17:50:15.124,0,4.4889,0
17:50:15.125,1,36.2742,0
17:50:15.127,1,2.9135,0
17:50:15.128,2,3.4242,0
17:50:15.131,1,3.3124,0
17:50:15.144,0,4.2556,0
17:50:15.148,1,7.1614,0
17:50:15.150,2,5.5572,0
17:50:15.178,0,16.9313,0
17:50:15.185,1,4.2877,0
17:50:15.188,2,17.3465,0
17:50:15.232,0,15.1576,0
17:50:15.239,1,12.9636,0
17:50:15.240,2,4.8688,0
17:50:15.263,0,12.1304,0
17:50:15.275,1,5.3459,0
17:50:15.275,2,3.8135,0
17:50:15.296,0,13.5075,0
17:50:15.320,1,10.0945,0
17:50:15.332,2,16.8909,0
17:50:15.349,1,11.4972,0
17:50:15.352,2,5.8890,0
17:50:15.352,0,6.8156,0
17:50:15.387,0,16.1493,0
17:50:15.394,1,13.3644,0
17:50:15.409,2,18.7633,0
17:50:15.414,0,9.7687,0
17:50:15.435,1,14.8865,0
17:50:15.437,2,5.6984,0
17:50:15.457,0,14.3393,0
17:50:15.478,1,12.7720,0
17:50:15.479,2,3.8190,0
17:50:15.502,0,8.7130,0
17:50:15.506,2,6.2782,0
17:50:15.513,1,10.1182,0
17:50:15.537,0,8.9255,0
17:50:15.556,2,5.1532,0
17:50:15.563,1,3.6861,0
17:50:15.572,0,12.5321,0
17:50:15.600,1,11.3926,0
17:50:15.601,2,5.0257,0
17:50:15.719,0,51.5067,0
17:50:15.727,0,4.8998,0
17:50:15.729,2,24.8142,0
17:50:15.730,0,2.9260,0
17:50:15.732,2,2.7336,0
17:50:15.734,1,0.0858,1
17:50:15.735,2,2.6121,0
17:50:15.739,1,2.7244,0
17:50:15.763,2,19.9077,0
17:50:15.764,0,4.1901,0
17:50:15.769,1,8.8417,0
17:50:15.826,0,13.0804,0
17:50:15.830,2,9.2738,0
17:50:15.850,1,8.3207,0
17:50:15.854,0,8.9065,0
17:50:15.855,2,5.0247,0
17:50:15.885,1,14.5982,0
17:50:15.885,2,3.8905,0
17:50:15.896,0,13.8553,0
17:50:15.909,1,5.7321,0
17:50:15.924,2,18.1675,0
17:50:15.926,0,5.4465,0
17:50:15.951,2,5.5395,0
17:50:15.952,1,14.5073,0
17:50:15.962,0,9.6125,0
17:50:15.984,1,14.1309,0
17:50:16.004,0,3.6356,0
17:50:16.004,2,13.6534,0
17:50:16.019,1,15.8161,0
17:50:16.033,0,10.4146,0
17:50:16.039,2,4.4115,0
17:50:16.048,1,12.9671,0
17:50:16.066,0,15.8189,0
17:50:16.073,2,12.2187,0
17:50:16.078,1,7.7337,0
17:50:16.095,0,12.5301,0
17:50:16.102,2,8.9040,0
17:50:16.114,1,14.0005,0
17:50:16.146,0,13.4398,0
17:50:16.168,2,13.2728,0
17:50:16.179,1,13.5103,0
17:50:16.189,0,14.0003,0
17:50:16.205,2,17.8182,0
17:50:16.217,1,17.1144,0
17:50:16.278,0,42.5165,0
17:50:16.287,0,2.3394,0
17:50:16.289,2,0.0729,1
17:50:16.290,0,2.6161,0
17:50:16.295,1,17.6528,0
17:50:16.298,1,3.0243,0
17:50:16.308,2,10.5640,0
17:50:16.319,1,14.6294,0
17:50:16.335,0,6.4894,0
17:50:16.364,2,3.7238,0
17:50:16.365,1,14.3227,0
17:50:16.368,0,5.9697,0
17:50:16.392,1,9.0202,0
17:50:16.402,2,16.0642,0
17:50:16.414,0,10.9663,0
17:50:16.435,2,16.9994,0
17:50:16.445,1,14.5028,0
17:50:16.458,0,10.3713,0
17:50:16.479,2,3.9878,0
17:50:16.479,1,11.4329,0
17:50:16.503,0,13.7463,0
17:50:16.508,2,7.8962,0
17:50:16.509,1,4.5715,0
17:50:16.527,0,14.3731,0
17:50:16.544,1,11.2304,0
17:50:16.562,2,16.4956,0
17:50:16.576,0,15.9937,0
17:50:16.595,2,11.8428,0
17:50:16.597,1,6.3036,0
17:50:16.625,0,19.8047,0
17:50:16.639,1,13.9251,0
17:50:16.642,2,6.4530,0
17:50:16.659,0,3.7597,0
17:50:16.678,1,11.8599,0
17:50:16.679,2,4.2378,0
17:50:16.692,0,12.1881,0
17:50:16.711,2,8.5448,0
17:50:16.723,1,10.5457,0
17:50:16.741,0,4.7276,0
17:50:16.753,1,2.9260,0
17:50:16.754,2,11.0658,0
17:50:16.774,0,11.3211,0
17:50:16.798,1,10.1189,0
17:50:16.814,2,20.0915,0
17:50:16.926,0,0.0942,1
17:50:16.935,2,27.4346,0
17:50:16.937,2,1.6986,0
17:50:16.937,0,3.8627,0
17:50:16.940,0,2.8418,0
17:50:16.940,2,3.6861,0
17:50:16.950,1,0.0770,1
17:50:16.954,1,2.1912,0
17:50:16.957,1,2.7481,0
17:50:16.959,2,10.7020,0
17:50:16.967,0,6.8456,0
17:50:16.988,2,18.1013,0
17:50:16.988,1,7.3720,0
17:50:17.007,0,14.6583,0
17:50:17.025,1,15.0812,0
17:50:17.031,2,10.1764,0
17:50:17.059,0,8.1612,0
17:50:17.069,2,4.1302,0
17:50:17.080,1,4.6625,0
17:50:17.104,0,11.4081,0
17:50:17.114,2,3.9446,0
17:50:17.114,1,13.4688,0
17:50:17.140,0,12.4230,0
17:50:17.153,2,10.6793,0
17:50:17.154,1,3.7083,0
17:50:17.173,0,12.0318,0
17:50:17.189,1,10.4074,0
17:50:17.202,2,17.1017,0
17:50:17.218,0,9.4208,0
17:50:17.235,2,11.4437,0
17:50:17.240,1,9.5705,0
17:50:17.272,0,3.6373,0
17:50:17.278,1,8.7032,0
17:50:17.278,2,3.6642,0
17:50:17.317,0,22.3455,0
17:50:17.323,1,9.9127,0
17:50:17.324,2,4.1344,0
17:50:17.348,0,13.2658,0
17:50:17.365,1,12.8038,0
17:50:17.366,2,5.5485,0
17:50:17.382,0,5.8581,0
17:50:17.398,1,14.9887,0
17:50:17.411,2,10.3434,0
17:50:17.480,0,55.6295,0
17:50:17.487,0,3.5985,0
17:50:17.497,2,31.8754,0
17:50:17.498,0,3.2913,0
17:50:17.500,2,2.3538,0
17:50:17.503,2,2.8682,0
17:50:17.505,1,39.5474,0
17:50:17.508,1,2.6206,0
17:50:17.521,1,5.0111,0
17:50:17.537,0,11.3835,0
17:50:17.550,2,11.8814,0
17:50:17.552,1,7.6500,0
17:50:17.575,0,6.4512,0
17:50:17.600,1,14.5693,0
17:50:17.601,2,5.9799,0
17:50:17.633,0,17.2700,0
17:50:17.646,2,13.3927,0
17:50:17.647,1,4.6702,0
17:50:17.659,0,10.9988,0
17:50:17.684,1,13.3142,0
17:50:17.685,2,4.9973,0
17:50:17.709,0,14.1468,0
17:50:17.711,1,5.4219,0
17:50:17.714,2,7.9104,0
17:50:17.739,0,14.6851,0
17:50:17.761,1,16.0277,0
17:50:17.763,2,6.9579,0
17:50:17.848,0,15.7708,0
17:50:17.856,2,9.1004,0
17:50:17.866,1,14.7460,0
17:50:17.870,2,4.6175,0
17:50:17.871,0,6.1527,0
17:50:17.894,1,10.5087,0
17:50:17.901,2,6.4550,0
17:50:17.902,0,11.5575,0
17:50:17.930,1,15.0623,0
17:50:17.930,0,5.1895,0
17:50:17.934,2,7.5637,0
17:50:17.955,0,12.2522,0
17:50:17.958,1,6.7738,0
17:50:17.958,2,3.6003,0
17:50:17.972,0,8.8168,0
17:50:17.980,1,10.1866,0
17:50:17.983,2,8.4538,0
17:50:17.999,1,11.1855,0
17:50:18.127,0,62.5863,0
17:50:18.138,1,29.5493,0
17:50:18.140,1,1.6414,0
17:50:18.141,0,3.0792,0
17:50:18.142,1,1.7580,0
17:50:18.143,0,2.5519,0
17:50:18.145,1,2.8794,0
17:50:18.147,0,3.2174,0
17:50:18.151,2,32.2262,0
17:50:18.153,2,1.7927,0
17:50:18.155,2,1.9663,0
17:50:18.157,2,2.1978,0
17:50:18.168,0,3.7030,0
17:50:18.189,2,9.9616,0
17:50:18.193,1,4.5678,0
17:50:18.220,0,14.4195,0
17:50:18.235,1,14.9723,0
17:50:18.237,2,6.5183,0
17:50:18.259,0,11.1546,0
17:50:18.269,2,13.4949,0
17:50:18.270,1,4.4764,0
17:50:18.303,0,12.8013,0
17:50:18.316,2,13.6286,0
17:50:18.318,1,4.7153,0
17:50:18.343,0,9.6157,0
17:50:18.353,1,9.7979,0
17:50:18.357,2,7.2326,0
17:50:18.378,0,4.8460,0
17:50:18.400,1,4.0730,0
17:50:18.402,2,14.4489,0
17:50:18.427,0,16.3945,0
17:50:18.436,2,10.5994,0
17:50:18.437,1,5.0935,0
17:50:18.454,0,11.2708,0
17:50:18.473,1,9.1875,0
17:50:18.475,2,5.0559,0
17:50:18.497,0,9.4463,0
17:50:18.518,1,3.1025,0
17:50:18.520,2,14.9470,0
17:50:18.538,0,7.3352,0
17:50:18.564,1,13.8314,0
17:50:18.566,2,5.9639,0
17:50:18.567,0,5.2202,0
17:50:18.593,1,13.1429,0
17:50:18.598,2,7.4724,0
17:50:18.706,0,0.0854,1
17:50:18.708,0,0.0516,0
17:50:18.737,2,46.3701,0
17:50:18.738,2,0.1881,1
17:50:18.741,0,5.1441,0
17:50:18.745,2,3.5326,0
17:50:18.752,1,0.0785,1
17:50:18.754,1,0.2195,0
17:50:18.765,1,3.9570,0
17:50:18.768,0,5.3263,0
17:50:18.792,2,15.1602,0
17:50:18.795,1,6.6961,0
17:50:18.820,0,14.2373,0
17:50:18.836,2,5.2497,0
17:50:18.836,1,5.1676,0
17:50:18.862,0,11.9885,0
17:50:18.883,2,11.9554,0
17:50:18.886,1,6.3558,0
17:50:18.901,0,8.3779,0
17:50:18.916,1,2.6970,0
17:50:18.918,2,18.4630,0
17:50:18.932,0,9.9918,0
17:50:18.954,1,3.6026,0
17:50:18.954,2,9.1597,0
17:50:18.985,0,17.4230,0
17:50:18.987,2,3.9485,0
17:50:18.994,1,9.2371,0
17:50:19.021,0,16.0552,0
17:50:19.039,1,11.3740,0
17:50:19.045,2,8.5016,0
17:50:19.068,0,12.9505,0
17:50:19.070,1,4.2854,0
17:50:19.073,2,5.0246,0
17:50:19.087,0,8.7236,0
17:50:19.100,2,2.5096,0
17:50:19.108,1,3.7431,0
17:50:19.133,0,12.8088,0
17:50:19.149,1,10.9752,0
17:50:19.150,2,4.4535,0
17:50:19.182,0,5.8086,0
17:50:19.190,1,4.0705,0
17:50:19.194,2,4.3688,0
17:50:19.353,0,80.8250,0
17:50:19.356,0,2.4070,0
17:50:19.358,0,1.9352,0
17:50:19.359,0,1.6458,0
17:50:19.361,1,48.8730,0
17:50:19.363,1,1.8647,0
17:50:19.369,0,1.8107,0
17:50:19.369,2,35.9560,0
17:50:19.371,2,0.1501,1
17:50:19.371,1,8.2109,0
17:50:19.373,1,2.0170,0
17:50:19.374,2,1.7939,0
17:50:19.377,2,3.1419,0
17:50:19.380,1,4.5753,0
17:50:19.403,0,5.3604,0
17:50:19.430,2,11.7692,0
17:50:19.434,1,8.2548,0
17:50:19.445,0,4.4427,0
17:50:19.476,1,15.0299,0
17:50:19.476,2,3.5595,0
17:50:19.494,0,12.2818,0
17:50:19.505,1,9.2914,0
17:50:19.512,2,2.7101,0
17:50:19.533,0,12.5391,0
17:50:19.549,2,4.5339,0
17:50:19.550,1,14.1541,0
17:50:19.567,0,8.9271,0
17:50:19.585,2,4.2137,0
17:50:19.592,1,7.4865,0
17:50:19.604,0,3.5725,0
17:50:19.629,1,4.0877,0
17:50:19.634,2,8.1020,0
17:50:19.661,0,10.4194,0
17:50:19.678,2,12.6401,0
17:50:19.679,1,3.8461,0
17:50:19.703,0,8.3534,0
17:50:19.709,1,3.9719,0
17:50:19.709,2,3.6363,0
17:50:19.720,0,6.7019,0
17:50:19.743,2,10.9298,0
17:50:19.744,1,3.9535,0
17:50:19.840,0,9.7893,0
17:50:19.871,1,12.9593,0
17:50:19.872,2,5.4610,0
17:50:19.986,0,0.0859,1
17:50:20.004,1,35.3320,0
17:50:20.008,0,2.9323,0
17:50:20.008,1,4.3315,0
17:50:20.012,0,3.5760,0
17:50:20.015,0,2.9977,0
17:50:20.016,1,7.6828,0
17:50:20.020,1,3.1681,0
17:50:20.022,2,0.0752,1
17:50:20.024,2,0.1137,0
17:50:20.027,0,3.4806,0
17:50:20.028,2,2.2242,0
17:50:20.038,2,9.6881,0
17:50:20.041,1,6.0508,0
17:50:20.051,0,7.3076,0
17:50:20.064,2,10.0100,0
17:50:20.076,1,16.2219,0
17:50:20.096,2,20.3164,0
17:50:20.096,0,4.3609,0
17:50:20.096,1,4.6937,0
17:50:20.119,2,5.2283,0
17:50:20.119,1,4.6580,0
17:50:20.132,0,7.0050,0
17:50:20.144,1,3.0767,0
17:50:20.152,2,3.7858,0
17:50:20.172,0,13.9558,0
17:50:20.193,1,13.3179,0
17:50:20.194,2,3.6544,0
17:50:20.209,0,6.1846,0
17:50:20.222,2,9.8872,0
17:50:20.239,1,19.5148,0
17:50:20.254,0,11.5663,0
17:50:20.279,1,15.5125,0
17:50:20.283,2,7.7848,0
17:50:20.304,1,7.1163,0
17:50:20.304,0,16.3134,0
17:50:20.321,2,15.9751,0
17:50:20.332,0,9.1277,0
17:50:20.354,2,10.7510,0
17:50:20.354,1,2.9252,0
17:50:20.377,0,11.7090,0
17:50:20.378,2,3.3324,0
17:50:20.384,1,8.3857,0
17:50:20.574,0,0.5550,1
17:50:20.576,0,0.7416,0
17:50:20.581,0,2.1268,0
17:50:20.583,1,31.4785,0
17:50:20.584,0,2.9375,0
17:50:20.585,1,1.8531,0
17:50:20.598,1,13.0076,0
17:50:20.600,2,48.9770,0
17:50:20.601,1,3.1888,0
17:50:20.603,2,0.0632,1
17:50:20.606,1,4.9353,0
17:50:20.610,2,3.8650,0
17:50:20.615,2,4.6339,0
17:50:20.620,0,15.0345,0
17:50:20.629,1,11.8880,0
17:50:20.630,2,4.4023,0
17:50:20.650,0,11.2777,0
17:50:20.675,2,4.2327,0
17:50:20.675,1,14.2257,0
17:50:20.692,0,4.2496,0
17:50:20.702,2,2.4824,0
17:50:20.712,1,11.8943,0
17:50:20.738,0,12.4057,0
17:50:20.756,2,13.6652,0
17:50:20.757,1,5.8992,0
17:50:20.772,0,9.3877,0
17:50:20.789,1,13.7908,0
17:50:20.790,2,5.2412,0
17:50:20.819,0,12.6655,0
17:50:20.834,2,3.5811,0
17:50:20.835,1,13.3497,0
17:50:20.851,0,10.6762,0
17:50:20.869,2,13.9291,0
17:50:20.871,1,5.8400,0
17:50:20.883,0,4.8383,0
17:50:20.903,2,3.1614,0
17:50:20.914,1,13.1511,0
17:50:20.939,0,13.9011,0
17:50:20.951,1,15.2116,0
17:50:20.958,2,12.9386,0
17:50:20.978,0,12.8874,0
17:50:20.996,1,7.7897,0
17:50:20.997,2,7.0362,0
17:50:21.159,0,0.1160,1
17:50:21.165,0,0.0454,1
17:50:21.171,2,34.1109,0
17:50:21.173,2,1.5260,0
17:50:21.174,0,4.8390,0
17:50:21.175,2,0.0627,1
17:50:21.178,1,27.4965,0
17:50:21.180,2,2.8557,0
17:50:21.180,1,2.2679,0
17:50:21.184,1,4.3779,0
17:50:21.188,1,3.6523,0
17:50:21.201,1,11.9491,0
17:50:21.202,0,5.7880,0
17:50:21.236,2,15.2362,0
17:50:21.236,1,3.7910,0
17:50:21.243,0,5.1532,0
17:50:21.272,1,19.8808,0
17:50:21.275,2,7.8111,0
17:50:21.298,0,11.9053,0
17:50:21.313,1,10.0536,0
17:50:21.317,2,7.7837,0
17:50:21.342,0,14.1067,0
17:50:21.347,2,7.5664,0
17:50:21.352,1,7.8057,0
17:50:21.377,0,11.7162,0
17:50:21.393,2,3.2110,0
17:50:21.394,1,10.3128,0
17:50:21.424,0,5.1493,0
17:50:21.430,1,10.7627,0
17:50:21.443,2,6.8058,0
17:50:21.457,0,8.7882,0
17:50:21.475,1,14.7709,0
17:50:21.477,2,6.0030,0
17:50:21.504,0,13.8656,0
17:50:21.512,2,11.5071,0
17:50:21.518,1,12.5432,0
17:50:21.546,0,8.1479,0
17:50:21.559,1,10.8932,0
17:50:21.559,2,3.1628,0
17:50:21.582,0,8.9053,0
17:50:21.594,1,14.3878,0
17:50:21.609,2,3.7008,0
17:50:21.757,0,80.2174,0
17:50:21.761,0,3.8967,0
17:50:21.762,1,27.0944,0
17:50:21.769,1,5.5628,0
17:50:21.770,0,4.1118,0
17:50:21.774,0,4.6409,0
17:50:21.776,1,6.9149,0
17:50:21.780,1,3.8946,0
17:50:21.786,2,50.7396,0
17:50:21.788,2,2.2874,0
17:50:21.797,2,8.0945,0
17:50:21.801,2,4.1555,0
17:50:21.835,0,14.3345,0
17:50:21.851,2,12.9406,0
17:50:21.860,0,3.3336,0
17:50:21.862,1,16.2883,0
17:50:21.879,2,14.3115,0
17:50:21.880,1,4.5268,0
17:50:21.890,0,12.8257,0
17:50:21.906,2,10.0974,0
17:50:21.913,1,11.8210,0
17:50:21.922,0,16.9217,0
17:50:21.939,2,10.5121,0
17:50:21.944,1,4.1679,0
17:50:21.956,0,5.9362,0
17:50:21.971,2,12.8516,0
17:50:21.977,1,11.2999,0
17:50:21.983,0,10.2754,0
17:50:22.000,2,4.1791,0
17:50:22.003,1,6.2401,0
17:50:22.018,0,11.2750,0
17:50:22.029,1,4.5488,0
17:50:22.045,2,15.5559,0
17:50:22.063,0,12.6213,0
17:50:22.079,2,18.4540,0
17:50:22.079,1,7.6235,0
17:50:22.113,0,12.5980,0
17:50:22.118,1,8.0039,0
17:50:22.120,2,5.1957,0
17:50:22.135,0,18.6221,0
17:50:22.154,1,10.6035,0
17:50:22.156,2,6.4645,0
17:50:22.171,0,7.3653,0
17:50:22.189,1,14.6121,0
17:50:22.199,2,13.0395,0
17:50:22.346,0,69.3893,0
17:50:22.360,2,78.0010,0
17:50:22.362,2,2.1140,0
17:50:22.364,0,3.7657,0
17:50:22.368,0,3.9342,0
17:50:22.369,2,0.1432,1
17:50:22.372,0,3.3678,0
17:50:22.374,1,30.0814,0
17:50:22.375,0,2.8022,0
17:50:22.377,1,2.6426,0
17:50:22.379,2,4.8567,0
17:50:22.381,1,4.2933,0
17:50:22.385,1,3.3360,0
17:50:22.391,1,6.5990,0
17:50:22.415,0,14.7608,0
17:50:22.435,2,12.6177,0
17:50:22.440,1,9.8173,0
17:50:22.454,0,18.7272,0
17:50:22.474,2,11.3820,0
17:50:22.476,1,5.0352,0
17:50:22.499,0,3.2692,0
17:50:22.509,1,13.2942,0
17:50:22.516,2,10.1385,0
17:50:22.544,0,14.7720,0
17:50:22.560,1,4.8759,0
17:50:22.567,2,9.4449,0
17:50:22.584,0,12.9580,0
17:50:22.604,1,14.5842,0
17:50:22.605,2,4.5459,0
17:50:22.622,0,6.8538,0
17:50:22.643,1,14.5033,0
17:50:22.648,2,11.8191,0
17:50:22.659,0,9.5534,0
17:50:22.663,1,8.1510,0
17:50:22.684,2,11.3291,0
17:50:22.702,0,12.1083,0
17:50:22.717,1,11.6083,0
17:50:22.724,2,9.6768,0
17:50:22.733,0,2.3409,0
17:50:22.759,2,3.2216,0
17:50:22.759,1,14.4215,0
17:50:22.767,0,3.9669,0
17:50:22.789,1,6.3103,0
17:50:22.803,2,3.2386,0
17:50:22.943,0,73.0227,0
17:50:22.945,1,20.7421,0
17:50:22.948,0,4.4863,0
17:50:22.949,1,3.5089,0
17:50:22.951,0,2.5758,0
17:50:22.954,0,2.6471,0
17:50:22.955,1,0.0668,1
17:50:22.961,2,0.0986,1
17:50:22.965,2,2.6042,0
17:50:22.968,2,2.4648,0
17:50:22.981,0,8.3811,0
17:50:22.994,1,3.7683,0
17:50:22.994,2,3.6448,0
17:50:23.019,0,8.2650,0
17:50:23.042,2,15.9779,0
17:50:23.045,1,8.3450,0
17:50:23.063,0,5.5701,0
17:50:23.089,2,12.6167,0
17:50:23.094,1,9.2836,0
17:50:23.105,0,18.8244,0
17:50:23.129,2,10.6200,0
17:50:23.130,1,4.6632,0
17:50:23.138,0,10.9447,0
17:50:23.159,2,4.3986,0
17:50:23.161,1,15.4302,0
17:50:23.168,0,5.2080,0
17:50:23.177,2,4.1421,0
17:50:23.190,1,12.0052,0
17:50:23.215,0,11.3818,0
17:50:23.238,1,7.3409,0
17:50:23.250,2,6.7158,0
17:50:23.252,0,3.8865,0
17:50:23.279,1,5.6792,0
17:50:23.291,2,3.9416,0
17:50:23.300,0,2.5507,0
17:50:23.325,1,4.8549,0
17:50:23.326,2,4.4646,0
17:50:23.341,0,11.2846,0
17:50:23.359,1,10.7947,0
17:50:23.359,2,4.2966,0
17:50:23.373,0,2.2346,0
17:50:23.404,2,14.0685,0
17:50:23.406,1,6.4583,0
17:50:23.511,0,56.3967,0
17:50:23.514,0,3.3359,0
17:50:23.520,2,27.7499,0
17:50:23.521,0,3.5662,0
17:50:23.522,2,2.5800,0
17:50:23.528,2,6.1824,0
17:50:23.529,1,37.1155,0
17:50:23.532,1,2.8558,0
17:50:23.539,1,4.3023,0
17:50:23.539,0,4.0355,0
17:50:23.550,2,7.2191,0
17:50:23.565,1,15.8900,0
17:50:23.565,0,5.7132,0
17:50:23.596,2,5.0761,0
17:50:23.596,1,3.9272,0
17:50:23.625,0,14.2166,0
17:50:23.637,1,13.5817,0
17:50:23.643,2,6.3099,0
17:50:23.678,0,9.7894,0
17:50:23.685,2,5.8878,0
17:50:23.687,1,6.0001,0
17:50:23.717,0,8.8989,0
17:50:23.728,1,3.7909,0
17:50:23.730,2,4.7036,0
17:50:23.764,0,13.1735,0
17:50:23.765,2,4.4184,0
17:50:23.773,1,9.2690,0
17:50:23.837,0,17.0455,0
17:50:23.847,2,16.0588,0
17:50:23.856,1,14.3814,0
17:50:23.872,2,16.7724,0
17:50:23.878,0,11.9345,0
17:50:23.878,1,6.9924,0
17:50:23.889,0,4.5642,0
17:50:23.891,2,12.8192,0
17:50:23.895,1,9.6151,0
17:50:23.912,0,22.0022,0
17:50:23.912,2,6.8480,0
17:50:23.927,1,4.2597,0
17:50:23.943,0,4.4056,0
17:50:23.944,2,4.6734,0
17:50:23.952,1,11.1446,0
17:50:23.983,0,12.5293,0
17:50:24.003,2,12.8982,0
17:50:24.005,1,4.3055,0
17:50:24.114,0,49.6715,0
17:50:24.125,1,54.7832,0
17:50:24.128,1,2.5544,0
17:50:24.128,0,4.0905,0
17:50:24.131,0,2.9411,0
17:50:24.139,2,26.5647,0
17:50:24.142,2,3.3378,0
17:50:24.143,1,14.8703,0
17:50:24.145,2,3.3474,0
17:50:24.159,0,3.8808,0
17:50:24.162,2,16.3475,0
17:50:24.171,1,5.2010,0
17:50:24.200,0,9.8660,0
17:50:24.201,1,5.9750,0
17:50:24.209,2,12.5189,0
17:50:24.227,1,5.8799,0
17:50:24.229,0,16.3509,0
17:50:24.235,2,13.3791,0
17:50:24.259,0,12.1071,0
17:50:24.280,1,3.8575,0
17:50:24.280,2,14.5187,0
17:50:24.303,0,10.7534,0
17:50:24.325,2,14.9289,0
17:50:24.325,1,4.9189,0
17:50:24.355,0,15.0876,0
17:50:24.363,2,12.6621,0
17:50:24.375,1,15.0856,0
17:50:24.396,0,4.3967,0
17:50:24.407,2,5.9847,0
17:50:24.411,1,5.7602,0
17:50:24.429,0,14.1935,0
17:50:24.433,2,7.2269,0
17:50:24.435,1,7.3813,0
17:50:24.458,0,6.7463,0
17:50:24.479,2,10.9926,0
17:50:24.480,1,4.7620,0
17:50:24.499,0,3.2864,0
17:50:24.515,2,4.8114,0
17:50:24.529,1,16.9387,0
17:50:24.549,0,13.5453,0
17:50:24.569,2,18.5604,0
17:50:24.570,1,5.2076,0
17:50:24.594,0,13.4868,0
17:50:24.595,2,4.2273,0
17:50:24.603,1,4.2022,0
17:50:24.741,1,63.8663,0
17:50:24.747,1,2.5329,0
17:50:24.750,1,2.8119,0
17:50:24.753,1,2.7401,0
17:50:24.755,0,72.4625,0
17:50:24.758,0,2.5301,0
17:50:24.758,2,0.0463,1
17:50:24.761,0,3.2854,0
17:50:24.763,2,2.8525,0
17:50:24.764,0,2.7052,0
17:50:24.766,2,2.5736,0
17:50:24.780,0,14.7655,0
17:50:24.781,2,5.6936,0
17:50:24.788,1,11.0271,0
17:50:24.816,0,10.9361,0
17:50:24.841,2,15.9683,0
17:50:24.846,1,10.3099,0
17:50:24.874,0,11.1616,0
17:50:24.876,1,5.3186,0
17:50:24.886,2,14.2822,0
17:50:24.921,2,16.0506,0
17:50:24.923,0,5.0230,0
17:50:24.925,1,5.8483,0
17:50:24.955,2,4.6355,0
17:50:24.956,0,13.2718,0
17:50:24.962,1,9.4873,0
17:50:24.982,0,9.6397,0
17:50:25.003,1,3.2838,0
17:50:25.005,2,14.8066,0
17:50:25.036,0,16.0497,0
17:50:25.043,1,12.5822,0
17:50:25.044,2,4.8723,0
17:50:25.075,0,14.3687,0
17:50:25.080,2,10.2348,0
17:50:25.083,1,7.2760,0
17:50:25.118,0,12.3323,0
17:50:25.121,2,6.4828,0
17:50:25.122,1,4.0087,0
17:50:25.138,0,5.0238,0
17:50:25.157,2,6.5456,0
17:50:25.169,1,4.3726,0
17:50:25.174,0,6.0513,0
17:50:25.199,2,14.2725,0
17:50:25.202,1,6.1190,0
17:50:25.292,0,48.3006,0
17:50:25.296,0,4.2078,0
17:50:25.303,2,24.5505,0
17:50:25.305,0,2.6617,0
17:50:25.305,2,2.3058,0
17:50:25.308,2,2.5178,0
17:50:25.312,1,0.0684,1
17:50:25.315,1,0.0610,0
17:50:25.332,0,11.2189,0
17:50:25.340,1,4.3039,0
17:50:25.353,2,15.9944,0
17:50:25.380,0,6.9575,0
17:50:25.400,2,11.2584,0
17:50:25.402,1,6.2833,0
17:50:25.443,2,5.5112,0
17:50:25.443,1,5.7801,0
17:50:25.443,0,18.0604,0
17:50:25.479,0,8.8503,0
17:50:25.488,2,11.7000,0
17:50:25.494,1,9.2843,0
17:50:25.523,0,17.7599,0
17:50:25.528,1,3.7231,0
17:50:25.529,2,12.5367,0
17:50:25.553,0,18.3014,0
17:50:25.555,1,6.6242,0
17:50:25.555,2,5.5359,0
17:50:25.589,0,5.8506,0
17:50:25.609,1,15.5977,0
17:50:25.611,2,8.4303,0
17:50:25.617,0,14.8409,0
17:50:25.639,2,13.0872,0
17:50:25.639,1,8.5072,0
17:50:25.665,0,11.5356,0
17:50:25.675,1,14.5893,0
17:50:25.683,2,12.8443,0
17:50:25.707,0,6.5204,0
17:50:25.718,2,10.0602,0
17:50:25.720,1,5.3907,0
17:50:25.739,0,11.6520,0
17:50:25.765,2,3.8779,0
17:50:25.766,1,15.6023,0
17:50:25.848,0,4.8850,0
17:50:25.864,1,4.6530,0
17:50:25.864,2,20.0003,0
17:50:26.018,0,0.0843,1
17:50:26.026,2,88.6662,0
17:50:26.028,2,2.3155,0
17:50:26.038,2,3.4485,0
17:50:26.039,0,4.5690,0
17:50:26.048,0,4.7358,0
17:50:26.052,1,95.5082,0
17:50:26.054,1,2.5553,0
17:50:26.057,1,2.8842,0
17:50:26.059,2,4.0977,0
17:50:26.060,1,2.4387,0
17:50:26.093,0,2.8162,0
17:50:26.093,1,12.3604,0
17:50:26.101,2,10.4305,0
17:50:26.123,1,6.6153,0
17:50:26.131,0,4.7560,0
17:50:26.131,2,5.3300,0
17:50:26.151,1,4.9119,0
17:50:26.179,0,19.6997,0
17:50:26.181,2,5.6673,0
17:50:26.197,1,12.1663,0
17:50:26.213,2,3.1198,0
17:50:26.217,0,6.5464,0
17:50:26.237,1,8.8836,0
17:50:26.255,0,11.6142,0
17:50:26.256,2,4.9087,0
17:50:26.266,1,3.0065,0
17:50:26.299,0,3.2696,0
17:50:26.309,2,11.7091,0
17:50:26.320,1,14.6873,0
17:50:26.355,0,15.0798,0
17:50:26.364,2,13.1582,0
17:50:26.380,1,15.3365,0
17:50:26.393,0,9.9157,0
17:50:26.403,2,2.7266,0
17:50:26.443,1,7.1965,0
17:50:26.464,0,13.8533,0
17:50:26.464,2,4.7321,0
17:50:26.504,1,11.7091,0
17:50:26.524,2,13.4419,0
17:50:26.535,0,14.5579,0
17:50:26.552,1,9.8458,0
17:50:26.583,2,10.7236,0
17:50:26.592,0,9.4992,0
17:50:26.730,1,60.3991,0
17:50:26.767,1,3.6006,0
17:50:26.775,2,53.3879,0
17:50:26.785,1,4.7416,0
17:50:26.795,0,30.9518,0
17:50:26.799,2,13.8030,0
17:50:26.814,0,14.9943,0
17:50:26.835,1,5.3924,0
17:50:26.856,0,15.7786,0
17:50:26.857,2,5.9523,0
17:50:26.895,1,14.8666,0
17:50:26.896,2,5.6257,0
17:50:26.900,0,8.7134,0
17:50:26.939,1,11.1318,0
17:50:26.959,0,3.4355,0
17:50:26.961,2,12.7953,0
17:50:26.994,1,10.8068,0
17:50:27.014,0,13.7193,0
17:50:27.016,2,5.3556,0
17:50:27.034,1,8.1252,0
17:50:27.068,0,12.9657,0
17:50:27.084,2,14.0976,0
17:50:27.094,1,12.9657,0
17:50:27.118,0,13.3012,0
17:50:27.143,1,12.7250,0
17:50:27.146,2,5.4704,0
17:50:27.174,0,13.6977,0
17:50:27.214,1,13.7704,0
17:50:27.215,2,4.9881,0
17:50:27.235,0,6.9986,0
17:50:27.277,2,7.4804,0
17:50:27.279,1,6.3798,0
17:50:27.312,0,16.2765,0
17:50:27.336,2,15.8284,0
17:50:27.358,1,7.3422,0
17:50:27.385,0,11.1096,0
17:50:27.407,2,17.5134,0
17:50:27.425,1,14.8188,0
17:50:27.454,0,5.5815,0
17:50:27.474,2,14.1379,0
17:50:27.478,1,7.6065,0
17:50:27.526,0,16.4738,0
17:50:27.540,2,11.8930,0
17:50:27.588,0,12.7879,0
17:50:27.598,2,10.0400,0
17:50:27.648,1,55.1857,0
17:50:27.668,1,2.5328,0
17:50:27.727,1,9.6485,0
17:50:27.784,1,4.4362,0
17:50:27.793,0,69.5582,0
17:50:27.795,2,19.8167,0
17:50:27.795,0,2.5988,0
17:50:27.812,2,2.8793,0
17:50:27.823,1,12.8145,0
17:50:27.838,0,13.0550,0
17:50:27.879,1,13.8060,0
17:50:27.880,0,4.6233,0
17:50:27.882,2,4.4295,0
17:50:27.925,1,9.2686,0
17:50:27.929,2,8.1301,0
17:50:27.940,0,4.7828,0
17:50:28.042,1,27.0743,0
17:50:28.072,1,19.5019,0
17:50:28.109,1,17.9087,0
17:50:28.145,1,14.3537,0
17:50:28.183,1,12.3845,0
17:50:28.224,1,11.4200,0
17:50:28.264,1,6.4523,0
17:50:28.305,1,6.9245,0
17:50:28.404,1,0.0790,1
17:50:28.417,1,2.3753,0
17:50:28.448,1,10.1403,0
17:50:28.473,1,5.2405,0
17:50:28.500,1,7.6637,0
17:50:28.522,1,8.9931,0
17:50:28.551,1,10.8982,0
17:50:28.576,1,10.9800,0
17:50:28.602,1,6.5679,0
17:50:28.633,1,4.2248,0
17:50:28.672,1,4.1855,0
17:50:28.710,1,9.3322,0
17:50:28.754,1,13.8466,0
17:50:28.792,1,9.3846,0
17:50:28.898,1,45.9551,0
17:50:28.901,1,2.6414,0
17:50:28.922,1,9.5954,0
17:50:28.958,1,10.3442,0
17:50:29.004,1,18.9231,0
17:50:29.035,1,12.3984,0
17:50:29.067,1,6.8188,0
17:50:29.125,1,21.5662,0
17:50:29.154,1,13.8144,0
17:50:29.182,1,9.4083,0
17:50:29.223,1,4.6282,0
17:50:29.266,1,5.9718,0
17:50:29.307,1,6.5156,0
17:50:29.350,1,17.4412,0
17:50:29.388,1,9.7423,0
17:50:29.509,1,0.0995,1
17:50:29.511,1,0.8477,0
17:50:29.542,1,8.7948,0
17:50:29.588,1,12.9259,0
17:50:29.628,1,9.0248,0
17:50:29.662,1,8.6988,0
17:50:29.718,1,12.5826,0
17:50:29.738,2,17.7678,0
17:50:29.767,1,5.6480,0
17:50:29.774,2,11.1938,0
17:50:29.774,0,26.8143,0
17:50:29.869,0,10.9162,0
17:50:29.886,2,22.9466,0
17:50:29.886,1,6.3701,0
17:50:29.908,0,15.6934,0
17:50:29.909,1,6.3011,0
17:50:29.910,2,8.6264,0
17:50:29.936,0,15.4905,0
17:50:29.949,2,18.9232,0
17:50:29.952,1,11.9211,0
17:50:29.963,0,19.9766,0
17:50:29.963,1,4.1950,0
17:50:29.966,2,9.2096,0
17:50:29.987,0,5.2496,0
17:50:29.988,2,22.1434,0
17:50:29.991,1,9.3557,0
17:50:29.992,0,4.5038,0
17:50:29.992,2,3.5219,0
17:50:30.015,0,4.2991,0
17:50:30.016,1,15.6890,0
17:50:30.030,2,5.5723,0
17:50:30.066,0,3.2930,0
17:50:30.071,2,2.7992,0
17:50:30.111,0,2.7967,0
17:50:30.112,2,2.4457,0
17:50:30.125,1,57.0607,0
17:50:30.127,1,0.2006,1
17:50:30.161,1,8.6378,0
17:50:30.200,1,5.9163,0
17:50:30.241,1,3.2954,0
17:50:30.242,0,47.0067,0
17:50:30.244,0,0.1939,1
17:50:30.259,2,35.4377,0
17:50:30.263,2,3.6479,0
17:50:30.268,2,4.6364,0
17:50:30.271,0,20.3058,0
17:50:30.280,2,4.4448,0
17:50:30.280,1,12.5536,0
17:50:30.301,0,4.6596,0
17:50:30.313,2,7.5914,0
17:50:30.323,1,13.5203,0
17:50:30.340,0,3.9908,0
17:50:30.354,1,8.7745,0
17:50:30.357,2,6.4905,0
17:50:30.384,0,13.5366,0
17:50:30.399,2,13.5829,0
17:50:30.399,1,4.6442,0
17:50:30.434,0,19.3754,0
17:50:30.447,2,3.4238,0
17:50:30.448,1,5.0055,0
17:50:30.471,0,15.2266,0
17:50:30.484,2,10.8636,0
17:50:30.485,1,4.7158,0
17:50:30.510,0,4.6306,0
17:50:30.521,1,6.3055,0
17:50:30.524,2,8.5875,0
17:50:30.547,0,9.3708,0
17:50:30.559,1,14.3759,0
17:50:30.561,2,5.1819,0
17:50:30.575,0,9.6827,0
17:50:30.598,2,10.1813,0
17:50:30.600,1,5.1673,0
17:50:30.617,0,9.6487,0
17:50:30.629,2,3.0208,0
17:50:30.668,0,12.6531,0
17:50:30.679,2,3.3881,0
17:50:30.722,0,3.2599,0
17:50:30.723,2,3.2749,0
17:50:30.740,1,0.0837,1
17:50:30.742,1,0.1883,0
17:50:30.783,1,12.4993,0
17:50:30.831,1,5.1442,0
17:50:30.848,1,9.7140,0
17:50:30.850,0,63.0340,0
17:50:30.852,0,2.0804,0
17:50:30.862,0,8.5292,0
17:50:30.868,1,2.5451,0
17:50:30.869,2,35.3258,0
17:50:30.872,2,3.0490,0
17:50:30.906,0,4.6933,0
17:50:30.922,2,20.7792,0
17:50:30.924,1,10.9212,0
17:50:30.940,2,2.9853,0
17:50:30.942,0,13.9881,0
17:50:30.967,1,13.9444,0
17:50:30.970,0,5.8147,0
17:50:30.978,2,13.5800,0
17:50:30.998,1,13.1032,0
17:50:31.002,0,6.6597,0
17:50:31.019,2,18.8188,0
17:50:31.039,1,3.5295,0
17:50:31.039,0,13.9161,0
17:50:31.057,2,14.1892,0
17:50:31.071,0,15.5393,0
17:50:31.081,1,16.1478,0
17:50:31.095,2,4.2561,0
17:50:31.105,0,4.5051,0
17:50:31.127,1,3.3219,0
17:50:31.134,2,10.0094,0
17:50:31.145,0,3.9450,0
17:50:31.162,1,10.3978,0
17:50:31.178,2,2.9635,0
17:50:31.199,0,13.7515,0
17:50:31.199,1,3.9005,0
17:50:31.220,2,14.9739,0
17:50:31.238,0,12.7661,0
17:50:31.262,2,9.1863,0
17:50:31.290,0,15.1498,0
17:50:31.308,2,10.8536,0
17:50:31.340,0,14.7728,0
17:50:31.378,2,3.5244,0
17:50:31.393,1,87.7131,0
17:50:31.395,1,0.0604,1
17:50:31.418,2,12.5480,0
17:50:31.438,1,11.9386,0
17:50:31.478,0,63.2344,0
17:50:31.481,0,2.2175,0
17:50:31.488,1,13.7368,0
17:50:31.527,1,11.3312,0
17:50:31.531,0,6.1591,0
17:50:31.567,2,57.2199,0
17:50:31.569,1,10.8769,0
17:50:31.580,2,6.2600,0
17:50:31.581,0,15.3229,0
17:50:31.614,1,13.4915,0
17:50:31.621,0,2.9930,0
17:50:31.624,2,12.2356,0
17:50:31.648,1,10.5170,0
17:50:31.663,0,4.5426,0
17:50:31.678,2,8.4753,0
17:50:31.690,1,14.6839,0
17:50:31.708,0,13.1858,0
17:50:31.719,2,13.4083,0
17:50:31.734,1,11.5447,0
17:50:31.748,0,10.1123,0
17:50:31.775,2,14.5201,0
17:50:31.777,1,5.3147,0
17:50:31.798,0,12.0501,0
17:50:31.823,1,4.6101,0
17:50:31.830,2,10.0803,0
17:50:31.849,0,13.7186,0
17:50:31.868,1,4.5087,0
17:50:31.886,2,5.8988,0
17:50:31.892,0,10.7430,0
17:50:31.923,2,10.5227,0
17:50:31.989,0,8.2397,0
17:50:32.013,1,17.9156,0
17:50:32.024,2,11.9023,0
17:50:32.041,0,15.5754,0
17:50:32.078,2,10.5118,0
17:50:32.099,0,13.7867,0
17:50:32.138,2,7.1731,0
17:50:32.139,0,4.1305,0
17:50:32.180,2,6.8695,0
17:50:32.190,1,0.0648,1
17:50:32.218,1,10.5853,0
17:50:32.251,2,13.8718,0
17:50:32.258,1,3.4461,0
17:50:32.302,2,4.6199,0
17:50:32.312,0,56.2932,0
17:50:32.314,1,14.1041,0
17:50:32.315,0,2.8048,0
17:50:32.354,0,13.8413,0
17:50:32.373,1,10.4844,0
17:50:32.428,0,25.6966,0
17:50:32.436,1,9.3719,0
17:50:32.469,2,43.4951,0
17:50:32.471,0,13.2789,0
17:50:32.490,1,3.6133,0
17:50:32.492,2,13.3952,0
17:50:32.540,0,15.0834,0
17:50:32.560,1,15.3777,0
17:50:32.566,2,10.5782,0
17:50:32.582,0,6.4955,0
17:50:32.640,1,16.2871,0
17:50:32.641,2,4.8300,0
17:50:32.659,0,16.2161,0
17:50:32.722,2,13.8578,0
17:50:32.734,1,8.8547,0
17:50:32.738,0,7.3914,0
17:50:32.796,2,15.0751,0
17:50:32.810,1,14.8534,0
17:50:32.811,0,5.6832,0
17:50:32.860,2,11.6925,0
17:50:32.875,1,14.8239,0
17:50:32.882,0,12.0642,0
17:50:32.920,1,12.2610,0
17:50:32.925,2,10.0556,0
17:50:32.945,0,6.9867,0
17:50:32.980,1,13.9318,0
17:50:32.984,2,9.2850,0
17:50:33.013,0,18.0378,0
17:50:33.045,2,11.7733,0
17:50:33.097,0,10.1448,0
17:50:33.109,2,5.0510,0
17:50:33.154,1,47.8126,0
17:50:33.170,2,6.8205,0
17:50:33.189,0,14.7366,0
17:50:33.194,1,10.5553,0
17:50:33.244,2,19.0857,0
17:50:33.293,1,7.4711,0
17:50:33.322,2,12.1148,0
17:50:33.351,1,4.8549,0
17:50:33.358,0,38.9474,0
17:50:33.375,0,1.8633,0
17:50:33.405,2,15.3479,0
17:50:33.415,1,14.3791,0
17:50:33.427,0,10.5731,0
17:50:33.477,0,4.7222,0
17:50:33.478,1,15.3186,0
17:50:33.540,1,12.7208,0
17:50:33.543,0,6.7581,0
17:50:33.561,2,25.2708,0
17:50:33.589,0,13.7037,0
17:50:33.607,2,3.2648,0
17:50:33.608,1,23.0780,0
17:50:33.651,0,12.6739,0
17:50:33.651,2,5.0728,0
17:50:33.654,1,7.9730,0
17:50:33.694,2,3.1852,0
17:50:33.708,0,7.6849,0
17:50:33.713,1,12.3188,0
17:50:33.744,2,11.1217,0
17:50:33.745,0,5.5010,0
17:50:33.770,1,12.3223,0
17:50:33.808,0,10.1011,0
17:50:33.809,2,3.3907,0
17:50:33.829,1,11.2859,0
17:50:33.854,0,11.6173,0
17:50:33.875,1,14.8452,0
17:50:33.876,2,4.7135,0
17:50:33.902,0,11.9282,0
17:50:33.927,1,3.5208,0
17:50:33.956,2,11.1985,0
17:50:34.042,0,19.1645,0
17:50:34.044,1,6.6755,0
17:50:34.094,0,13.1426,0
17:50:34.149,0,5.7606,0
17:50:34.180,1,50.2502,0
17:50:34.197,1,12.7398,0
17:50:34.251,1,5.1984,0
17:50:34.283,0,36.5345,0
17:50:34.297,0,9.4311,0
17:50:34.300,1,5.2052,0
17:50:34.345,0,4.8161,0
17:50:34.346,1,12.5872,0
17:50:34.387,0,13.5811,0
17:50:34.390,1,7.4837,0
17:50:34.429,0,10.4790,0
17:50:34.445,1,6.5826,0
17:50:34.468,0,12.4302,0
17:50:34.494,1,11.0632,0
17:50:34.514,0,11.1815,0
17:50:34.538,1,10.1811,0
17:50:34.555,0,7.1361,0
17:50:34.588,1,10.0434,0
17:50:34.599,0,4.3265,0
17:50:34.637,1,19.4405,0
17:50:34.644,0,10.6230,0
17:50:34.672,1,2.6839,0
17:50:34.683,0,12.8390,0
17:50:34.713,1,10.9890,0
17:50:34.727,0,10.7033,0
17:50:34.754,1,13.6395,0
17:50:34.767,0,8.9025,0
17:50:34.788,1,12.4560,0
17:50:34.821,0,15.3878,0
17:50:34.867,0,6.6909,0
17:50:34.913,1,0.0618,1
17:50:34.954,1,13.5158,0
17:50:34.994,1,4.7967,0
17:50:35.006,0,0.0784,1
17:50:35.022,1,9.9029,0
17:50:35.027,0,2.6393,0
17:50:35.060,0,14.5066,0
17:50:35.065,1,9.4476,0
17:50:35.099,0,13.4510,0
17:50:35.101,1,5.7247,0
17:50:35.137,0,9.2234,0
17:50:35.139,1,4.7277,0
17:50:35.172,0,14.6560,0
17:50:35.173,1,4.9379,0
17:50:35.201,0,8.7663,0
17:50:35.209,1,5.0360,0
17:50:35.239,0,12.0844,0
17:50:35.249,1,4.1594,0
17:50:35.279,0,10.6612,0
17:50:35.283,1,8.1952,0
17:50:35.313,0,10.2825,0
17:50:35.327,1,16.3293,0
17:50:35.348,0,9.9883,0
17:50:35.358,1,13.4614,0
17:50:35.383,0,9.4103,0
17:50:35.386,1,7.0271,0
17:50:35.423,0,15.0603,0
17:50:35.463,0,10.3050,0
17:50:35.535,1,65.6488,0
17:50:35.537,1,2.2446,0
17:50:35.552,1,9.2885,0
17:50:35.588,1,3.2491,0
17:50:35.600,0,49.9785,0
17:50:35.602,0,1.6193,0
17:50:35.617,1,14.6643,0
17:50:35.626,0,12.6531,0
17:50:35.653,1,12.7947,0
17:50:35.655,0,4.6920,0
17:50:35.693,1,4.8312,0
17:50:35.693,0,17.4138,0
17:50:35.724,1,14.0269,0
17:50:35.725,0,4.1231,0
17:50:35.754,0,3.3463,0
17:50:35.755,1,12.8738,0
17:50:35.816,1,15.5797,0
17:50:35.817,0,6.4311,0
17:50:35.823,2,9.4635,0
17:50:35.851,0,4.9380,0
17:50:35.851,1,12.5469,0
17:50:35.953,2,19.4804,0
17:50:35.982,0,26.7752,0
17:50:35.986,2,3.5080,0
17:50:35.989,1,9.3248,0
17:50:36.014,0,8.9785,0
17:50:36.027,1,4.9445,0
17:50:36.037,2,13.0529,0
17:50:36.065,0,14.5923,0
17:50:36.078,1,5.4500,0
17:50:36.079,2,18.0842,0
17:50:36.111,0,12.6715,0
17:50:36.125,1,12.7910,0
17:50:36.128,2,6.8142,0
17:50:36.178,0,19.7382,0
17:50:36.186,2,14.6805,0
17:50:36.232,0,11.8414,0
17:50:36.292,1,0.0959,1
17:50:36.355,1,4.0698,0
17:50:36.365,2,67.7206,0
17:50:36.366,2,1.6889,0
17:50:36.390,1,15.1530,0
17:50:36.405,2,2.1615,0
17:50:36.418,0,65.3445,0
17:50:36.420,0,1.5819,0
17:50:36.423,1,10.7428,0
17:50:36.425,2,4.9759,0
17:50:36.441,0,2.8904,0
17:50:36.476,2,4.9282,0
17:50:36.478,1,17.5713,0
17:50:36.489,0,13.4905,0
17:50:36.515,2,13.9732,0
17:50:36.515,1,5.2723,0
17:50:36.526,0,10.4958,0
17:50:36.552,2,4.3257,0
17:50:36.568,1,17.6518,0
17:50:36.568,0,3.8577,0
17:50:36.597,2,3.3114,0
17:50:36.620,0,4.9905,0
17:50:36.624,1,7.4254,0
17:50:36.652,2,10.2642,0
17:50:36.659,1,4.7951,0
17:50:36.659,0,4.3817,0
17:50:36.700,1,14.3279,0
17:50:36.710,0,14.3084,0
17:50:36.712,2,6.4583,0
17:50:36.746,1,12.9205,0
17:50:36.751,2,5.0761,0
17:50:36.751,0,9.5339,0
17:50:36.781,1,3.4607,0
17:50:36.792,0,2.9890,0
17:50:36.794,2,2.6504,0
17:50:36.834,0,13.5489,0
17:50:36.835,1,4.3476,0
17:50:36.853,2,10.2781,0
17:50:36.873,1,3.5483,0
17:50:36.874,0,11.7994,0
17:50:36.904,2,13.2558,0
17:50:36.920,0,5.2664,0
17:50:36.974,2,6.2476,0
17:50:36.985,0,15.0565,0
17:50:37.048,1,66.1414,0
17:50:37.056,1,8.0301,0
17:50:37.095,1,7.0966,0
17:50:37.151,1,19.0990,0
17:50:37.181,2,0.0770,1
17:50:37.196,1,4.2743,0
17:50:37.209,0,0.1604,1
17:50:37.210,2,4.3437,0
17:50:37.218,0,3.6020,0
17:50:37.229,1,13.0575,0
17:50:37.253,0,12.4319,0
17:50:37.254,2,4.3000,0
17:50:37.270,1,11.8693,0
17:50:37.300,2,13.4154,0
17:50:37.301,0,5.4660,0
17:50:37.302,1,4.8964,0
17:50:37.338,0,7.3348,0
17:50:37.342,2,7.0928,0
17:50:37.357,1,11.8192,0
17:50:37.394,0,11.2828,0
17:50:37.396,2,5.6341,0
17:50:37.396,1,4.9166,0
17:50:37.451,0,4.0501,0
17:50:37.452,2,4.2880,0
17:50:37.453,1,17.3821,0
17:50:37.484,1,6.1264,0
17:50:37.493,2,3.5161,0
17:50:37.495,0,4.9336,0
17:50:37.526,1,5.3149,0
17:50:37.539,0,4.0414,0
17:50:37.540,2,4.1561,0
17:50:37.562,1,9.1846,0
17:50:37.586,0,7.6566,0
17:50:37.606,1,5.0120,0
17:50:37.606,2,23.6599,0
17:50:37.632,0,9.1251,0
17:50:37.651,2,15.8121,0
17:50:37.688,0,10.8330,0
17:50:37.709,2,13.5285,0
17:50:37.740,0,9.9520,0
17:50:37.773,2,6.4669,0
17:50:37.783,1,63.6190,0
17:50:37.785,1,2.0122,0
17:50:37.793,0,10.5324,0
17:50:37.813,2,10.7956,0
17:50:37.830,1,20.0217,0
17:50:37.894,1,5.9605,0
17:50:37.971,0,59.5843,0
17:50:37.994,2,39.8906,0
17:50:38.004,1,8.6205,0
17:50:38.048,1,17.3587,0
17:50:38.078,1,4.7077,0
17:50:38.128,1,20.1316,0
17:50:38.149,1,15.3257,0
17:50:38.184,1,9.0179,0
17:50:38.220,1,14.4309,0
17:50:38.248,1,12.6202,0
17:50:38.277,1,11.7830,0
17:50:38.309,1,13.4165,0
17:50:38.325,1,4.9013,0
17:50:38.434,1,0.0630,1
17:50:38.444,1,3.4266,0
17:50:38.477,1,17.1079,0
17:50:38.497,1,11.9485,0
17:50:38.524,1,5.7845,0
17:50:38.553,1,9.2935,0
17:50:38.582,1,11.5796,0
17:50:38.608,1,12.6369,0
17:50:38.644,1,13.5677,0
17:50:38.674,1,5.6212,0
17:50:38.706,1,2.8390,0
17:50:38.760,1,15.1044,0
17:50:38.799,1,4.2139,0
17:50:38.825,1,5.0446,0
17:50:38.938,1,0.0839,1
17:50:38.961,1,8.2408,0
17:50:38.994,1,9.2459,0
17:50:39.039,1,11.5495,0
17:50:39.083,1,7.0593,0
17:50:39.116,1,7.7596,0
17:50:39.149,1,6.2282,0
17:50:39.205,1,20.1580,0
17:50:39.236,1,8.0516,0
17:50:39.277,1,11.7402,0
17:50:39.308,1,2.2597,0
17:50:39.347,1,3.9994,0
17:50:39.386,1,5.2273,0
17:50:39.437,1,9.6426,0
17:50:39.536,1,45.8709,0
17:50:39.538,1,2.5183,0
17:50:39.552,1,10.0053,0
17:50:39.587,1,6.8315,0
17:50:39.632,1,16.0375,0
17:50:39.682,0,13.9600,0
17:50:39.688,1,11.4815,0
17:50:39.705,2,14.5322,0
17:50:39.713,0,12.3926,0
17:50:39.724,1,14.0207,0
17:50:39.729,2,8.0629,0
17:50:39.749,0,11.8238,0
17:50:39.770,2,12.1438,0
17:50:39.770,1,4.3927,0
17:50:39.858,0,4.9256,0
17:50:39.883,2,17.5982,0
17:50:39.885,0,5.0583,0
17:50:39.887,1,9.5246,0
17:50:39.893,2,2.6052,0
17:50:39.909,1,16.6045,0
17:50:39.925,0,14.9771,0
17:50:39.937,2,14.1596,0
17:50:39.942,1,10.6272,0
17:50:39.950,2,4.2532,0
17:50:39.951,0,15.6290,0
17:50:39.952,1,5.5699,0
17:50:39.976,0,16.0794,0
17:50:39.976,1,4.3624,0
17:50:39.980,2,9.6968,0
17:50:39.986,1,2.7726,0
17:50:40.000,0,17.0487,0
17:50:40.002,2,6.2150,0
17:50:40.024,0,11.0253,0
17:50:40.045,1,17.2405,0
17:50:40.045,2,5.2281,0
17:50:40.063,0,2.7836,0
17:50:40.076,2,8.0079,0
17:50:40.113,0,4.4201,0
17:50:40.154,0,5.3375,0
17:50:40.163,2,14.7820,0
17:50:40.173,2,9.5933,0
17:50:40.182,1,73.2098,0
17:50:40.184,1,0.0644,1
17:50:40.191,1,4.1297,0
17:50:40.193,0,18.8743,0
17:50:40.202,2,14.2826,0
17:50:40.256,1,15.2405,0
17:50:40.310,1,7.6766,0
17:50:40.321,1,6.6081,0
17:50:40.324,0,57.2696,0
17:50:40.325,0,0.0750,1
17:50:40.333,2,28.0471,0
17:50:40.334,2,1.1915,0
17:50:40.335,2,1.3491,0
17:50:40.338,0,11.2933,0
17:50:40.351,2,3.0489,0
17:50:40.359,1,4.2672,0
17:50:40.378,0,12.7035,0
17:50:40.389,2,4.6566,0
17:50:40.401,1,17.4419,0
17:50:40.424,0,13.6925,0
17:50:40.445,2,8.5161,0
17:50:40.446,1,5.6001,0
17:50:40.468,0,13.2655,0
17:50:40.485,1,15.4621,0
17:50:40.485,2,2.7741,0
17:50:40.513,0,11.1915,0
17:50:40.563,2,4.8561,0
17:50:40.585,1,0.0824,1
17:50:40.585,0,26.5620,0
17:50:40.619,0,3.6843,0
17:50:40.619,2,0.0907,1
17:50:40.621,1,2.9198,0
17:50:40.637,0,16.0934,0
17:50:40.645,1,6.9586,0
17:50:40.647,2,5.9319,0
17:50:40.675,0,12.6355,0
17:50:40.691,2,4.5281,0
17:50:40.718,0,4.6128,0
17:50:40.732,2,9.3844,0
17:50:40.760,0,4.1539,0
17:50:40.762,2,5.5136,0
17:50:40.770,1,41.0901,0
17:50:40.773,1,2.3820,0
17:50:40.788,0,10.3802,0
17:50:40.806,1,16.4610,0
17:50:40.806,2,5.2445,0
17:50:40.823,1,15.2028,0
17:50:40.878,1,11.9230,0
17:50:40.920,1,3.9247,0
17:50:40.932,0,0.0636,1
17:50:40.935,1,4.6651,0
17:50:40.944,2,27.8463,0
17:50:40.947,2,2.5883,0
17:50:40.948,0,10.5791,0
17:50:40.977,2,11.5298,0
17:50:40.981,1,6.6775,0
17:50:40.984,0,7.8421,0
17:50:41.019,2,12.8223,0
17:50:41.019,1,4.4569,0
17:50:41.024,0,5.3712,0
17:50:41.045,2,9.4493,0
17:50:41.053,1,10.8614,0
17:50:41.059,0,8.4478,0
17:50:41.090,2,14.8287,0
17:50:41.092,1,6.0750,0
17:50:41.098,0,11.3264,0
17:50:41.121,1,8.6346,0
17:50:41.132,2,3.6272,0
17:50:41.138,0,8.9982,0
17:50:41.160,1,4.5842,0
17:50:41.179,2,13.8615,0
17:50:41.180,0,4.2567,0
17:50:41.197,1,9.1559,0
17:50:41.210,2,4.9363,0
17:50:41.220,0,14.4750,0
17:50:41.245,1,3.6662,0
17:50:41.254,2,12.9645,0
17:50:41.258,0,3.2943,0
17:50:41.302,0,14.4574,0
17:50:41.311,2,12.1309,0
17:50:41.348,0,13.1263,0
17:50:41.358,2,3.5410,0
17:50:41.393,0,4.3111,0
17:50:41.404,1,59.5007,0
17:50:41.407,1,2.4816,0
17:50:41.411,2,13.8349,0
17:50:41.428,1,12.0868,0
17:50:41.443,0,18.0645,0
17:50:41.463,2,12.4651,0
17:50:41.474,1,10.5418,0
17:50:41.517,2,9.4483,0
17:50:41.527,1,12.9526,0
17:50:41.580,1,4.2650,0
17:50:41.593,0,63.6436,0
17:50:41.595,0,2.2004,0
17:50:41.627,1,9.3489,0
17:50:41.632,0,7.2284,0
17:50:41.668,2,43.4308,0
17:50:41.677,2,9.3864,0
17:50:41.681,0,4.4491,0
17:50:41.681,1,6.4894,0
17:50:41.714,2,13.5900,0
17:50:41.724,0,12.3711,0
17:50:41.724,1,4.7642,0
17:50:41.754,2,15.8488,0
17:50:41.768,0,9.9059,0
17:50:41.771,1,6.4953,0
17:50:41.809,2,10.7920,0
17:50:41.820,1,14.3322,0
17:50:41.822,0,6.4327,0
17:50:41.854,2,10.5840,0
17:50:41.871,0,7.5807,0
17:50:41.879,1,4.3764,0
17:50:41.908,2,12.0566,0
17:50:41.909,0,4.4624,0
17:50:41.918,1,4.4890,0
17:50:42.001,1,2.9317,0
17:50:42.016,2,16.8523,0
17:50:42.017,0,5.7557,0
17:50:42.035,1,3.8415,0
17:50:42.050,2,8.4956,0
17:50:42.063,0,9.6821,0
17:50:42.106,2,15.9408,0
17:50:42.127,0,16.3190,0
17:50:42.173,2,4.8719,0
17:50:42.173,0,4.5758,0
17:50:42.184,1,52.1900,0
17:50:42.187,1,1.8554,0
17:50:42.209,2,11.6759,0
17:50:42.234,0,6.2118,0
17:50:42.263,1,4.7154,0
17:50:42.274,2,4.0029,0
17:50:42.299,0,10.4740,0
17:50:42.317,1,4.0976,0
17:50:42.329,2,3.9288,0
17:50:42.374,1,15.6368,0
17:50:42.399,2,8.7747,0
17:50:42.419,1,14.0003,0
17:50:42.457,0,42.2949,0
17:50:42.474,1,11.1430,0
17:50:42.475,0,3.9884,0
17:50:42.520,0,14.7449,0
17:50:42.537,1,12.1630,0
17:50:42.568,0,5.0379,0
17:50:42.572,1,7.4176,0
17:50:42.579,2,63.7936,0
17:50:42.582,2,2.3379,0
17:50:42.608,2,3.3757,0
17:50:42.608,0,15.1810,0
17:50:42.622,1,15.1607,0
17:50:42.652,2,6.5481,0
17:50:42.657,0,7.7423,0
17:50:42.670,1,15.3655,0
17:50:42.705,2,5.0216,0
17:50:42.710,1,4.3688,0
17:50:42.710,0,9.9288,0
17:50:42.754,0,13.6269,0
17:50:42.764,1,3.8408,0
17:50:42.764,2,14.1681,0
17:50:42.804,0,11.7563,0
17:50:42.809,1,4.0397,0
17:50:42.819,2,13.6590,0
17:50:42.848,1,5.1322,0
17:50:42.862,0,5.9344,0
17:50:42.866,2,9.8592,0
17:50:42.918,0,9.9234,0
17:50:42.940,2,4.6892,0
17:50:42.975,0,12.0678,0
17:50:42.990,2,9.8551,0
17:50:43.020,0,12.0520,0
17:50:43.025,1,72.7602,0
17:50:43.028,1,3.4584,0
17:50:43.046,2,7.9606,0
17:50:43.051,1,12.2944,0
17:50:43.074,0,11.1726,0
17:50:43.085,1,15.0761,0
17:50:43.104,2,13.9468,0
17:50:43.126,0,12.5154,0
17:50:43.126,1,6.0913,0
17:50:43.163,2,12.1220,0
17:50:43.164,1,4.1216,0
17:50:43.215,1,9.8108,0
17:50:43.227,2,11.6505,0
17:50:43.296,2,5.2173,0
17:50:43.297,1,0.0764,1
17:50:43.307,0,0.0590,1
17:50:43.311,0,2.1109,0
17:50:43.358,0,3.5402,0
17:50:43.359,1,15.7793,0
17:50:43.414,1,13.3848,0
17:50:43.414,0,6.7732,0
17:50:43.439,1,4.3722,0
17:50:43.448,2,61.0661,0
17:50:43.450,2,1.4493,0
17:50:43.459,0,11.9359,0
17:50:43.478,2,13.3455,0
17:50:43.493,1,3.2925,0
17:50:43.504,0,8.3363,0
17:50:43.512,2,9.1903,0
17:50:43.536,1,3.0955,0
17:50:43.549,0,14.6386,0
17:50:43.564,2,9.6799,0
17:50:43.576,1,10.9824,0
17:50:43.603,0,12.0706,0
17:50:43.613,2,13.8990,0
17:50:43.665,2,7.0188,0
17:50:43.677,0,16.9228,0
17:50:43.733,2,5.6228,0
17:50:43.736,0,6.1754,0
17:50:43.746,1,71.6575,0
17:50:43.749,1,2.7297,0
17:50:43.763,2,12.1230,0
17:50:43.773,0,12.3959,0
17:50:43.775,1,5.5098,0
17:50:43.834,2,13.4226,0
17:50:43.836,0,5.4786,0
17:50:43.837,1,4.5668,0
17:50:43.873,1,10.3650,0
17:50:43.880,2,10.1802,0
17:50:43.888,0,12.0563,0
17:50:43.921,1,12.6369,0
17:50:43.941,2,11.0984,0
17:50:43.997,0,16.1045,0
17:50:44.027,1,16.5360,0
17:50:44.034,2,12.8163,0
17:50:44.086,1,13.5195,0
17:50:44.094,2,13.5876,0
17:50:44.141,1,5.9937,0
17:50:44.143,2,6.9386,0
17:50:44.153,0,60.7653,0
17:50:44.155,0,2.7510,0
17:50:44.190,1,15.4950,0
17:50:44.196,0,9.5909,0
17:50:44.250,0,9.8365,0
17:50:44.251,1,6.1025,0
17:50:44.296,2,49.5198,0
17:50:44.299,2,3.1573,0
17:50:44.303,1,3.4628,0
17:50:44.305,0,4.4308,0
17:50:44.354,2,16.4471,0
17:50:44.356,1,5.4271,0
17:50:44.363,0,3.5254,0
17:50:44.394,2,10.7109,0
17:50:44.398,1,7.3380,0
17:50:44.418,0,10.4513,0
17:50:44.443,1,12.8923,0
17:50:44.444,2,3.1663,0
17:50:44.470,0,12.8027,0
17:50:44.504,2,10.8275,0
17:50:44.523,0,4.7610,0
17:50:44.569,2,4.7470,0
17:50:44.584,0,18.3145,0
17:50:44.620,2,11.2694,0
17:50:44.623,1,79.1086,0
17:50:44.626,1,2.2779,0
17:50:44.632,0,17.0244,0
17:50:44.643,1,13.8837,0
17:50:44.673,2,10.0234,0
17:50:44.684,0,10.5011,0
17:50:44.693,1,12.7821,0
17:50:44.722,2,6.4250,0
17:50:44.744,1,15.7786,0
17:50:44.745,0,4.2189,0
17:50:44.785,2,12.0659,0
17:50:44.788,1,7.8189,0
17:50:44.789,0,5.3021,0
17:50:44.828,1,10.0816,0
17:50:44.840,2,5.3249,0
17:50:44.843,0,7.6020,0
17:50:44.895,1,22.6417,0
17:50:44.895,2,4.8143,0
17:50:44.948,2,9.9448,0
17:50:44.958,1,12.8753,0
17:50:44.998,0,44.4737,0
17:50:45.003,0,2.8717,0
17:50:45.005,1,12.3947,0
17:50:45.006,2,5.2148,0
17:50:45.047,0,11.7810,0
17:50:45.065,1,14.5159,0
17:50:45.098,0,12.5472,0
17:50:45.113,1,13.0365,0
17:50:45.148,1,3.1700,0
17:50:45.148,0,4.2395,0
17:50:45.163,2,53.4218,0
17:50:45.167,2,3.5025,0
17:50:45.188,1,3.2117,0
17:50:45.188,0,9.9929,0
17:50:45.202,2,9.3866,0
17:50:45.228,1,2.4028,0
17:50:45.238,0,3.6456,0
17:50:45.242,2,6.4653,0
17:50:45.289,0,13.1843,0
17:50:45.299,2,14.2735,0
17:50:45.345,2,3.4218,0
17:50:45.346,0,12.9697,0
17:50:45.392,1,50.0682,0
17:50:45.395,0,12.2420,0
17:50:45.397,1,4.6833,0
17:50:45.399,2,4.8624,0
17:50:45.429,1,5.6647,0
17:50:45.447,0,4.4406,0
17:50:45.454,2,10.4534,0
17:50:45.476,1,8.5327,0
17:50:45.493,2,10.3344,0
17:50:45.495,0,5.0238,0
17:50:45.529,1,3.0441,0
17:50:45.538,0,12.1558,0
17:50:45.539,2,3.7793,0
17:50:45.573,1,12.3859,0
17:50:45.583,0,3.7688,0
17:50:45.588,2,7.7138,0
17:50:45.619,1,11.3723,0
17:50:45.635,0,11.9555,0
17:50:45.643,2,13.1304,0
17:50:45.668,1,12.5690,0
17:50:45.719,2,4.6801,0
17:50:45.743,1,12.7774,0
17:50:45.779,2,9.8678,0
17:50:45.797,1,11.9170,0
17:50:45.802,0,60.4676,0
17:50:45.818,0,11.5908,0
17:50:45.827,2,6.1478,0
17:50:45.862,1,13.7390,0
17:50:45.866,0,6.9473,0
17:50:45.924,1,13.8836,0
17:50:45.927,0,6.8868,0
17:50:45.989,2,53.0562,0
17:50:46.024,1,11.5926,0
17:50:46.061,1,3.0576,0
17:50:46.097,1,11.7308,0
17:50:46.195,1,0.0857,1
17:50:46.221,1,8.7578,0
17:50:46.253,1,9.8910,0
17:50:46.279,1,7.3727,0
17:50:46.308,1,9.9219,0
17:50:46.340,1,15.2493,0
17:50:46.370,1,12.2712,0
17:50:46.399,1,13.6400,0
17:50:46.429,1,13.2752,0
17:50:46.458,1,13.3389,0
17:50:46.474,1,3.8139,0
17:50:46.515,1,14.4904,0
17:50:46.540,1,12.2332,0
17:50:46.572,1,16.1215,0
17:50:46.667,1,0.0586,1
17:50:46.682,1,8.4260,0
17:50:46.716,1,16.1099,0
17:50:46.758,1,9.9523,0
17:50:46.810,1,20.7739,0
17:50:46.840,1,12.8530,0
17:50:46.876,1,13.8294,0
17:50:46.920,1,5.5344,0
17:50:46.958,1,10.8742,0
17:50:47.005,1,4.5680,0
17:50:47.017,1,2.0933,0
17:50:47.075,1,4.2575,0
17:50:47.112,1,3.8538,0
17:50:47.157,1,3.3818,0
17:50:47.266,1,51.1748,0
17:50:47.269,1,2.8329,0
17:50:47.276,1,7.3465,0
17:50:47.313,1,4.6748,0
17:50:47.341,1,5.7435,0
17:50:47.400,1,14.7375,0
17:50:47.444,1,13.6442,0
17:50:47.483,1,13.0603,0
17:50:47.517,1,17.0046,0
17:50:47.558,1,10.4086,0
17:50:47.600,1,12.5986,0
17:50:47.639,1,11.1954,0
17:50:47.669,1,3.3115,0
17:50:47.687,2,12.1811,0
17:50:47.727,1,6.7724,0
17:50:47.731,2,6.7942,0
17:50:47.736,0,9.8963,0
17:50:47.757,1,12.4803,0
17:50:47.758,0,3.2740,0
17:50:47.759,2,3.0391,0
17:50:47.861,0,10.2482,0
17:50:47.876,2,20.6945,0
17:50:47.900,0,6.9641,0
17:50:47.907,2,11.8289,0
17:50:47.934,0,11.5992,0
17:50:47.940,2,9.3562,0
17:50:47.970,1,39.3351,0
17:50:47.973,1,3.1810,0
17:50:47.977,2,7.0554,0
17:50:47.980,0,27.3227,0
17:50:47.998,2,8.8510,0
17:50:48.000,0,5.5622,0
17:50:48.004,1,7.6656,0
17:50:48.019,1,3.1144,0
17:50:48.025,2,19.9324,0
17:50:48.026,0,9.2949,0
17:50:48.046,1,15.4527,0
17:50:48.048,0,6.4756,0
17:50:48.049,2,6.9169,0
17:50:48.064,0,2.9274,0
17:50:48.066,1,13.4417,0
17:50:48.078,2,12.3659,0
17:50:48.094,0,2.4141,0
17:50:48.098,1,15.3600,0
17:50:48.110,1,5.0102,0
17:50:48.123,2,10.6078,0
17:50:48.143,1,12.5898,0
17:50:48.175,2,7.5664,0
17:50:48.183,1,3.9179,0
17:50:48.222,2,3.9829,0
17:50:48.224,1,4.4919,0
17:50:48.228,1,3.8698,0
17:50:48.233,0,52.8193,0
17:50:48.235,0,1.5613,0
17:50:48.238,0,3.2227,0
17:50:48.277,0,12.7854,0
17:50:48.281,1,7.2095,0
17:50:48.302,0,3.6991,0
17:50:48.313,1,5.3057,0
17:50:48.315,2,41.4100,0
17:50:48.317,2,2.2164,0
17:50:48.320,2,2.4364,0
