time_ns,gst_buffer_pts_ns,frame_seq,stage
39777068106153,17998374077,0,post_depay
39777112887955,18633204680,1,post_decode
39777198639682,18768873789,2,post_depay
39777211261918,18768949936,3,post_decode
39777277897121,18789958867,4,post_depay
39777299222076,18848117196,5,post_decode
39777304460308,18874548160,6,post_depay
39777321020953,18874700826,7,post_decode
39777332195189,18899805157,8,post_depay
39777360188062,18902796751,9,post_decode
39777369063583,18939456448,10,post_depay
39777402881115,18939757294,11,post_decode
39777524059437,18981973790,12,post_depay
39777534818145,19094699714,13,post_decode
39777543384498,19113891267,14,post_depay
39777556564346,19114109368,15,post_decode
39777566119058,19135860568,16,post_depay
39777578132766,19136082172,17,post_decode
39777757918573,19166891313,18,post_depay
39777785480542,19327754042,19,post_decode
39777790321989,19360173633,20,post_depay
39777800879455,19360307392,21,post_decode
39777803504765,19374386304,22,post_depay
39777813401113,19374497761,23,post_decode
39777998855043,19455565561,24,post_depay
39778013660887,19569559172,25,post_decode
39778020955486,19591772100,26,post_depay
39778032971301,19591929864,27,post_decode
39778054890543,19607367891,28,post_depay
39778066875752,19624889275,29,post_decode
39778070830170,19640914926,30,post_depay
39778081295090,19641009292,31,post_decode
39778084647489,19654775322,32,post_depay
39778093809278,19654847057,33,post_decode
39778097584304,19667630563,34,post_depay
39778107207800,19667762166,35,post_decode
39778327422547,19680903335,36,post_depay
39778340727489,19858305964,37,post_decode
39778345850286,19876391923,38,post_depay
39778356779212,19876677818,39,post_decode
39778374865391,19891625313,40,post_depay
39778388075337,19905633177,41,post_decode
39778395262942,19923098947,42,post_depay
39778405847582,19926142385,43,post_decode
39778563799017,19940687433,44,post_depay
39778574266992,20094665354,45,post_decode
39778580970633,20108932974,46,post_depay
39778590937419,20111781364,47,post_decode
39778594950384,20125651604,48,post_depay
39778565611530,20125851137,49,post_decode
39778568882701,20138829794,50,post_depay
39778577509858,20138910255,51,post_decode
39778596473954,20150782446,52,post_depay
39778607453250,20166169579,53,post_decode
39778815879653,20181600355,54,post_depay
39778824936582,20387230703,55,post_decode
39778828675757,20399944056,56,post_depay
39778841680658,20400036445,57,post_decode
39778861109496,20416690466,58,post_depay
39778873048015,20432239819,59,post_decode
39778876894361,20448180910,60,post_depay
39778885589055,20448263897,61,post_decode
39778889987886,20461240416,62,post_depay
39778899570463,20461340624,63,post_decode
39779149251842,20483220730,64,post_depay
39779160539511,20719640956,65,post_decode
39779164075456,20734762139,66,post_depay
39779173232792,20734840288,67,post_decode
39779176725244,20747390080,68,post_depay
39779184478811,20747480213,69,post_decode
39779187631634,20758317211,70,post_depay
39779194899942,20758392679,71,post_decode
39779198643277,20769312029,72,post_depay
39779206946048,20769402490,73,post_decode
39779237003950,20780770245,74,post_depay
39779248271655,20807566074,75,post_decode
39779378013363,20822956232,76,post_depay
39779389933992,20950045843,77,post_decode
39779393405115,20965365538,78,post_depay
39779402286335,20965452565,79,post_decode
39779405763409,20977754277,80,post_depay
39779413346119,20977824990,81,post_decode
39779416702626,20988664919,82,post_depay
39779423777102,20988762378,83,post_decode
39779426881054,20998869996,84,post_depay
39779434657827,20998948350,85,post_decode
39779437910858,21009870967,86,post_depay
39779446549808,21009970387,87,post_decode
39779599810634,21021606504,88,post_depay
39779613585235,21169705038,89,post_decode
39779617975052,21187758982,90,post_depay
39779629705282,21187906309,91,post_decode
39779634054411,21203785279,92,post_depay
39779645303530,21203967086,93,post_decode
39779739369908,21219472441,94,post_depay
39779750440721,21309133024,95,post_decode
39780410504427,21324222543,96,post_depay
39780446242033,21980209182,97,post_decode
39780450330222,22021068464,98,post_depay
39780458337607,22021212610,99,post_decode
39780462125432,22032853685,100,post_depay
39780472942517,22033007290,101,post_decode
39780476528458,22047295416,102,post_depay
39780487615115,22047416797,103,post_decode
39780493687196,22063371509,104,post_depay
39780503928094,22063477591,105,post_decode
39780590481901,22080694545,106,post_depay
39780603716660,22160264099,107,post_decode
39780607835035,22177462520,108,post_depay
39780617327847,22177637107,109,post_decode
39780620999097,22190665128,110,post_depay
39780631931078,22190798703,111,post_decode
39780760066122,22206025703,112,post_depay
39780770235133,22331056991,113,post_decode
39780774352890,22345201409,114,post_depay
39780785129381,22345358231,115,post_decode
39780818333441,22360051392,116,post_depay
39780830056977,22389163896,117,post_decode
39780833400637,22404349249,118,post_depay
39780842998136,22404432291,119,post_decode
39780846771813,22417679823,120,post_depay
39780855866514,22417784469,121,post_decode
39780897967560,22430385980,122,post_depay
39780909401259,22468932045,123,post_decode
39780937329100,22484652226,124,post_depay
39780947132372,22508311616,125,post_decode
39780954858855,22521617238,126,post_depay
39780965225644,22525825103,127,post_decode
39780968942002,22539861264,128,post_depay
39780978275815,22539961853,129,post_decode
39780981552807,22552448358,130,post_depay
39780992413481,22552571014,131,post_decode
39781045851427,22566594447,132,post_depay
39781056893905,22615816596,133,post_decode
39781079984124,22647999943,134,post_depay
39781089861371,22649971599,135,post_decode
39781093580854,22663435637,136,post_depay
39781101645847,22663548916,137,post_decode
39781104947038,22674839368,138,post_depay
39781113505832,22674938908,139,post_decode
39781259890987,22829585624,140,post_depay
39781270043507,22831302258,141,post_decode
39781273371105,22844838676,142,post_depay
39781283085995,22844963681,143,post_decode
39781325871406,22858156876,144,post_depay
39781340524820,22897447826,145,post_decode
39781345409513,22916864828,146,post_depay
39781360606203,22916985180,147,post_decode
39781365043595,22936461596,148,post_depay
39781378499655,22936616600,149,post_decode
39781382646286,22954034414,150,post_depay
39781396476810,22954177014,151,post_decode
39781482481567,22972180380,152,post_depay
39781494309298,23051727551,153,post_decode
39781513565546,23071283981,154,post_depay
39781526375822,23082736704,155,post_decode
39781530186718,23099455894,156,post_depay
39781539726462,23099567480,157,post_decode
39781543209513,23112484779,158,post_depay
39781552225511,23112596542,159,post_decode
39781582575427,23125627887,160,post_depay
39781594524075,23151882175,161,post_decode
39781598171178,23167443667,162,post_depay
39781612696816,23167562377,163,post_decode
39781616367305,23185614866,164,post_depay
39781632138921,23185727137,165,post_decode
39781638835565,23208088887,166,post_depay
39781647713567,23208194521,167,post_decode
39781719894071,23288800521,168,post_depay
39781728145431,23289206813,169,post_decode
39781731830488,23302495753,170,post_depay
39781741664102,23302589240,171,post_decode
39781745220084,23315908386,172,post_depay
39781754909570,23315986036,173,post_decode
39781758806707,23329446831,174,post_depay
39781767889575,23329565703,175,post_decode
39781771970884,23342633225,176,post_depay
39781779824141,23342728701,177,post_decode
39781953243379,23521993706,178,post_depay
39781966390550,23523748288,179,post_decode
39782146474279,23712908129,180,post_depay
39782293573847,23855736860,181,post_depay
39782300793179,23872199272,182,post_depay
39782316278165,23878710201,183,post_depay
39782351425756,23894600866,184,post_depay
39782557863306,23931233311,185,post_depay
39782563968927,24134836504,186,post_depay
39782587121556,24140214887,187,post_depay
39782594181736,24165006181,188,post_depay
39782599602523,24170472498,189,post_depay
39782604779777,24175663567,190,post_depay
39782733064268,24180798523,191,post_depay
39782740465164,24313180475,192,post_depay
39782757729497,24319879291,193,post_depay
39782765545293,24338263713,194,post_depay
39782932023884,24344587832,195,post_depay
39782954587427,24528080182,196,post_depay
39782961304282,24537478165,197,post_depay
39782991593664,24542771225,198,post_depay
39783019302480,24576040138,199,post_depay
39783026528905,24602586921,200,post_depay
39783184696120,24609190777,201,post_depay
39783249482968,24789032013,202,post_depay
39783257296197,24854809488,203,post_depay
39783263081695,24860652188,204,post_depay
39783268546233,24866104258,205,post_depay
39783322386057,24917898209,206,post_depay
39783350083391,24927725194,207,post_depay
39783356743319,24954165428,208,post_depay
39783440976811,24961170540,209,post_depay
39783448166216,24978754152,210,post_depay
39783521637863,24984422123,211,post_depay
39783548746173,25060309339,212,post_depay
39783680217778,25248098969,213,post_depay
39783985372964,25257485584,214,post_depay
39783992597491,25569508625,215,post_depay
39783999061660,25575950285,216,post_depay
39784005386292,25582352612,217,post_depay
39784060694418,25634220758,218,post_depay
39784067108737,25644007207,219,post_depay
39784072870840,25649805439,220,post_depay
39784165083899,25655640017,221,post_depay
39784174978972,25769137791,222,post_depay
39784181677698,25778176142,223,post_depay
39784188108962,25784625735,224,post_depay
39784274461634,25791206750,225,post_depay
39784283720681,25871011090,226,post_decode
39784800831721,25891395700,227,post_depay
39784839737155,26371335881,228,post_decode
39784843302534,26414180244,229,post_depay
39784850367830,26414252599,230,post_decode
39785135597016,26424584084,231,post_depay
39785146623488,26706648973,232,post_decode
39785150894465,26721830348,233,post_depay
39785162893882,26721950071,234,post_decode
39785167216626,26738156901,235,post_depay
39785179317961,26738278555,236,post_decode
39785184086236,26755012788,237,post_depay
39785194432597,26755134456,238,post_decode
39785213366285,26781685257,239,post_depay
39785227060458,26784413581,240,post_decode
39785230774031,26801749831,241,post_depay
39785242612501,26801855369,242,post_decode
39785246539639,26817532839,243,post_depay
39785256100820,26817627207,244,post_decode
39785370511726,26938300606,245,post_depay
39785380129618,26940918435,246,post_decode
39785383578362,26953958994,247,post_depay
39785392444870,26954096887,248,post_decode
39785396029958,26966473489,249,post_depay
39785403790996,26966564615,250,post_decode
39785407811380,26978227625,251,post_depay
39785416296105,26978331360,252,post_decode
39785577116445,26990244589,253,post_depay
39785586942056,27147464353,254,post_decode
39785642785368,27161007132,255,post_depay
39785652597078,27213888032,256,post_decode
39785656859333,27227804696,257,post_depay
39785668275506,27227967100,258,post_decode
39785672777063,27243748687,259,post_depay
39785682594836,27243850574,260,post_decode
39785686339617,27257357929,261,post_depay
39785696307835,27257462819,262,post_decode
39785717342757,27270943096,263,post_depay
39785726747198,27288445659,264,post_decode
39785730421300,27301461513,265,post_depay
39785740220988,27301567461,266,post_decode
39785744004575,27315041042,267,post_depay
39785754895418,27315136499,268,post_decode
39785759445330,27330357608,269,post_depay
39785769813186,27330543422,270,post_decode
39785792142421,27359864546,271,post_depay
39785802181644,27363221086,272,post_decode
39785806524308,27377440904,273,post_depay
39785818136723,27377591319,274,post_decode
39785821908053,27392925836,275,post_depay
39785830444119,27393022787,276,post_decode
39785836001429,27405369702,277,post_depay
39785845684204,27407105916,278,post_decode
39785849301358,27419079693,279,post_depay
39785859438446,27419229506,280,post_decode
39785937896239,27433271433,281,post_depay
39785948252233,27507467196,282,post_decode
39785951540408,27521457158,283,post_depay
39785959453151,27521548453,284,post_decode
39785962795140,27532713853,285,post_depay
39785970814730,27532802226,286,post_decode
39785974904751,27544126886,287,post_depay
39785983487387,27544873335,288,post_decode
39786056660185,27557036155,289,post_depay
39786067841360,27626551008,290,post_decode
39786072289728,27642077867,291,post_depay
39786083274771,27642254023,292,post_decode
39786087006144,27656874719,293,post_depay
39786097215567,27656984534,294,post_decode
39786100569307,27670458223,295,post_depay
39786109228354,27670563092,296,post_decode
39786229756737,27682540045,297,post_depay
39786241179749,27800059937,298,post_decode
39786301330951,27815389724,299,post_depay
39786313159406,27871664702,300,post_decode
39786316992249,27887388328,301,post_depay
39786326655932,27887483057,302,post_decode
39786330412577,27900810612,303,post_depay
39786339264221,27900908721,304,post_decode
39786731405682,27961865070,305,post_depay
39786775958794,28301394412,306,post_decode
39786780724097,28351164979,307,post_depay
39786791264823,28351261414,308,post_decode
39786911016187,28366619372,309,post_depay
39786924718384,28480998275,310,post_decode
39786929605954,28499404063,311,post_depay
39786943347573,28499617338,312,post_decode
39786947879792,28517695991,313,post_depay
39786960127466,28517893488,314,post_decode
39786964349959,28534282413,315,post_depay
39786978801488,28534381745,316,post_decode
39787009289669,28578934061,317,post_depay
39787019586438,28579299938,318,post_decode
39787042676665,28593810392,319,post_depay
39787056321481,28612603975,320,post_decode
39787060235837,28630177406,321,post_depay
39787069321849,28630266423,322,post_decode
39787181705887,28642810413,323,post_depay
39787193946670,28752534496,324,post_decode
39787197594904,28768381462,325,post_depay
39787210102976,28768469520,326,post_decode
39787213846758,28784646630,327,post_depay
39787223907445,28784737847,328,post_decode
39787251848487,28798347846,329,post_depay
39787262905973,28822594209,330,post_decode
39787266761917,28837578669,331,post_depay
39787275517979,28837664538,332,post_decode
39787372907368,28849742320,333,post_depay
39787382284614,28943215043,334,post_decode
39787385610473,28955914088,335,post_depay
39787394432301,28956004514,336,post_decode
39787397633100,28967961403,337,post_depay
39787406442051,28968039240,338,post_decode
39787410741474,28980922406,339,post_depay
39787423266674,28981089130,340,post_decode
39787445972653,29014853218,341,post_depay
39787453109288,29016310134,342,post_decode
39787469817461,29026274015,343,post_depay
39787478692543,29040185174,344,post_decode
39787483968758,29054267314,345,post_depay
39787493571066,29054351704,346,post_decode
39787499428833,29069625999,347,post_depay
39787514480788,29069771906,348,post_decode
39787615196524,29088776439,349,post_depay
39787633402049,29186110208,350,post_decode
39787641042245,29211899777,351,post_depay
39787662052109,29212064665,352,post_decode
39787670886622,29241832018,353,post_depay
39787690891655,29241963438,354,post_decode
39787695287056,29266289710,355,post_depay
39787706733483,29266395400,356,post_decode
39787710898427,29281884357,357,post_depay
39787722827631,29282012454,358,post_decode
39787750687072,29297917403,359,post_depay
39787765271718,29321677635,360,post_decode
39787770089081,29340969599,361,post_depay
39787785039338,29341160222,362,post_decode
39787801248734,29360928057,363,post_depay
39787814291207,29371172810,364,post_decode
39787823251236,29393002091,365,post_depay
39787843224770,29393170382,366,post_decode
39787859305818,29428992499,367,post_depay
39787873836155,29429148274,368,post_decode
39787958960024,29448623092,369,post_depay
39787970937515,29528906038,370,post_decode
39787985310228,29550572442,371,post_depay
39787998171669,29555153856,372,post_decode
39788003763963,29573580759,373,post_depay
39788014140022,29573710365,374,post_decode
39788017988120,29587869801,375,post_depay
39788028504229,29587961683,376,post_decode
39788032280199,29602146022,377,post_depay
39788045236135,29602258454,378,post_decode
39788057610023,29624923177,379,post_depay
39788068465808,29627940262,380,post_decode
39788073037242,29643263513,381,post_depay
39788082976870,29643373529,382,post_decode
39788086776147,29657019242,383,post_depay
39788097092202,29657121596,384,post_decode
39788100677946,29670932784,385,post_depay
39788109851074,29671027776,386,post_decode
39788231651490,29800003591,387,post_depay
39788242779472,29801981475,388,post_decode
39788730206098,29820432434,389,post_depay
39788778712376,30260328368,390,post_decode
39788783026216,30313243358,391,post_depay
39788791555022,30313346311,392,post_decode
39788795572979,30325789888,393,post_depay
39788810341948,30325891600,394,post_decode
39788814704585,30344927959,395,post_depay
39788822020654,30345027428,396,post_decode
39788824710620,30354982443,397,post_depay
39788831388840,30355059983,398,post_decode
39788801403380,30364361527,399,post_depay
39788812866783,30371209966,400,post_decode
39788834706960,30386303018,401,post_depay
39788846665513,30404400582,402,post_decode
39788850503164,30420188676,403,post_depay
39788860146072,30420347304,404,post_decode
39788863894688,30433608102,405,post_depay
39788873858384,30433748696,406,post_decode
39788919988286,30447446683,407,post_depay
39788928776835,30489843502,408,post_decode
39788953545204,30502072296,409,post_depay
39788966175133,30523208112,410,post_decode
39788970242638,30540000787,411,post_depay
39788978872156,30540115291,412,post_decode
39788982251438,30552035496,413,post_depay
39788990648041,30552122384,414,post_decode
39789107615559,30625507571,415,post_depay
39789117796159,30678143317,416,post_decode
39789121500920,30692359487,417,post_depay
39789129316533,30692424478,418,post_decode
39789132826119,30703627770,419,post_depay
39789141990265,30703723667,420,post_decode
39789256555972,30807432910,421,post_depay
39789267138458,30827295397,422,post_decode
39789270948585,30841691848,423,post_depay
39789281640791,30841850343,424,post_decode
39789290636495,30855977934,425,post_depay
39789301523962,30861163826,426,post_decode
39789305155006,30875765643,427,post_depay
39789314758324,30875858991,428,post_decode
39789444625910,30888771938,429,post_depay
39789455503388,31015252262,430,post_decode
39789459560402,31030165810,431,post_depay
39789474697999,31030260881,432,post_decode
39789478283944,31048895576,433,post_depay
39789487917975,31048992177,434,post_decode
39789491737998,31062317334,435,post_depay
39789502889558,31062430114,436,post_decode
39789595380605,31164133070,437,post_depay
39789607428378,31165878875,438,post_decode
39789611406563,31181879528,439,post_depay
39789620380131,31181964781,440,post_decode
39789628166888,31194463030,441,post_depay
39789638568668,31198679946,442,post_decode
39789712480931,31213242670,443,post_depay
39789721459854,31283021271,444,post_decode
39789725284741,31295757198,445,post_depay
39789733839324,31295849395,446,post_decode
39789739900807,31307700535,447,post_depay
39789749080577,31310412810,448,post_decode
39789770022892,31323064834,449,post_depay
39789782060603,31340810462,450,post_decode
39789785756772,31356470402,451,post_depay
39789795236516,31356588788,452,post_decode
39789856995533,31369469955,453,post_depay
39789865300555,31427617616,454,post_decode
39789869174222,31439967357,455,post_depay
39789878215591,31440044794,456,post_decode
39789881950071,31452715979,457,post_depay
39789891773884,31452819756,458,post_decode
39789900583253,31466024511,459,post_depay
39789910793044,31471371167,460,post_decode
39789913966808,31484776382,461,post_depay
39789922687772,31484849246,462,post_decode
39790041899632,31508031540,463,post_depay
39790053983372,31612034909,464,post_decode
39790057417530,31627720124,465,post_depay
39790065894616,31627792497,466,post_decode
39790069299849,31639586686,467,post_depay
39790077817800,31639665849,468,post_decode
39790081510733,31651509513,469,post_depay
39790090685538,31651866893,470,post_decode
39790094800120,31664978211,471,post_depay
39790104417142,31665134750,472,post_decode
39790185188174,31752856174,473,post_depay
39790195760800,31755349321,474,post_decode
39790807612770,31769610532,475,post_depay
39790853971754,32378009733,476,post_decode
39790926815288,32428723155,477,post_depay
39790935717912,32497509786,478,post_decode
39790951520166,32511887554,479,post_depay
39790962388972,32522166616,480,post_decode
39790966284258,32536966836,481,post_depay
39790975384694,32537132405,482,post_decode
39791003317856,32549395976,483,post_depay
39791014647111,32574046292,484,post_decode
39791018262978,32589054223,485,post_depay
39791025969185,32589134308,486,post_decode
39791029184973,32599925779,487,post_depay
39791037893534,32600057785,488,post_decode
39791261513170,32612202843,489,post_depay
39791271715934,32832133214,490,post_decode
39791275422867,32846160392,491,post_depay
39791285989350,32846279688,492,post_decode
39791290164674,32860866032,493,post_depay
39791300274934,32860962329,494,post_decode
39791304302795,32875023214,495,post_depay
39791318859943,32875137709,496,post_decode
39791326324686,32897052509,497,post_depay
39791341336572,32897149304,498,post_decode
39791345448487,32916177783,499,post_depay
39791355358191,32916291206,500,post_decode
39791359413175,32930106217,501,post_depay
39791370838273,32930237647,502,post_decode
39791374816563,32945430560,503,post_depay
39791390940842,32945659100,504,post_decode
39791462831627,32965422906,505,post_depay
39791478677849,33033645220,506,post_decode
39791518679401,33053196845,507,post_depay
39791530372237,33088740986,508,post_decode
39791566243160,33133844391,509,post_depay
39791580063131,33136157697,510,post_decode
39791638785235,33156985701,511,post_depay
39791654399828,33209000214,512,post_decode
39791659819534,33229789907,513,post_depay
39791669992953,33230039151,514,post_decode
39791674352626,33244431902,515,post_depay
39791685564972,33244593736,516,post_decode
39791799883578,33367820181,517,post_depay
39791815028815,33369927031,518,post_decode
39791826599778,33389152007,519,post_depay
39791837635310,33396461335,520,post_decode
39791846818379,33411541266,521,post_depay
39791859526857,33416768855,522,post_decode
39791865941410,33435915556,523,post_depay
39791877402648,33436018566,524,post_decode
39791966249193,33453821183,525,post_depay
39791980801466,33536357354,526,post_decode
39791984663422,33554741697,527,post_depay
39791998537618,33554833343,528,post_decode
39792002123259,33572197698,529,post_depay
39792011670129,33572294697,530,post_decode
39792014982839,33585099728,531,post_depay
39792024854035,33585179084,532,post_decode
39792099758412,33598549001,533,post_depay
39792109902116,33669928131,534,post_decode
39792116261482,33686322344,535,post_depay
39792126653418,33686410997,536,post_decode
39792130583589,33700548045,537,post_depay
39792140985148,33700681623,538,post_decode
39792145139658,33715228125,539,post_depay
39792154291427,33715324589,540,post_decode
39792227988118,33728692293,541,post_depay
39792241357189,33798540329,542,post_decode
39792246878649,33817384570,543,post_depay
39792257885733,33817554079,544,post_decode
39792262615040,33833195728,545,post_depay
39792278098355,33833300831,546,post_decode
39792282162764,33852780651,547,post_depay
39792294313317,33852870852,548,post_decode
39792328024633,33869857457,549,post_depay
39792339964933,33898500295,550,post_decode
39792376582453,33915077592,551,post_depay
39792387130989,33947108878,552,post_decode
39792577810746,33961911720,553,post_depay
39792612711002,34147816106,554,post_decode
39792617373009,34187327202,555,post_depay
39792626240167,34187480794,556,post_decode
39792630213626,34200217035,557,post_depay
39792641487578,34200384091,558,post_decode
39792652419135,34218569287,559,post_depay
39792662908829,34222558279,560,post_decode
39792666534434,34236605430,561,post_depay
39792677516336,34236707082,562,post_decode
39792680767461,34251131739,563,post_depay
39792690651834,34251220368,564,post_decode
39792801029395,34265045771,565,post_depay
39792811022903,34371403923,566,post_decode
39792814511536,34384885704,567,post_depay
39792825127756,34384974179,568,post_decode
39792829051508,34399304897,569,post_depay
39792839071523,34399467714,570,post_decode
39792877029198,34413780781,571,post_depay
39792888017266,34447422418,572,post_decode
39792912085592,34462610575,573,post_depay
39792923899971,34482326908,574,post_decode
39792921483942,34498037699,575,post_depay
39792931711483,34498210681,576,post_decode
39792935517201,34512061311,577,post_depay
39792945302690,34512168542,578,post_decode
39792949138385,34525741982,579,post_depay
39792962817212,34525865849,580,post_decode
39793073821283,34544598860,581,post_depay
39793084233340,34650406169,582,post_decode
39793088314191,34664841776,583,post_depay
39793099715712,34665022554,584,post_decode
39793103466479,34680121957,585,post_depay
39793112202291,34680210283,586,post_decode
39793116223462,34692828435,587,post_depay
39793125824933,34692937288,588,post_decode
39793177731707,34720675552,589,post_depay
39793195492254,34774106681,590,post_decode
39793200208766,34796469336,591,post_depay
39793211054803,34796601907,592,post_decode
39793215556889,34811839631,593,post_depay
39793227072828,34811953810,594,post_decode
39793231847294,34828025596,595,post_depay
39793242610782,34828216101,596,post_decode
39793318365270,34911262500,597,post_depay
39793327343803,34914782532,598,post_decode
39793331187210,34927489414,599,post_depay
39793344217576,34927597576,600,post_decode
39793348658062,34944905404,601,post_depay
39793358353413,34945040187,602,post_decode
39793362645467,34958913047,603,post_depay
39793372423934,34959017489,604,post_decode
39793529161554,35097987898,605,post_depay
39793539785702,35099956431,606,post_decode
39793543474402,35114185545,607,post_depay
39793553153434,35114323843,608,post_decode
39793556880887,35127643217,609,post_depay
39793566242934,35127733835,610,post_decode
39793570082755,35140762188,611,post_depay
39793580254301,35140875215,612,post_decode
39793585121989,35155849974,613,post_depay
39793594532620,35155935495,614,post_decode
39793626922825,35168602285,615,post_depay
39793681683658,35197772367,616,post_decode
39793685840536,35216335506,617,post_depay
39793697335374,35216431361,618,post_decode
39793788676120,35232428617,619,post_depay
39793828529536,35319094657,620,post_decode
39793833923834,35364454627,621,post_depay
39793841234544,35364547826,622,post_decode
39793848945500,35377820780,623,post_depay
39793862112247,35379546920,624,post_decode
39793866640257,35397114666,625,post_depay
39793879540322,35397248031,626,post_decode
39793883584996,35414117782,627,post_depay
39793894761867,35414222300,628,post_decode
39793937274776,35431898716,629,post_depay
39793948811866,35467785751,630,post_decode
39793952596254,35483073081,631,post_depay
39793964050622,35483226356,632,post_decode
39793931080437,35507775569,633,post_depay
39793941611768,35507887954,634,post_decode
39793979763925,35522744114,635,post_depay
39793988346857,35556551109,636,post_decode
39794044064376,35568389505,637,post_depay
39794055983055,35620669160,638,post_decode
39794059912672,35636474534,639,post_depay
39794071220064,35636620007,640,post_decode
39794078420989,35655060374,641,post_depay
39794090505015,35655222547,642,post_decode
39794214615561,35670839190,643,post_depay
39794224471652,35811497508,644,post_decode
39794228327122,35825161260,645,post_depay
39794237918912,35825257032,646,post_decode
39794242125135,35838954448,647,post_depay
39794250854538,35839046995,648,post_decode
39794254320736,35851133009,649,post_depay
39794264405416,35851251103,650,post_decode
39794268216043,35864996484,651,post_depay
39794279267523,35865122923,652,post_decode
39794283387313,35880182408,653,post_depay
39794293925174,35880318800,654,post_decode
39794298105883,35894909237,655,post_depay
39794309339819,35895028800,656,post_decode
39794324069939,35920575075,657,post_depay
39794335921561,35920839960,658,post_decode
39794339925710,35936644204,659,post_depay
39794351732016,35936823074,660,post_decode
39794370549306,35952368228,661,post_depay
39794407750771,35967430483,662,post_decode
39794411400400,35982105736,663,post_depay
39794421951153,35982204860,664,post_decode
39794425685948,35996380627,665,post_depay
39794434395387,35996475384,666,post_decode
39794437807281,36008491852,667,post_depay
39794447106981,36008601488,668,post_decode
39794487568410,36056351696,669,post_depay
39794494531296,36058380341,670,post_decode
39794500991601,36071528823,671,post_depay
39794515083154,36071695783,672,post_decode
39794519971353,36090459493,673,post_depay
39794530951254,36090690868,674,post_decode
39794535480293,36106143563,675,post_depay
39794546930830,36106259521,676,post_decode
39794566898103,36134999954,677,post_depay
39794578046655,36137588871,678,post_decode
39794622419818,36153086973,679,post_depay
39794634534921,36193074918,680,post_decode
39794639062216,36209671294,681,post_depay
39794649101639,36209831304,682,post_decode
39794665369130,36223732665,683,post_depay
39794677761361,36235891497,684,post_decode
39794699841601,36256466608,685,post_depay
39794715310242,36270286651,686,post_decode
39794725854067,36290742876,687,post_depay
39794736961280,36296427545,688,post_decode
39794746257318,36313452842,689,post_depay
39794756642995,36316807837,690,post_decode
39794760749543,36331161947,691,post_depay
39794772746084,36331347164,692,post_decode
39794877342216,36347426406,693,post_depay
39794888851991,36447722592,694,post_decode
39794892483994,36462696918,695,post_depay
39794901182307,36462773517,696,post_decode
39794904638745,36474829300,697,post_depay
39794913690379,36474918315,698,post_decode
39794917068535,36487210734,699,post_depay
39794927750747,36487306585,700,post_decode
39794931141159,36501337885,701,post_depay
39794940138874,36501425787,702,post_decode
39795018077855,36586277045,703,post_depay
39795029403884,36588264405,704,post_decode
39795353983674,36603356030,705,post_depay
39795407030571,36924626547,706,post_decode
39795412483214,36983606917,707,post_depay
39795421595458,36983720314,708,post_decode
39795432491596,36996147536,709,post_depay
39795446126440,37003741827,710,post_decode
39795465703489,37022988374,711,post_depay
39795478201533,37036940439,712,post_decode
39795481903439,37053108426,713,post_depay
39795492589511,37053212402,714,post_decode
39795496010518,37067267695,715,post_depay
39795505169769,37067354731,716,post_decode
39795508723448,37079952793,717,post_depay
39795517959002,37080047782,718,post_decode
39795521849123,37093056658,719,post_depay
39795531337582,37093164463,720,post_decode
39795630050366,37141305275,721,post_depay
39795642733479,37201286001,722,post_decode
39795647253229,37218339718,723,post_depay
39795662123813,37218453304,724,post_decode
39795670493754,37241546590,725,post_depay
39795682575768,37241661082,726,post_decode
39795686685514,37257804931,727,post_depay
39795697497180,37257919406,728,post_decode
39795701840224,37272974676,729,post_depay
39795714220742,37273063045,730,post_decode
39795718422003,37289537078,731,post_depay
39795733957906,37289639235,732,post_decode
39795738589802,37309703971,733,post_depay
39795754412486,37309818652,734,post_decode
39795761362598,37332439095,735,post_depay
39795773757732,37332580530,736,post_decode
39795857331773,37426553595,737,post_depay
39795866673134,37428597095,738,post_decode
39795880821389,37442230450,739,post_depay
39795894587456,37452068917,740,post_decode
39795898708636,37469885850,741,post_depay
39795909586429,37469976023,742,post_decode
39795913660779,37484783119,743,post_depay
39795924494603,37484927075,744,post_decode
39795963613116,37499702301,745,post_depay
39795973373630,37534837268,746,post_decode
39795977220758,37548367143,747,post_depay
39795987537347,37548472116,748,post_decode
39795991431858,37562574915,749,post_depay
39796000781900,37562680765,750,post_decode
39796004390909,37575536237,751,post_depay
39796013958344,37575659014,752,post_decode
39796017431421,37588610131,753,post_depay
39796026733616,37588711385,754,post_decode
39796168989898,37601111617,755,post_depay
39796182826514,37741004346,756,post_decode
39796187207071,37759149998,757,post_depay
39796197577922,37759254329,758,post_decode
39796201575837,37773541889,759,post_depay
39796211344192,37773640807,760,post_decode
39796214880742,37786822482,761,post_depay
39796225586996,37786923471,762,post_decode
39796243507913,37813534946,763,post_depay
39796255269885,37815550634,764,post_decode
39796261998816,37833920229,765,post_depay
39796272179475,37834011700,766,post_decode
39796276319649,37848145206,767,post_depay
39796290497676,37848342312,768,post_decode
39796294204593,37866145999,769,post_depay
39796305741034,37866260605,770,post_decode
39796309657613,37881598373,771,post_depay
39796319686332,37881684912,772,post_decode
39796390693452,37895896433,773,post_depay
39796402884797,37962636507,774,post_decode
39796428764102,37979235620,775,post_depay
39796439594869,38000709394,776,post_decode
39796442979357,38014897777,777,post_depay
39796453347514,38014989449,778,post_decode
39796528113849,38028748716,779,post_depay
39796539063729,38100006443,780,post_decode
39796560831887,38115052930,781,post_depay
39796571952740,38132792413,782,post_decode
39796578127221,38149954582,783,post_depay
39796590710732,38150103737,784,post_decode
39796605380042,38169314218,785,post_depay
39796619320263,38175796287,786,post_decode
39796746501875,38193816647,787,post_depay
39796759111988,38317077018,788,post_decode
39796763353383,38333872748,789,post_depay
39796776669024,38334023704,790,post_decode
39797143354939,38596429188,791,post_depay
39797153821509,38724603453,792,post_depay
39797224376905,38733749707,793,post_depay
39797414361066,38803803720,794,post_depay
39797422595398,38993888568,795,post_depay
39797429525231,39000866017,796,post_depay
39797435923490,39007263889,797,post_depay
39797495202659,39014751114,798,post_depay
39797503328267,39074544863,799,post_depay
39797508960609,39080231606,800,post_depay
39797515648975,39086858129,801,post_depay
39797608773704,39096068954,802,post_depay
39797617862746,39188223894,803,post_depay
39797624772444,39195164554,804,post_depay
39797630742822,39201151134,805,post_depay
39797636441051,39206859232,806,post_depay
39797641198636,39211594062,807,post_depay
39797921276370,39489954421,808,post_depay
39797929004799,39499880409,809,post_depay
39797934918158,39505851010,810,post_depay
39797940355904,39511283598,811,post_depay
39797945691460,39516543020,812,post_depay
39797951474059,39522376046,813,post_depay
39798163746807,39528364243,814,post_depay
39798170325287,39741299056,815,post_depay
39798208100035,39747934241,816,post_depay
39798216377026,39787307874,817,post_depay
39798351500958,39793407912,818,post_depay
39798359141371,39929266109,819,post_depay
39798365291631,39935466830,820,post_depay
39798371341634,39941552276,821,post_depay
39798376254772,39946452924,822,post_depay
39798381405081,39951612958,823,post_depay
39798525546293,39956651741,824,post_depay
39798561299933,40103890581,825,post_depay
39798568424189,40138958910,826,post_depay
39798574485715,40145052439,827,post_depay
39798586217127,40150130002,828,post_depay
39798629846018,40164032389,829,post_depay
39798840253089,40209531121,830,post_depay
39798848801399,40379840294,831,post_depay
39798895982160,40386826547,832,post_depay
39798903982393,40435050950,833,post_depay
39798909842733,40440929141,834,post_depay
39799051132158,40446940253,835,post_depay
39799060049473,40591215635,836,post_depay
39799066345749,40597524553,837,post_depay
39799072236744,40603421410,838,post_depay
39799079451082,40603495757,839,post_decode
39799435009677,40614205833,840,post_depay
39799470113475,41005083321,841,post_decode
39799474523274,41044589412,842,post_depay
39799482166007,41044690120,843,post_decode
39799485567778,41055686165,844,post_depay
39799496048098,41055789711,845,post_decode
39799542960134,41069598718,846,post_depay
39799556887890,41113664707,847,post_decode
39799561480141,41132070390,848,post_depay
39799577056499,41132200329,849,post_decode
39799581059028,41151646104,850,post_depay
39799592229603,41151779091,851,post_decode
39799646358616,41166441314,852,post_depay
39799657710914,41216858267,853,post_decode
39799749294408,41231610807,854,post_depay
39799762678069,41319909934,855,post_decode
39799770574005,41340749585,856,post_depay
39799781775473,41340854721,857,post_decode
39799789114658,41359209419,858,post_depay
39799801796888,41359364130,859,post_decode
39799808165331,41378284039,860,post_depay
39799819440561,41378405183,861,post_decode
39799997802731,41565596096,862,post_depay
39800010586078,41567497107,863,post_decode
39800041074619,41584956639,864,post_depay
39800052925861,41611589665,865,post_decode
39800056655772,41627475419,866,post_depay
39800067021619,41627620915,867,post_decode
39800304355564,41846476234,868,post_depay
39800316153773,41875064027,869,post_decode
39800320199666,41890928242,870,post_depay
39800330771469,41891018974,871,post_decode
39800334964987,41905706159,872,post_depay
39800345957573,41905822873,873,post_decode
39800401286753,41920631725,874,post_depay
39800412679698,41972016593,875,post_decode
39800416009035,41986817609,876,post_depay
39800424519165,41986891138,877,post_decode
39800427903029,41998683661,878,post_depay
39800435863744,41998763646,879,post_decode
39800439265550,42010034142,880,post_depay
39800448822673,42010138597,881,post_decode
39800451934238,42022737929,882,post_depay
39800460544269,42022824426,883,post_decode
39800604586390,42034265188,884,post_depay
39800616057402,42174703488,885,post_decode
39800619412023,42189641512,886,post_depay
39800628139893,42189717045,887,post_decode
39800631206007,42201423275,888,post_depay
39800639592526,42201505322,889,post_decode
39800677113092,42220854852,890,post_depay
39800688566631,42247271492,891,post_decode
39800692011225,42262214481,892,post_depay
39800702182512,42262315041,893,post_decode
39800706099830,42276272370,894,post_depay
39800717254034,42276388044,895,post_decode
39800721710351,42291822633,896,post_depay
39800731725233,42291929338,897,post_decode
39800735857095,42305983307,898,post_depay
39800746214568,42306097694,899,post_decode
39800917333884,42445232009,900,post_depay
39800928480341,42487344245,901,post_decode
39800932060592,42502238129,902,post_depay
39800942759642,42502322176,903,post_decode
39800947349136,42517306611,904,post_depay
39800963157619,42517558034,905,post_decode
39800970880981,42540875880,906,post_depay
39800981765904,42541064399,907,post_decode
39801028686539,42596748137,908,post_depay
39801042870075,42598869667,909,post_decode
39801076964628,42616426586,910,post_depay
39801088699694,42646979288,911,post_decode
39801092092204,42662233355,912,post_depay
39801101137620,42662320007,913,post_decode
39801104705476,42674829473,914,post_depay
39801113824631,42674925644,915,post_decode
39801962278564,42687557418,916,post_depay
39802019996779,43532049530,917,post_decode
39802024542812,43594495664,918,post_depay
39802034291119,43594622114,919,post_decode
39802042118770,43612025670,920,post_depay
39802054971185,43612176608,921,post_decode
39802088233258,43629777466,922,post_depay
39802101896609,43658249038,923,post_decode
39802105842760,43675730207,924,post_depay
39802115693051,43675913244,925,post_decode
39802119419174,43689371102,926,post_depay
39802128408637,43689481501,927,post_decode
39802131629322,43701608385,928,post_depay
39802140301603,43701706981,929,post_decode
39802168422812,43713808436,930,post_depay
39802178612320,43738279867,931,post_decode
39802189392007,43752266623,932,post_depay
39802199307212,43759372205,933,post_decode
39802305951716,43874011430,934,post_depay
39802317205266,43876014435,935,post_decode
39802324478741,43894454560,936,post_depay
39802334465334,43894575024,937,post_decode
39802340873238,43910794214,938,post_depay
39802351809802,43910952962,939,post_decode
39802448100984,43926019270,940,post_depay
39802461312812,44018074912,941,post_decode
39802464655822,44034737049,942,post_depay
39802473492854,44034808785,943,post_decode
39802476828996,44046888038,944,post_depay
39802485292995,44046977235,945,post_decode
39802489240582,44059242592,946,post_depay
39802498789005,44059360380,947,post_decode
39802529585089,44097765524,948,post_depay
39802540961160,44099699925,949,post_decode
39802544765796,44114813639,950,post_depay
39802554575305,44114900999,951,post_decode
39802558464138,44128394882,952,post_depay
39802567669725,44128559627,953,post_decode
39802776101563,44141263305,954,post_depay
39802787150980,44346325518,955,post_decode
39802790490746,44360624949,956,post_depay
39802798354671,44360720164,957,post_decode
39802801290256,44371430456,958,post_depay
39802808393822,44371504464,959,post_decode
39802811482539,44381627167,960,post_depay
39802819314373,44381719051,961,post_decode
39802823279127,44393342109,962,post_depay
39802832120682,44393460159,963,post_decode
39803014305869,44538347643,964,post_depay
39803026186629,44590959235,965,post_decode
39803029732499,44606439914,966,post_depay
39803038964057,44606539017,967,post_decode
39803042540979,44619089679,968,post_depay
39803053032636,44619328810,969,post_decode
39803056519045,44633191318,970,post_depay
39803067077183,44633311874,971,post_decode
39803096678740,44647345806,972,post_depay
39803112602141,44673357918,973,post_decode
39803117873845,44694423867,974,post_depay
39803133102223,44694598175,975,post_decode
39803137550561,44714198440,976,post_depay
39803148465640,44714322237,977,post_decode
39803152678407,44729322065,978,post_depay
39803164213835,44729443726,979,post_decode
39803285398047,44745349594,980,post_depay
39803296552563,44881629542,981,post_decode
39803300264723,44896621191,982,post_depay
39803309659417,44896715220,983,post_decode
39803343424282,44909776738,984,post_depay
39803353121719,44939562247,985,post_decode
39803356710134,44953071091,986,post_depay
39803366058149,44953166646,987,post_decode
39803600009883,44965828024,988,post_depay
39803611155574,45169814491,989,post_decode
39803638493570,45206459481,990,post_depay
39803649273971,45208405926,991,post_decode
39803653198460,45223727586,992,post_depay
39803662912811,45223830939,993,post_decode
39803666668132,45237219517,994,post_depay
39803680896467,45237336111,995,post_decode
39803786924244,45310357898,996,post_depay
39803798150396,45357412132,997,post_decode
39803802102261,45372649297,998,post_depay
39803812045752,45372749074,999,post_decode
39803847358973,45385903904,1000,post_depay
39803859687725,45417400933,1001,post_decode
39804640800241,45434397023,1002,post_depay
39804674961715,46210552656,1003,post_decode
39804772501019,46249068588,1004,post_depay
39804784191612,46342971025,1005,post_decode
39804804991000,46360438180,1006,post_depay
39804816385094,46375447977,1007,post_decode
39804820633765,46391010063,1008,post_depay
39804830963596,46391133320,1009,post_decode
39804835576052,46405877113,1010,post_depay
39804847093883,46406024380,1011,post_decode
39804897705706,46421157454,1012,post_depay
39804909855918,46467867549,1013,post_decode
39804913972613,46484035137,1014,post_depay
39804923970102,46484138270,1015,post_decode
39804957116775,46497793397,1016,post_depay
39804968024776,46527139265,1017,post_decode
39804971694874,46541785380,1018,post_depay
39804980449584,46541863380,1019,post_decode
39805043993123,46554036928,1020,post_depay
39805054661861,46614009747,1021,post_decode
39805094609079,46628117854,1022,post_depay
39805106344576,46664432266,1023,post_decode
39805109742727,46679838544,1024,post_depay
39805118453622,46679920423,1025,post_decode
39805121964890,46692232521,1026,post_depay
39805131752227,46692319968,1027,post_decode
39805225001948,46706004870,1028,post_depay
39805235709378,46795127277,1029,post_decode
39805239674687,46809893674,1030,post_depay
39805248567958,46810016454,1031,post_decode
39805252642371,46822887709,1032,post_depay
39805261389623,46822986929,1033,post_decode
39805264218076,46834500983,1034,post_depay
39805270832785,46834589286,1035,post_decode
39805337199347,46905609593,1036,post_depay
39805344848587,46907551239,1037,post_decode
39805375049907,46918425474,1038,post_depay
39805386410126,46945188517,1039,post_decode
39805390173513,46960423418,1040,post_depay
39805400260543,46960530314,1041,post_decode
39805403964603,46974241405,1042,post_depay
39805413228808,46974330392,1043,post_decode
39805458523360,46987144928,1044,post_depay
39805467487136,47028836585,1045,post_decode
39805471462856,47041656135,1046,post_depay
39805480481999,47041812753,1047,post_decode
39805483886162,47054158253,1048,post_depay
39805493434047,47054255338,1049,post_decode
39805496635884,47066920114,1050,post_depay
39805504710587,47067009411,1051,post_decode
39805584933142,47078280486,1052,post_depay
39805596287111,47155095668,1053,post_decode
39805600208294,47170790599,1054,post_depay
39805611441489,47171000933,1055,post_decode
39805677962102,47246915877,1056,post_depay
39805689400231,47248585127,1057,post_decode
39805693149266,47263808916,1058,post_depay
39805703063500,47263941537,1059,post_decode
39805707203238,47277916901,1060,post_depay
39805717083943,47278003954,1061,post_decode
39805721107112,47291814987,1062,post_depay
39805730127793,47291900192,1063,post_decode
39805733983011,47304501440,1064,post_depay
39805744427851,47304720004,1065,post_decode
39805748806091,47319548185,1066,post_depay
39805757728484,47319606796,1067,post_decode
39805761332235,47332060291,1068,post_depay
39805768605012,47332138360,1069,post_decode
39805771369035,47342147271,1070,post_depay
39805776951411,47342210187,1071,post_decode
39805879425057,47446942355,1072,post_depay
39805890733902,47449744318,1073,post_decode
39805894735258,47465266665,1074,post_depay
39805904980027,47465366744,1075,post_decode
39805909142183,47479618591,1076,post_depay
39805919625321,47479771827,1077,post_decode
39805924053926,47494588977,1078,post_depay
39805933071509,47494678328,1079,post_decode
39805940090285,47507227346,1080,post_depay
39805950211322,47510657677,1081,post_decode
39805954669955,47525123275,1082,post_depay
39805965191629,47525284272,1083,post_decode
39806288027050,47793210083,1084,post_depay
39806296689485,47866343166,1085,post_depay
39806349221331,47874333295,1086,post_depay
39806357788105,47928614310,1087,post_depay
39806364161132,47935134220,1088,post_depay
39806370628072,47941551884,1089,post_depay
39806476190535,48042413670,1090,post_depay
39806483647282,48054426413,1091,post_depay
39806491445001,48062331385,1092,post_depay
39806499440473,48069009718,1093,post_depay
39806507466497,48078312947,1094,post_depay
39806532848767,48085854235,1095,post_depay
39806540515109,48111426180,1096,post_depay
39806546489360,48117420666,1097,post_depay
39806559250202,48125311795,1098,post_depay
39806567216245,48138077688,1099,post_depay
39806573698961,48144653756,1100,post_depay
39806579331995,48150313783,1101,post_depay
39806603638868,48174586151,1102,post_depay
39806610772499,48181880595,1103,post_depay
39806616996186,48188131937,1104,post_depay
39806628132227,48199132047,1105,post_depay
39806635447599,48206390399,1106,post_depay
39806671297821,48214350258,1107,post_depay
39806695005584,48249983466,1108,post_depay
39806829572134,48397662860,1109,post_depay
39806898731409,48467068634,1110,post_depay
39806905790477,48476071975,1111,post_depay
39806912895071,48482294109,1112,post_depay
39806943045975,48511233077,1113,post_depay
39806952269401,48520376395,1114,post_depay
39806961239525,48531385000,1115,post_depay
39806968746402,48538962975,1116,post_depay
39806976262707,48546536648,1117,post_depay
39806983402704,48553695668,1118,post_depay
39807013490146,48578161241,1119,post_depay
39807022018386,48592122291,1120,post_depay
39807029683465,48599936213,1121,post_depay
39807037529895,48607365640,1122,post_depay
39807045857100,48616123910,1123,post_depay
39807080820955,48622987272,1124,post_depay
39807094579166,48665548999,1125,post_depay
39807105300210,48676328228,1126,post_depay
39807114706813,48685318847,1127,post_depay
39807223264889,48694500072,1128,post_depay
39807239088672,48804369553,1129,post_depay
39807280494414,48849684623,1130,post_depay
39807311600641,48879783010,1131,post_depay
39807323477697,48882370139,1132,post_decode
39807653765508,49053579163,1133,post_depay
39807706740417,49225106291,1134,post_decode
39807714334523,49285710945,1135,post_depay
39807723883353,49285807903,1136,post_decode
39807727495638,49298912684,1137,post_depay
39807737763929,49299006584,1138,post_decode
39807741814616,49313217307,1139,post_depay
39807751575708,49313315419,1140,post_decode
39807776197983,49344568813,1141,post_depay
39807790027317,49347684213,1142,post_decode
39807794355275,49365448259,1143,post_depay
39807806605258,49365849960,1144,post_decode
39807810636794,49381354539,1145,post_depay
39807821092866,49381465605,1146,post_decode
39807853377515,49396682161,1147,post_depay
39807869721680,49424090374,1148,post_decode
39807877177631,49447714325,1149,post_depay
39807897067917,49447954753,1150,post_decode
39807903590686,49474225679,1151,post_depay
39807923622895,49474358031,1152,post_decode
39807930073446,49500688161,1153,post_depay
39807947151417,49500866658,1154,post_decode
39807955446306,49525921923,1155,post_depay
39807975369108,49526141478,1156,post_decode
39807992435008,49556295320,1157,post_depay
39808007539702,49563158763,1158,post_decode
39808015004996,49585762690,1159,post_depay
39808024452889,49585848313,1160,post_decode
39808065956394,49600902160,1161,post_depay
39808076718877,49636717796,1162,post_decode
39808080570398,49651354401,1163,post_depay
39808092317749,49651457153,1164,post_decode
39808096123320,49666924545,1165,post_depay
39808106645042,49667025002,1166,post_decode
39808110426234,49681231725,1167,post_depay
39808123765278,49681328509,1168,post_decode
39808156002156,49718218871,1169,post_depay
39808169615287,49726797609,1170,post_decode
39808268899559,49744728784,1171,post_depay
39808280320347,49839253251,1172,post_decode
39808283783289,49854460909,1173,post_depay
39808292430786,49854540660,1174,post_decode
39808296078324,49866741863,1175,post_depay
39808309213940,49866833338,1176,post_decode
39808312937912,49883584782,1177,post_depay
39808325946955,49883690051,1178,post_decode
39808345780046,49901727484,1179,post_depay
39808356558812,49916496356,1180,post_decode
39808360434916,49931072453,1181,post_depay
39808370019673,49931176959,1182,post_decode
39808373816493,49944483391,1183,post_depay
39808386365339,49944597516,1184,post_decode
39808390280704,49960911496,1185,post_depay
39808399976021,49961013399,1186,post_decode
39808410065321,49980423121,1187,post_depay
39808421267204,49980701343,1188,post_decode
39808466217768,50032535753,1189,post_depay
39808481910192,50036951130,1190,post_decode
39808486568211,50057111433,1191,post_depay
39808497962044,50057272541,1192,post_decode
39808502053261,50072652947,1193,post_depay
39808511991795,50072772563,1194,post_decode
39808560250048,50122485191,1195,post_depay
39808572842224,50131368824,1196,post_decode
39808594098146,50164083045,1197,post_depay
39808605851750,50164470707,1198,post_decode
39808610424154,50181472227,1199,post_depay
39808623865724,50181577120,1200,post_decode
39808627807721,50198855910,1201,post_depay
39808639100173,50198960274,1202,post_decode
39808643202304,50214228416,1203,post_depay
39808653836551,50214338462,1204,post_decode
39808667251015,50229442637,1205,post_depay
39808686374412,50238357287,1206,post_decode
39808700638761,50269461958,1207,post_depay
39808715981452,50271500296,1208,post_decode
39808753915026,50321527266,1209,post_depay
39808770331638,50325042732,1210,post_decode
39808775081089,50345679684,1211,post_depay
39808788009835,50345868691,1212,post_decode
39808792480765,50363188738,1213,post_depay
39808804843132,50363295827,1214,post_decode
39808809675908,50380338365,1215,post_depay
39808822446893,50380453693,1216,post_decode
39808827257911,50397971984,1217,post_depay
39808841407227,50398074415,1218,post_decode
39809708566056,50474539224,1219,post_depay
39809755856761,51279497796,1220,post_decode
39809803319275,51330688149,1221,post_depay
39809814247732,51374127634,1222,post_decode
39809817569288,51388589621,1223,post_depay
39809827722992,51388666761,1224,post_decode
39809831316727,51402303411,1225,post_depay
39809846381666,51402405528,1226,post_decode
39809892205708,51421198595,1227,post_depay
39809908932118,51463218765,1228,post_decode
39809913826930,51484660293,1229,post_depay
39809930085212,51484852036,1230,post_decode
39809938984744,51509839947,1231,post_depay
39809951664088,51509976574,1232,post_decode
39809956640279,51527588806,1233,post_depay
39809967051405,51527690612,1234,post_decode
39810095866048,51663784018,1235,post_depay
39810112107186,51666918742,1236,post_decode
39810117760297,51688835111,1237,post_depay
39810141691328,51688928677,1238,post_decode
39810146944339,51717871797,1239,post_depay
39810159852103,51718054182,1240,post_decode
39810163675663,51734744271,1241,post_depay
39810173482574,51734845186,1242,post_decode
39810252875534,51823458945,1243,post_depay
39810265302545,51823669184,1244,post_decode
39810269439420,51840032448,1245,post_depay
39810282361833,51840230511,1246,post_decode
39810291607653,51862292582,1247,post_depay
39810302539694,51862412854,1248,post_decode
39810309717586,51880470719,1249,post_depay
39810324268140,51880607460,1250,post_decode
39810329321093,51900110416,1251,post_depay
39810344673739,51900220040,1252,post_decode
39810547746727,52116433803,1253,post_depay
39810560489577,52118768914,1254,post_decode
39810564263067,52135434279,1255,post_depay
39810574769945,52135524534,1256,post_decode
39810578385129,52149526753,1257,post_depay
39810587130843,52149631009,1258,post_decode
39810590805110,52161958203,1259,post_depay
39810599995640,52162065538,1260,post_decode
39810768625294,52315005574,1261,post_depay
39810779808881,52339538400,1262,post_decode
39810783413540,52354268563,1263,post_depay
39810798348901,52354361887,1264,post_decode
39810801848032,52372709935,1265,post_depay
39810811850415,52372791504,1266,post_decode
39810815380705,52386246003,1267,post_depay
39810824428561,52386332345,1268,post_decode
39810857817043,52426690451,1269,post_depay
39810868066704,52428713509,1270,post_decode
39810872273985,52443017568,1271,post_depay
39810883630293,52443165215,1272,post_decode
39810917118125,52458370945,1273,post_depay
39810930242343,52487921542,1274,post_decode
39810934282666,52505066234,1275,post_depay
39810945953711,52505171145,1276,post_decode
39810949732668,52520557930,1277,post_depay
39810961308366,52520670640,1278,post_decode
39811050830785,52583142089,1279,post_depay
39811063958743,52621615426,1280,post_decode
39811067729237,52638713528,1281,post_depay
39811077412125,52638796860,1282,post_decode
39811153134581,52713913485,1283,post_depay
39811163468987,52724092942,1284,post_decode
39811214377042,52739058052,1285,post_depay
39811226623082,52785011311,1286,post_decode
39811275130990,52842801071,1287,post_depay
39811284319514,52846130600,1288,post_decode
39811290040587,52860947871,1289,post_depay
39811300182549,52861044249,1290,post_decode
39811304230333,52875128601,1291,post_depay
39811317008641,52875224305,1292,post_decode
39811337169655,52902362740,1293,post_depay
39811347849453,52908090105,1294,post_decode
39811351770630,52922669350,1295,post_depay
39811363231979,52922771434,1296,post_decode
39811367569992,52938462370,1297,post_depay
39811383725447,52938577257,1298,post_decode
39811387823220,52958674845,1299,post_depay
39811397916096,52958782814,1300,post_decode
39811566786442,53003569870,1301,post_depay
39811600281208,53137197114,1302,post_decode
39811616091529,53176771224,1303,post_depay
39811625047103,53186624140,1304,post_decode
39811629268408,53199971876,1305,post_depay
39811639910126,53200083984,1306,post_decode
39811672092698,53237538318,1307,post_depay
39811683042207,53242884860,1308,post_decode
39811687400583,53257941290,1309,post_depay
39811698655684,53258153987,1310,post_decode
39811702827008,53273369445,1311,post_depay
39811713731770,53273567365,1312,post_decode
39811741692810,53309857385,1313,post_depay
39811753476389,53312421417,1314,post_decode
39811757764074,53328488412,1315,post_depay
39811772135146,53328624099,1316,post_decode
39811778226526,53348915469,1317,post_depay
39811788830216,53349042084,1318,post_decode
39811796610228,53367132282,1319,post_depay
39811808044209,53367345200,1320,post_decode
39811826723479,53395345127,1321,post_depay
39811843863332,53397564848,1322,post_decode
39811847887760,53418605056,1323,post_depay
39811856495732,53418745427,1324,post_decode
39811972086782,53508031054,1325,post_depay
39811981054093,53542880050,1326,post_decode
39812036846309,53602048431,1327,post_depay
39812050167544,53607640383,1328,post_decode
39812059603201,53630189597,1329,post_depay
39812072457953,53630368502,1330,post_decode
39812081945154,53652558568,1331,post_depay
39812097283611,53652733198,1332,post_decode
39812110013612,53680709388,1333,post_depay
39812125752602,53680834200,1334,post_decode
39812130926305,53701558600,1335,post_depay
39812146187366,53701735325,1336,post_decode
39812150629338,53721262803,1337,post_depay
39812169777001,53721402121,1338,post_decode
39812177834610,53748470488,1339,post_depay
39812190788486,53748635461,1340,post_decode
39812199330944,53770077495,1341,post_depay
39812215762684,53770165873,1342,post_decode
39812222343436,53793031565,1343,post_depay
39812237631616,53793118379,1344,post_decode
39812257366793,53824431123,1345,post_depay
39812273826366,53828075496,1346,post_decode
39812338231191,53906910243,1347,post_depay
39812350524847,53908894890,1348,post_decode
39812415246127,53983892219,1349,post_depay
39812425393050,53986023992,1350,post_decode
39812457582202,54025387056,1351,post_depay
39812471094409,54028315034,1352,post_decode
39812475500801,54046291417,1353,post_depay
39812490355014,54046389025,1354,post_decode
39812494908075,54065631203,1355,post_depay
39812509902974,54065760680,1356,post_decode
39812517916209,54088593630,1357,post_depay
39812529250815,54088782314,1358,post_decode
39812536281138,54107054794,1359,post_depay
39812548318404,54107164744,1360,post_decode
39812555400955,54126138822,1361,post_depay
39812565764759,54126259351,1362,post_decode
39812601626650,54140249394,1363,post_depay
39812614674610,54172225091,1364,post_decode
39812618751798,54189539408,1365,post_depay
39812633695984,54189639588,1366,post_decode
39812667154785,54235858354,1367,post_depay
39812680167694,54237934057,1368,post_decode
39812686515599,54256573076,1369,post_depay
39812698683221,54256756021,1370,post_decode
39812703314904,54273421428,1371,post_depay
39812718479848,54273581974,1372,post_decode
39812724528976,54294675925,1373,post_depay
39812735726921,54294795433,1374,post_decode
39812762556454,54311737137,1375,post_depay
39812772424844,54332707338,1376,post_decode
39812776722742,54346892568,1377,post_depay
39812787759667,54346981798,1378,post_decode
39812791821948,54361986079,1379,post_depay
39812802887013,54362087826,1380,post_decode
39812807523798,54377237430,1381,post_depay
39812819740458,54377662849,1382,post_decode
39812825757604,54395783945,1383,post_depay
39812837540179,54395922736,1384,post_decode
39812896903345,54465109538,1385,post_depay
39812909775250,54467042182,1386,post_decode
39812913777674,54483891309,1387,post_depay
39812923123709,54484055464,1388,post_decode
39812977139099,54552094650,1389,post_depay
39812991877343,54554133054,1390,post_decode
39813254398833,54849058336,1391,post_depay
39813262694555,54859236375,1392,post_depay
39813336379964,54867963056,1393,post_depay
39813345109936,54940392901,1394,post_depay
39813409940919,54949753953,1395,post_depay
39813449377271,54989392887,1396,post_depay
39813633288920,55029828712,1397,post_depay
39813640300013,55211416932,1398,post_depay
39813647336297,55218479540,1399,post_depay
39813654585099,55225619834,1400,post_depay
39813662156973,55233242414,1401,post_depay
39813672559661,55239626433,1402,post_depay
39813709631566,55251251076,1403,post_depay
39813716742744,55287763075,1404,post_depay
39813761056619,55295166887,1405,post_depay
39813769200784,55340299028,1406,post_depay
39813910307234,55346140780,1407,post_depay
39813918089899,55489339005,1408,post_depay
39813923726317,55495041106,1409,post_depay
39813959445365,55500448810,1410,post_depay
39813966468144,55537655775,1411,post_depay
39814028382468,55543928820,1412,post_depay
39814036088414,55607361059,1413,post_depay
39814041472413,55612786711,1414,post_depay
39814047383962,55618663851,1415,post_depay
39814052882147,55624173810,1416,post_depay
39814237236586,55629485720,1417,post_depay
39814243677994,55774660144,1418,post_depay
39814267967458,55780423892,1419,post_depay
39814276358346,55807272992,1420,post_depay
39814284140126,55815025541,1421,post_depay
39814292860559,55823825030,1422,post_depay
39814347564164,55873707293,1423,post_depay
39814355283439,55886237746,1424,post_depay
39814362484558,55893479869,1425,post_depay
39814370931568,55901959389,1426,post_depay
39814440422223,55909456655,1427,post_depay
39814432061019,56002070175,1428,post_depay
39814450665754,56012249203,1429,post_depay
39814459379577,56031139457,1430,post_depay
