time_ns,gst_buffer_pts_ns,stage
1775909090189877478,8997900064,post_depay
1775909090206602055,9020550903,post_decode
1775909090210056066,9042695034,post_depay
1775909090214325266,9042735254,post_decode
1775909090220576743,9053249280,post_depay
1775909090226064043,9053279443,post_decode
1775909090244851976,9077436501,post_depay
1775909090248346987,9077514466,post_decode
1775909090290305393,9122907932,post_depay
1775909090295007954,9122973911,post_decode
1775909090331443400,9164072215,post_depay
1775909090334476288,9164126605,post_decode
1775909090378016321,9210651036,post_depay
1775909090380896443,9210702849,post_decode
1775909090404344408,9236967584,post_depay
1775909090408554962,9237027553,post_decode
1775909090448501606,9281107549,post_depay
1775909090455286230,9281171932,post_decode
1775909090490980175,9323500709,post_depay
1775909090499486727,9323606124,post_decode
1775909090532947938,9365365024,post_depay
1775909090543037015,9365516057,post_decode
1775909090572677180,9405140063,post_depay
1775909090583322657,9405286911,post_decode
1775909090605508675,9438022355,post_depay
1775909090612497027,9438140460,post_decode
1775909090649031284,9481540427,post_depay
1775909090655584453,9481645974,post_decode
1775909090691645884,9523964850,post_depay
1775909090700539678,9524183513,post_decode
1775909090730840936,9563207051,post_depay
1775909090740150170,9563372297,post_decode
1775909090773269404,9605544646,post_depay
1775909090783802590,9605753855,post_decode
1775909090804236045,9636895353,post_depay
1775909090809559734,9636945904,post_decode
1775909090858912161,9691351486,post_depay
1775909090867373072,9691495339,post_decode
1775909090906691874,9739014616,post_depay
1775909090916830698,9739204432,post_decode
1775909090931957377,9764540398,post_depay
1775909090938779493,9764629774,post_decode
1775909090965001619,9797620068,post_depay
1775909090973693456,9797692135,post_decode
1775909091020733468,9853199522,post_depay
1775909091028899337,9853332464,post_decode
1775909091050865236,9883286374,post_depay
1775909091061629067,9883444677,post_decode
1775909091096828056,9924447141,post_depay
1775909091107002341,9929384154,post_decode
1775909091188898166,10006027985,post_depay
1775909091209480068,10021232258,post_decode
1775909091211486677,10044123904,post_depay
1775909091216027480,10044194335,post_decode
1775909091223072024,10053781492,post_depay
1775909091228851012,10055779701,post_decode
1775909091252315873,10084487407,post_depay
1775909091263639177,10084775038,post_decode
1775909091291338752,10123845175,post_depay
1775909091299465153,10123981004,post_decode
1775909091338555845,10171160604,post_depay
1775909091344748935,10171219963,post_decode
1775909091373098556,10205560494,post_depay
1775909091383821192,10205700733,post_decode
1775909091406982722,10239248845,post_depay
1775909091418047680,10239509726,post_decode
1775909091450910079,10283358445,post_depay
1775909091462908328,10283495085,post_decode
1775909091493338326,10325572679,post_depay
1775909091500970406,10325686428,post_decode
1775909091537585165,10369809655,post_depay
1775909091547582574,10370116346,post_decode
1775909091565836280,10398346080,post_depay
1775909091572903897,10398458530,post_decode
1775909091608867672,10441384501,post_depay
1775909091616710845,10441491715,post_decode
1775909091652005267,10484345857,post_depay
1775909091663116827,10484552451,post_decode
1775909091694451542,10526982825,post_depay
1775909091705524654,10527092831,post_decode
1775909091725955529,10558487755,post_depay
1775909091734074218,10558598566,post_decode
1775909091770408167,10602968041,post_depay
1775909091778903227,10603055624,post_decode
1775909091820191573,10652478608,post_depay
1775909091829668416,10652679583,post_decode
1775909091853844618,10686268062,post_depay
1775909091863144247,10686424072,post_decode
1775909091884933697,10717557957,post_depay
1775909091889619022,10717624496,post_decode
1775909091930479799,10762994000,post_depay
1775909091937463139,10763114772,post_decode
1775909091971379941,10803938617,post_depay
1775909091979634593,10804030876,post_decode
1775909092018759062,10846089508,post_depay
1775909092027774844,10851301843,post_decode
1775909092045296448,10877830831,post_depay
1775909092054040917,10877945990,post_decode
1775909092089763584,10922230407,post_depay
1775909092096897789,10922366420,post_decode
1775909092171869557,10995275022,post_depay
1775909092184840621,11004548792,post_decode
1775909092186772978,11019426921,post_depay
1775909092189698388,11019483062,post_decode
1775909092211123924,11043725014,post_depay
1775909092215588086,11043792660,post_decode
1775909092255621020,11088009220,post_depay
1775909092264766511,11088192400,post_decode
1775909092293814627,11126123102,post_depay
1775909092306471277,11126366202,post_decode
1775909092327176960,11159654239,post_depay
1775909092334086888,11159761095,post_decode
1775909092370410426,11202989305,post_depay
1775909092376871111,11203073397,post_decode
1775909092412057215,11244566364,post_depay
1775909092419929403,11244688297,post_decode
1775909092454761966,11287121224,post_depay
1775909092462140825,11287309072,post_decode
1775909092487693468,11320163176,post_depay
1775909092500415673,11320302256,post_decode
1775909092531611234,11364047346,post_depay
1775909092541045285,11364205846,post_decode
1775909092572396300,11404784551,post_depay
1775909092580580391,11404973233,post_decode
1775909092630410777,11462802284,post_depay
1775909092639077691,11462905829,post_decode
1775909092659762403,11492279180,post_depay
1775909092670155361,11492392583,post_decode
1775909092689439064,11521968891,post_depay
1775909092697967545,11522086117,post_decode
1775909092757801566,11590133574,post_depay
1775909092764921369,11590336301,post_decode
1775909092803756347,11636043783,post_depay
1775909092812820956,11636277023,post_decode
1775909092863841468,11668216157,post_depay
1775909092874457934,11696416983,post_decode
1775909092877430769,11710017322,post_depay
1775909092888225168,11710114916,post_decode
1775909092917812317,11750296989,post_depay
1775909092926133184,11750425681,post_decode
1775909092981151871,11813627805,post_depay
1775909092990609522,11813749483,post_decode
1775909092993054768,11825671941,post_depay
1775909093002640258,11825738360,post_decode
1775909093021765213,11854062536,post_depay
1775909093029116702,11854194111,post_decode
1775909093052963252,11885351139,post_depay
1775909093059348224,11885597046,post_decode
1775909093090473613,11923144842,post_depay
1775909093096774786,11923200002,post_decode
1775909093157193951,11982637301,post_depay
1775909093172627084,11989880133,post_decode
1775909093176392361,12008988263,post_depay
1775909093180908329,12009062022,post_decode
1775909093211250147,12043649976,post_depay
1775909093218819945,12043811548,post_decode
1775909093251846272,12084208217,post_depay
1775909093260763084,12084403331,post_decode
1775909093293499031,12126055989,post_depay
1775909093300432566,12126144934,post_decode
1775909093332586663,12165001243,post_depay
1775909093343937396,12165172513,post_decode
1775909093370264121,12202270677,post_depay
1775909093379097099,12202797385,post_decode
1775909093412841952,12245351396,post_depay
1775909093418828488,12245471347,post_decode
1775909093455573890,12287987682,post_depay
1775909093463778902,12288156059,post_decode
1775909093486460380,12316156011,post_depay
1775909093494518989,12319128718,post_decode
1775909093532924549,12365254703,post_depay
1775909093543525826,12365502546,post_decode
1775909093573353091,12405659661,post_depay
1775909093583636927,12405865330,post_decode
1775909093619196111,12447502082,post_depay
1775909093630899094,12451680912,post_decode
1775909093646303425,12478855381,post_depay
1775909093653108841,12478956720,post_decode
1775909093692959583,12525339889,post_depay
1775909093702979876,12525531309,post_decode
1775909093749193132,12581442915,post_depay
1775909093759781086,12581684520,post_decode
1775909093774990754,12607617519,post_depay
1775909093779055096,12607681035,post_decode
1775909093808741092,12641289599,post_depay
1775909093815061119,12641400820,post_decode
1775909093852505644,12684979235,post_depay
1775909093859202717,12685139700,post_decode
1775909093895005665,12727502624,post_depay
1775909093904260021,12727633174,post_decode
1775909093933858683,12766405761,post_depay
1775909093943055885,12766513044,post_decode
1775909093976566613,12806156087,post_depay
1775909093985611422,12809156807,post_decode
1775909094005651548,12838330836,post_depay
1775909094010255275,12838366727,post_decode
1775909094052819005,12885225641,post_depay
1775909094063425567,12885394201,post_decode
1775909094093723957,12926217102,post_depay
1775909094102775570,12926361159,post_decode
1775909094180975775,12996065858,post_depay
1775909094199841612,13013539027,post_decode
1775909094201509251,13034181315,post_depay
1775909094203993652,13034235430,post_decode
1775909094214045091,13046690247,post_depay
1775909094217443250,13046746697,post_decode
1775909094246935242,13079520051,post_depay
1775909094252419994,13079607154,post_decode
1775909094292663779,13124883358,post_depay
1775909094301679084,13125176183,post_decode
1775909094332671098,13165319724,post_depay
1775909094338559213,13165377862,post_decode
1775909094388886799,13221342593,post_depay
1775909094399046086,13221495590,post_decode
1775909094406199458,13238837483,post_depay
1775909094411515803,13238899516,post_decode
1775909094454416967,13286882465,post_depay
1775909094461223073,13286969066,post_decode
1775909094493193634,13325757408,post_depay
1775909094500603927,13325849350,post_decode
1775909094535622820,13368263102,post_depay
1775909094541663069,13368322138,post_decode
1775909094565414542,13397913772,post_depay
1775909094570483707,13398050803,post_decode
1775909094621091515,13453407114,post_depay
1775909094631962972,13453632375,post_decode
1775909094653198759,13485717524,post_depay
1775909094661261495,13485822121,post_decode
1775909094695590010,13528034836,post_depay
1775909094706389719,13528177535,post_decode
1775909094725813258,13558424402,post_depay
1775909094736022596,13558496901,post_decode
1775909094772842613,13605355084,post_depay
1775909094782557374,13605477756,post_decode
1775909094815347155,13647762053,post_depay
1775909094825674475,13647971712,post_decode
1775909094856215294,13688467629,post_depay
1775909094866410264,13688693616,post_decode
1775909094886677274,13719269475,post_depay
1775909094893233806,13719353767,post_decode
1775909094933017892,13765528169,post_depay
1775909094942162507,13765651112,post_decode
1775909094972628127,13805125263,post_depay
1775909094981782423,13805254550,post_decode
1775909095015972958,13848482584,post_depay
1775909095023509042,13848607248,post_decode
1775909095047591451,13880086904,post_depay
1775909095054096411,13880227470,post_decode
1775909095095839528,13928321273,post_depay
1775909095102681653,13928452412,post_decode
1775909095198638219,14006639428,post_depay
1775909095217614624,14030967611,post_decode
1775909095219363786,14052041025,post_depay
1775909095222498068,14052081693,post_decode
1775909095224198013,14056830946,post_depay
1775909095227517193,14056866146,post_decode
1775909095257345269,14089907810,post_depay
1775909095263163454,14090005837,post_decode
1775909095291307076,14123722041,post_depay
1775909095300903828,14123879588,post_decode
1775909095332767021,14165249042,post_depay
1775909095342018808,14165392208,post_decode
1775909095372944510,14205451952,post_depay
1775909095381906448,14205575374,post_decode
1775909095415465209,14247960328,post_depay
1775909095424314831,14248082166,post_decode
1775909095447225840,14279799015,post_depay
1775909095454989398,14279880177,post_decode
1775909095493426593,14322938766,post_depay
1775909095496605792,14326113986,post_decode
1775909095533494107,14365993747,post_depay
1775909095540215006,14366106702,post_decode
1775909095582940202,14415445310,post_depay
1775909095589545824,14415568461,post_decode
1775909095607995212,14440542109,post_depay
1775909095613601639,14440662443,post_decode
1775909095652553562,14482039011,post_depay
1775909095658966376,14485168085,post_decode
1775909095691773753,14524369427,post_depay
1775909095696469214,14524445179,post_decode
1775909095741360773,14573612966,post_depay
1775909095750235272,14573845348,post_decode
1775909095766682998,14599207883,post_depay
1775909095774292109,14599320709,post_decode
1775909095810698860,14643233504,post_depay
1775909095818642420,14643361382,post_decode
1775909095853721293,14686135349,post_depay
1775909095862253755,14686309722,post_decode
1775909095894964457,14727354482,post_depay
1775909095901776713,14727584537,post_decode
1775909095926838285,14759413309,post_depay
1775909095935629753,14759507401,post_decode
1775909095971162708,14803622236,post_depay
1775909095978321891,14803747831,post_decode
1775909096017248764,14845788880,post_depay
1775909096025892262,14849830863,post_decode
1775909096055724012,14888058421,post_depay
1775909096066743041,14888271755,post_decode
1775909096087209032,14919758492,post_depay
1775909096093543150,14919846594,post_decode
1775909096193424504,15003023616,post_depay
1775909096213623307,15025916206,post_decode
1775909096215440878,15048128070,post_depay
1775909096218219757,15048164054,post_decode
1775909096219380626,15052095814,post_depay
1775909096222701737,15052120092,post_decode
1775909096252224458,15084778385,post_depay
1775909096257888635,15084870050,post_decode
1775909096315511910,15147688006,post_depay
1775909096322999998,15147942247,post_decode
1775909096341704377,15174223221,post_depay
1775909096349986223,15174336827,post_decode
1775909096372655197,15205126918,post_depay
1775909096382098272,15205255081,post_decode
1775909096412091168,15244551630,post_depay
1775909096421711995,15244679275,post_decode
1775909096453551550,15286194273,post_depay
1775909096463717496,15286250620,post_decode
1775909096498231830,15330767737,post_depay
1775909096504851155,15330858044,post_decode
1775909096529786450,15362255130,post_depay
1775909096538109379,15362400387,post_decode
1775909096572075517,15404385556,post_depay
1775909096585817246,15404609753,post_decode
1775909096628748682,15461082743,post_depay
1775909096637526310,15461293561,post_decode
1775909096656707387,15489177418,post_depay
1775909096665223480,15489307091,post_decode
1775909096687431526,15520038494,post_depay
1775909096692095679,15520111544,post_decode
1775909096732728713,15565162393,post_depay
1775909096741394407,15565320630,post_decode
1775909096773554512,15605860455,post_depay
1775909096783636939,15606109397,post_decode
1775909096815298477,15647774423,post_depay
1775909096824146555,15647920346,post_decode
1775909096846833072,15679394101,post_depay
1775909096854724887,15679485810,post_decode
1775909096891768543,15724176762,post_depay
1775909096902221637,15724344735,post_decode
1775909096934631973,15767125427,post_depay
1775909096943288436,15767255774,post_decode
1775909096974339627,15806737053,post_depay
1775909096984417852,15806922123,post_decode
1775909097006893513,15839508352,post_depay
1775909097012891968,15839569709,post_decode
1775909097051452005,15884034928,post_depay
1775909097058995965,15884112390,post_decode
1775909097095803180,15928088100,post_depay
1775909097106131748,15928335983,post_decode
1775909097204948294,16015168423,post_depay
1775909097222726983,16037490429,post_decode
1775909097225750768,16058434163,post_depay
1775909097229004670,16058465648,post_decode
1775909097230440325,16063137758,post_depay
1775909097233690290,16063171612,post_decode
1775909097247343595,16079966589,post_depay
1775909097251592288,16080024942,post_decode
1775909097290788518,16123236095,post_depay
1775909097300308263,16123380591,post_decode
1775909097335501368,16166112883,post_depay
1775909097344506803,16168111980,post_decode
1775909097380367901,16212403401,post_depay
1775909097388263528,16212562724,post_decode
1775909097407443532,16240067841,post_depay
1775909097411911829,16240125949,post_decode
1775909097451410548,16283879275,post_depay
1775909097458456924,16284031253,post_decode
1775909097493653963,16326099836,post_depay
1775909097504421786,16326242151,post_decode
1775909097535977696,16368627956,post_depay
1775909097541372203,16368682935,post_decode
1775909097566876904,16399473349,post_depay
1775909097573774179,16399553821,post_decode
1775909097611979950,16444249214,post_depay
1775909097618461597,16444565622,post_decode
1775909097654069067,16486503281,post_depay
1775909097663055290,16486654113,post_decode
1775909097698767977,16531163195,post_depay
1775909097709641821,16531345665,post_decode
1775909097726546489,16559104719,post_depay
1775909097735146113,16559203747,post_decode
1775909097770172328,16602516548,post_depay
1775909097780671124,16602701091,post_decode
1775909097815016632,16647388525,post_depay
1775909097823846538,16647567156,post_decode
1775909097858970760,16691299316,post_depay
1775909097869345176,16691516820,post_decode
1775909097896660697,16728861329,post_depay
1775909097907118266,16729192854,post_decode
1775909097927654944,16760126666,post_depay
1775909097939978440,16760269817,post_decode
1775909097971809516,16804302761,post_depay
1775909097978746674,16804423550,post_decode
1775909098024044277,16856563278,post_depay
1775909098033282879,16856672107,post_decode
1775909098062282431,16894512670,post_depay
1775909098070807148,16894774295,post_decode
1775909098095435621,16927955937,post_depay
1775909098102269882,16928068268,post_decode
1775909098196103949,16998150261,post_depay
1775909098215005989,17028493798,post_decode
1775909098216642079,17049307138,post_depay
1775909098219561432,17049368879,post_decode
1775909098225942328,17058618686,post_depay
1775909098231326857,17058660540,post_decode
1775909098253999008,17086522650,post_depay
1775909098262518414,17086633861,post_decode
1775909098296505509,17129051222,post_depay
1775909098302317882,17129169167,post_decode
1775909098335212670,17167728418,post_depay
1775909098342400201,17167835295,post_decode
1775909098379984324,17212419786,post_depay
1775909098389804281,17212561514,post_decode
1775909098410470602,17243015455,post_depay
1775909098421039345,17243121527,post_decode
1775909098453470816,17285876642,post_depay
1775909098461531045,17286066390,post_decode
1775909098494017959,17326423977,post_depay
1775909098504795386,17326588580,post_decode
1775909098536473832,17368918107,post_depay
1775909098544366867,17369064421,post_decode
1775909098567337760,17399278572,post_depay
1775909098572540236,17400001266,post_decode
1775909098613019656,17445501328,post_depay
1775909098621809240,17445621982,post_decode
1775909098656102162,17488545422,post_depay
1775909098665675490,17488695029,post_decode
1775909098700499028,17530663088,post_depay
1775909098707777108,17530943285,post_decode
1775909098727371706,17559782953,post_depay
1775909098738295095,17559966265,post_decode
1775909098773261723,17605648686,post_depay
1775909098781779190,17605810317,post_decode
1775909098813400579,17646065047,post_depay
1775909098820054850,17646114622,post_decode
1775909098855057709,17687600195,post_depay
1775909098863105591,17687703766,post_decode
1775909098892929652,17725448687,post_depay
1775909098900965966,17725558800,post_decode
1775909098931230361,17763838092,post_depay
1775909098935093020,17763904261,post_decode
1775909098973926226,17806431154,post_depay
1775909098981559669,17806548985,post_decode
1775909099018023189,17850587331,post_depay
1775909099024000036,17850679673,post_decode
1775909099048351749,17880756181,post_depay
1775909099058868259,17880968774,post_decode
1775909099093648793,17926106837,post_depay
1775909099100545422,17926232936,post_decode
1775909099204025969,18003294250,post_depay
1775909099226803566,18036584929,post_decode
1775909099228946246,18061550600,post_depay
1775909099233619415,18061633422,post_decode
1775909099234978345,18067672467,post_depay
1775909099237893663,18067709524,post_decode
1775909099247566670,18080201530,post_depay
1775909099250671550,18080249758,post_decode
1775909099292508114,18125001615,post_depay
1775909099300602980,18125119459,post_decode
1775909099333433320,18165981455,post_depay
1775909099340411495,18166067568,post_decode
1775909099376311584,18208568379,post_depay
1775909099386042082,18208767154,post_decode
1775909099407328369,18239879329,post_depay
1775909099413730115,18239973055,post_decode
1775909099450806155,18283325890,post_depay
1775909099458754367,18283440723,post_decode
1775909099498398779,18326871414,post_depay
1775909099507066735,18330878898,post_decode
1775909099536541135,18369014038,post_depay
1775909099543975409,18369152962,post_decode
1775909099576247748,18408589253,post_depay
1775909099586333943,18408752249,post_decode
1775909099608193647,18440725135,post_depay
1775909099615418169,18440819908,post_decode
1775909099655499906,18487988861,post_depay
1775909099663943750,18488108008,post_decode
1775909099703000829,18527714063,post_depay
1775909099711119618,18535593809,post_decode
1775909099740682051,18573077435,post_depay
1775909099751061956,18573253828,post_decode
1775909099767349645,18599938772,post_depay
1775909099774566244,18600013624,post_decode
1775909099809862658,18642368028,post_depay
1775909099817399433,18642499204,post_decode
1775909099863509364,18688263574,post_depay
1775909099873211305,18696048560,post_decode
1775909099898013657,18730416795,post_depay
1775909099904920581,18730577850,post_decode
1775909099935435486,18767813883,post_depay
1775909099944731224,18768016984,post_decode
1775909099973653241,18806058278,post_depay
1775909099984277546,18806226655,post_decode
1775909100034703573,18866691170,post_depay
1775909100043748980,18866945700,post_decode
1775909100057362082,18889916416,post_depay
1775909100064936552,18890006401,post_decode
1775909100088564638,18921092287,post_depay
1775909100094184594,18921202290,post_decode
1775909100194158062,18996216236,post_depay
1775909100212909229,19026744239,post_decode
1775909100214837968,19047531008,post_depay
1775909100217663762,19047566266,post_decode
1775909100224604152,19057183442,post_depay
1775909100229725387,19057332033,post_decode
1775909100256784072,19089268127,post_depay
1775909100264754486,19089389378,post_decode
1775909100295178825,19127509684,post_depay
1775909100303844637,19127714413,post_decode
1775909100337320363,19169878050,post_depay
1775909100341644718,19169974000,post_decode
1775909100368099439,19200698900,post_depay
1775909100372366576,19200766639,post_decode
1775909100412648869,19244559608,post_depay
1775909100419011568,19245225154,post_decode
1775909100454902776,19287280178,post_depay
1775909100462273374,19287390304,post_decode
1775909100504615650,19330607045,post_depay
1775909100509630781,19337286527,post_decode
1775909100528974086,19361622843,post_depay
1775909100532723295,19361668624,post_decode
1775909100574014038,19406574921,post_depay
1775909100579885083,19406668878,post_decode
1775909100615905465,19448445461,post_depay
1775909100624195680,19448544846,post_decode
1775909100658619234,19488327559,post_depay
1775909100666500257,19491253126,post_decode
1775909100689031489,19521253948,post_depay
1775909100699830520,19521521044,post_decode
1775909100733715878,19566238942,post_depay
1775909100740009805,19566349899,post_decode
1775909100793840307,19624646893,post_depay
1775909100802679528,19626452702,post_decode
1775909100833617761,19664807168,post_depay
1775909100842310758,19666190507,post_decode
1775909100853097967,19685687045,post_depay
1775909100858923736,19685768004,post_decode
1775909100901978045,19734606740,post_depay
1775909100909027960,19734656279,post_decode
1775909100939226951,19771674225,post_depay
1775909100946354419,19771806631,post_decode
1775909100976775779,19809280573,post_depay
1775909100986505688,19809401061,post_decode
1775909101008443389,19840980727,post_depay
1775909101014410104,19841086263,post_decode
1775909101053608121,19886085296,post_depay
1775909101065206141,19886216607,post_decode
1775909101094041236,19926405153,post_depay
1775909101104818143,19926606754,post_decode
1775909101184007013,19999329167,post_depay
1775909101201223890,20016513007,post_decode
1775909101202804247,20035479429,post_depay
1775909101205433357,20035538196,post_decode
1775909101216951148,20049602741,post_depay
1775909101220441987,20049652826,post_decode
1775909101248899360,20081481113,post_depay
1775909101254382996,20081563606,post_decode
1775909101296991551,20129447084,post_depay
1775909101305256105,20129599528,post_decode
1775909101340852256,20173286498,post_depay
1775909101351433364,20173440675,post_decode
1775909101377474354,20209885983,post_depay
1775909101389023995,20210065467,post_decode
1775909101409370936,20241885070,post_depay
1775909101419109815,20242002379,post_decode
1775909101455718908,20288152447,post_depay
1775909101463761625,20288309131,post_decode
1775909101494939912,20327348336,post_depay
1775909101505195532,20327514183,post_decode
1775909101537426034,20369916354,post_depay
1775909101545734616,20370043757,post_decode
1775909101569587582,20402130785,post_depay
1775909101576743382,20402232202,post_decode
1775909101614878465,20447469938,post_depay
1775909101621765735,20447541809,post_decode
1775909101655613375,20487959550,post_depay
1775909101665038505,20488155669,post_decode
1775909101696714231,20529210562,post_depay
1775909101705678505,20529334294,post_decode
1775909101728300982,20560773873,post_depay
1775909101735915408,20560925281,post_decode
1775909101773489992,20606015072,post_depay
1775909101784093142,20606121690,post_decode
1775909101815491109,20647982286,post_depay
1775909101825130587,20648110015,post_decode
1775909101858017036,20690394683,post_depay
1775909101869118814,20690594819,post_decode
1775909101889163761,20721575725,post_depay
1775909101900164735,20721722477,post_decode
1775909101935782076,20768273351,post_depay
1775909101944803567,20768401321,post_decode
1775909101982708678,20815197969,post_depay
1775909101991245980,20815330615,post_decode
1775909102017888102,20850325984,post_depay
1775909102027567785,20850476896,post_decode
1775909102049229221,20881685302,post_depay
1775909102055195966,20881822444,post_decode
1775909102103315908,20935805885,post_depay
1775909102109706262,20935948315,post_decode
1775909102204450814,21003944565,post_depay
1775909102223399617,21036981201,post_decode
1775909102225043296,21057733187,post_depay
1775909102227861821,21057766307,post_decode
1775909102229373091,21062015904,post_depay
1775909102232500837,21062080996,post_decode
1775909102261028603,21093589678,post_depay
1775909102266430313,21093695708,post_decode
1775909102293396958,21125905285,post_depay
1775909102300321084,21126022019,post_decode
1775909102332954686,21165406474,post_depay
1775909102341185745,21165551946,post_decode
1775909102375812130,21208495328,post_depay
1775909102382896351,21208533524,post_decode
1775909102417462563,21249953969,post_depay
1775909102426398006,21250077817,post_decode
1775909102452278504,21284792978,post_depay
1775909102458690046,21284915062,post_decode
1775909102495300428,21327821435,post_depay
1775909102501751901,21327950788,post_decode
1775909102535699299,21368229594,post_depay
1775909102544516447,21368332896,post_decode
1775909102577021129,21409597806,post_depay
1775909102583290423,21409678621,post_decode
1775909102608689628,21441273477,post_depay
1775909102614792640,21441354536,post_decode
1775909102653512622,21486139770,post_depay
1775909102658740438,21486207149,post_decode
1775909102704004199,21530224230,post_depay
1775909102713182912,21536612934,post_decode
1775909102739409177,21571694757,post_depay
1775909102749326051,21571927274,post_decode
1775909102771762531,21604124729,post_depay
1775909102780278683,21604306209,post_decode
1775909102813709587,21646175304,post_depay
1775909102820946027,21646310812,post_decode
1775909102856656240,21689053860,post_depay
1775909102865376907,21689235186,post_decode
1775909102897689282,21730104363,post_depay
1775909102907245903,21730268511,post_decode
1775909102929589191,21762057398,post_depay
1775909102936597347,21762191455,post_decode
1775909102976516773,21808779445,post_depay
1775909102985572442,21809050066,post_decode
1775909103016348334,21848833666,post_depay
1775909103025260927,21848983750,post_decode
1775909103066444421,21898800848,post_depay
1775909103076191767,21899014440,post_decode
1775909103089690114,21922294718,post_depay
1775909103094601428,21922369889,post_decode
1775909103193888335,22003020724,post_depay
1775909103215390941,22025999549,post_decode
1775909103217393981,22050070769,post_depay
1775909103220123831,22050111399,post_decode
1775909103221498408,22054160013,post_depay
1775909103224778634,22054197972,post_decode
1775909103273035385,22105430618,post_depay
1775909103282415324,22105608176,post_decode
1775909103296510318,22128214561,post_depay
1775909103304221967,22129192733,post_decode
1775909103343432750,22175795577,post_depay
1775909103353616901,22175998312,post_decode
1775909103368542854,22201127097,post_depay
1775909103374266171,22201203833,post_decode
1775909103415108125,22247590141,post_depay
1775909103425576353,22247719831,post_decode
1775909103455573749,22288067711,post_depay
1775909103462887602,22288189321,post_decode
1775909103505643109,22337999422,post_depay
1775909103514730142,22338210732,post_decode
1775909103535883590,22368447894,post_depay
1775909103540923473,22368535424,post_decode
1775909103574739425,22407286568,post_depay
1775909103581567520,22407385578,post_decode
1775909103615967480,22448539814,post_depay
1775909103624387138,22448628177,post_decode
1775909103661115040,22492594992,post_depay
1775909103669933529,22493225432,post_decode
1775909103692088339,22521283345,post_depay
1775909103699021066,22524718914,post_decode
1775909103733200570,22565639849,post_depay
1775909103742015083,22565772647,post_decode
1775909103779500201,22611934457,post_depay
1775909103788439808,22612094640,post_decode
1775909103828937963,22660146914,post_depay
1775909103836702160,22661561504,post_decode
1775909103858611076,22691077884,post_depay
1775909103867487552,22691227792,post_decode
1775909103897870279,22730204392,post_depay
1775909103906670710,22730444670,post_decode
1775909103935853770,22768342222,post_depay
1775909103944655217,22768467266,post_decode
1775909103994110394,22809800700,post_depay
1775909104000421669,22826765772,post_decode
1775909104021761082,22854246316,post_depay
1775909104029729126,22854381419,post_decode
1775909104055451111,22887924650,post_depay
1775909104065194457,22888047838,post_decode
1775909104096680919,22929153851,post_depay
1775909104104051833,22929292581,post_decode
1775909104208883731,23010919050,post_depay
1775909104229896297,23041415082,post_decode
1775909104232163372,23064798215,post_depay
1775909104236121606,23064865831,post_decode
1775909104237852720,23070497995,post_depay
1775909104243378281,23070562936,post_decode
1775909104249510008,23082144404,post_depay
1775909104253430726,23082192957,post_decode
1775909104309890413,23142215297,post_depay
1775909104319271452,23142414036,post_decode
1775909104336795925,23169243408,post_depay
1775909104346165600,23169381885,post_decode
1775909104379124682,23211641940,post_depay
1775909104385168652,23211785484,post_decode
1775909104413436552,23242667197,post_depay
1775909104422559339,23246040167,post_decode
1775909104453945093,23286431758,post_depay
1775909104461386935,23286560239,post_decode
1775909104498064165,23330576512,post_depay
1775909104506724124,23330692522,post_decode
1775909104539286853,23371772949,post_depay
1775909104547034402,23371910197,post_decode
1775909104570807226,23403345883,post_depay
1775909104578754224,23403448726,post_decode
1775909104614496149,23446973065,post_depay
1775909104621794801,23447103492,post_decode
1775909104656587278,23489008073,post_depay
1775909104664830921,23489167732,post_decode
1775909104701340048,23533836416,post_depay
1775909104708810491,23533967963,post_decode
1775909104742862153,23575208559,post_depay
1775909104754422853,23575406620,post_decode
1775909104776579174,23608949607,post_depay
1775909104786351010,23609121269,post_decode
1775909104819383501,23647779270,post_depay
1775909104828839574,23651959923,post_decode
1775909104858613938,23690503117,post_depay
1775909104867905197,23690701116,post_decode
1775909104898754894,23731202056,post_depay
1775909104909416726,23731349003,post_decode
1775909104929702220,23762190760,post_depay
1775909104939559577,23762316721,post_decode
1775909104975642702,23807976608,post_depay
1775909104986878954,23808175395,post_decode
1775909105017866807,23850355349,post_depay
1775909105026605276,23850480957,post_decode
1775909105058129662,23890516688,post_depay
1775909105067453829,23890691518,post_decode
1775909105090605976,23923073884,post_depay
1775909105097592741,23923202824,post_decode
1775909105213643929,24006009853,post_depay
1775909105237357484,24045918300,post_decode
1775909105238849876,24071544137,post_depay
1775909105241671663,24071575706,post_decode
1775909105243009972,24075709806,post_depay
1775909105246227422,24075737621,post_decode
1775909105256458112,24089117515,post_depay
1775909105259731647,24089168668,post_decode
1775909105297408638,24129940664,post_depay
1775909105306114779,24130045098,post_decode
1775909105357521293,24180545676,post_depay
1775909105363431928,24190197397,post_decode
1775909105369381552,24202053010,post_depay
1775909105372560344,24202096573,post_decode
1775909105438635674,24265951938,post_depay
1775909105449190393,24271211529,post_decode
1775909105458372506,24291036787,post_depay
1775909105461966863,24291085868,post_decode
1775909105508022725,24340492162,post_depay
1775909105518118178,24340625922,post_decode
1775909105541461954,24374109140,post_depay
1775909105545562861,24374160537,post_decode
1775909105574325222,24406839117,post_depay
1775909105583041133,24406972172,post_decode
1775909105615686837,24448278822,post_depay
1775909105622169851,24448350721,post_decode
1775909105667799949,24499173624,post_depay
1775909105674603988,24500443396,post_decode
1775909105699054329,24531378596,post_depay
1775909105708496706,24531613481,post_decode
1775909105735473572,24567862893,post_depay
1775909105743677130,24568054671,post_decode
1775909105776348633,24608711470,post_depay
1775909105785751126,24608877963,post_decode
1775909105818793409,24650869204,post_depay
1775909105827530198,24651392677,post_decode
1775909105850087531,24682733926,post_depay
1775909105855536533,24682785956,post_decode
1775909105893602744,24726213184,post_depay
1775909105898878159,24726284535,post_decode
1775909105938107991,24770603322,post_depay
1775909105945553867,24770758147,post_decode
1775909105977575481,24810196860,post_depay
1775909105982086852,24810255541,post_decode
1775909106018106561,24850668565,post_depay
1775909106025920906,24850758254,post_decode
1775909106051102261,24883340895,post_depay
1775909106056360408,24883753261,post_decode
1775909106096948835,24926730459,post_depay
1775909106101677050,24929616469,post_decode
1775909106233577107,25034375725,post_depay
1775909106250997642,25066231910,post_decode
1775909106252872779,25085545607,post_depay
1775909106255756174,25085589054,post_decode
1775909106257363013,25089988075,post_depay
1775909106261609902,25090063854,post_decode
1775909106263467357,25096123728,post_depay
1775909106269134091,25096165487,post_decode
1775909106298468703,25131062040,post_depay
1775909106304965766,25131136667,post_decode
1775909106329568996,25162150513,post_depay
1775909106338032120,25162230783,post_decode
1775909106376308687,25208917320,post_depay
1775909106383462151,25208982568,post_decode
1775909106422565121,25254920410,post_depay
1775909106433379415,25255109356,post_decode
1775909106461444206,25289846850,post_depay
1775909106472900439,25294045300,post_decode
1775909106498999053,25331588702,post_depay
1775909106505338247,25331662087,post_decode
1775909106530373319,25362875633,post_depay
1775909106536737595,25363007446,post_decode
1775909106575631137,25407947572,post_depay
1775909106585201346,25408184908,post_decode
1775909106618773762,25451297765,post_depay
1775909106627266492,25451400594,post_decode
1775909106659198693,25490880903,post_depay
1775909106666980136,25491815050,post_decode
1775909106691698989,25524222334,post_depay
1775909106700081603,25524325383,post_decode
1775909106737553471,25570017229,post_depay
1775909106746213660,25570157143,post_decode
1775909106779246845,25611751791,post_depay
1775909106789025375,25611855558,post_decode
1775909106817106855,25649564199,post_depay
1775909106825287688,25649720269,post_decode
1775909106860060355,25692593700,post_depay
1775909106868459296,25692714961,post_decode
1775909106897707025,25730322655,post_depay
1775909106905917721,25730409853,post_decode
1775909106935182744,25767577308,post_depay
1775909106945298249,25767745581,post_decode
1775909106977296577,25809822417,post_depay
1775909106984442580,25809943050,post_decode
1775909107020122414,25852641525,post_depay
1775909107028907556,25852747356,post_decode
1775909107050448678,25883053164,post_depay
1775909107057294071,25883118891,post_decode
1775909107095588379,25928161430,post_depay
1775909107103364202,25928241001,post_decode
1775909107200441173,26016075474,post_depay
1775909107219291869,26033058288,post_decode
1775909107221102231,26053781883,post_depay
1775909107224293602,26053825005,post_decode
1775909107225753468,26058435019,post_depay
1775909107229539518,26058472778,post_decode
1775909107251470978,26084095345,post_depay
1775909107255686665,26084147886,post_decode
1775909107294820451,26127318835,post_depay
1775909107305197313,26127432753,post_decode
1775909107338055000,26170524630,post_depay
1775909107347566944,26170653943,post_decode
1775909107387099144,26212084756,post_depay
1775909107396245306,26219701024,post_decode
1775909107416090620,26248668329,post_depay
1775909107422421673,26248746585,post_decode
1775909107455674800,26288113415,post_depay
1775909107463755750,26288289826,post_decode
1775909107520057587,26352555248,post_depay
1775909107528917576,26352667461,post_decode
1775909107536876717,26369525523,post_depay
1775909107540559778,26369569622,post_decode
1775909107585558058,26418074181,post_depay
1775909107593734161,26418179224,post_decode
1775909107615022337,26447566007,post_depay
1775909107620906270,26447654860,post_decode
1775909107651929031,26484523044,post_depay
1775909107656798410,26484595172,post_decode
1775909107696100903,26528606556,post_depay
1775909107702593092,26528719669,post_decode
1775909107737369658,26569812392,post_depay
1775909107745325552,26569981121,post_decode
1775909107781092145,26613542173,post_depay
1775909107789673493,26613682816,post_decode
1775909107811193609,26643691362,post_depay
1775909107817393088,26643817069,post_decode
1775909107856243040,26688870187,post_depay
1775909107860971327,26688936169,post_decode
1775909107896723830,26729305773,post_depay
1775909107901524963,26729384808,post_decode
1775909107953982943,26778093559,post_depay
1775909107961578815,26786609024,post_decode
1775909107970330518,26802966709,post_depay
1775909107974423625,26803022412,post_decode
1775909108017483128,26850044403,post_depay
1775909108023057266,26850132718,post_decode
1775909108059237527,26891731526,post_depay
1775909108066152794,26891846718,post_decode
1775909108099240858,26931610980,post_depay
1775909108109985247,26931787107,post_decode
1775909108199912213,27016261978,post_depay
1775909108210967874,27032599917,post_decode
1775909108213918570,27046574471,post_depay
1775909108217558669,27046616033,post_decode
1775909108220635703,27053327408,post_depay
1775909108223844942,27053366072,post_decode
1775909108250957168,27083514194,post_depay
1775909108256511402,27083608900,post_decode
1775909108295708106,27128185009,post_depay
1775909108304483002,27128318941,post_decode
1775909108338167051,27170601372,post_depay
1775909108345788491,27170745413,post_decode
1775909108385359571,27217786874,post_depay
1775909108393393715,27217956377,post_decode
1775909108412042642,27244196162,post_depay
1775909108419489044,27244642162,post_decode
1775909108456579100,27289011611,post_depay
1775909108464127031,27289170634,post_decode
1775909108510963734,27343244444,post_depay
1775909108521871901,27343474784,post_decode
1775909108541456432,27371578436,post_depay
1775909108549151619,27374119608,post_decode
1775909108571937050,27404489158,post_depay
1775909108582230448,27404584087,post_decode
1775909108616679502,27449243736,post_depay
1775909108624937826,27449334875,post_decode
1775909108658197119,27490536606,post_depay
1775909108670711930,27490723065,post_decode
1775909108699355601,27531744404,post_depay
1775909108708215299,27531937439,post_decode
1775909108731368599,27563936436,post_depay
1775909108739799531,27564029170,post_decode
1775909108788656341,27621002519,post_depay
1775909108798465096,27621206093,post_decode
1775909108840232416,27672608903,post_depay
1775909108849763161,27672776538,post_decode
1775909108873185025,27705455351,post_depay
1775909108882854939,27705655971,post_decode
1775909108902117216,27734611250,post_depay
1775909108910390493,27734736336,post_decode
1775909108935699964,27768305992,post_depay
1775909108942296525,27768382191,post_decode
1775909108977552855,27809674278,post_depay
1775909108988296842,27809870921,post_decode
1775909109023639328,27853496870,post_depay
1775909109031126108,27856248232,post_decode
1775909109053288614,27883672121,post_depay
1775909109061512011,27885928957,post_decode
1775909109095965819,27928363932,post_depay
1775909109104988271,27928543412,post_decode
1775909109173043060,27990545088,post_depay
1775909109186314232,28005691262,post_decode
1775909109188455153,28021100477,post_depay
1775909109191741087,28021167277,post_decode
1775909109226421372,28050957739,post_depay
1775909109235324371,28058938890,post_decode
1775909109260061027,28092490744,post_depay
1775909109269286328,28092639405,post_decode
1775909109292243235,28124721993,post_depay
1775909109299855315,28124843783,post_decode
1775909109336278942,28168692087,post_depay
1775909109344939519,28168848361,post_decode
1775909109401034650,28233211188,post_depay
1775909109410670836,28233551894,post_decode
1775909109427840127,28260173507,post_depay
1775909109436822682,28260394810,post_decode
1775909109459723929,28292238941,post_depay
1775909109469728395,28292352175,post_decode
1775909109497324512,28329448241,post_depay
1775909109507794231,28329925484,post_decode
1775909109554988551,28387447983,post_depay
1775909109564210082,28387589578,post_decode
1775909109590098657,28422459101,post_depay
1775909109600730700,28422620798,post_decode
1775909109614162207,28446725542,post_depay
1775909109625040053,28446809702,post_decode
1775909109657503324,28490002277,post_depay
1775909109664107015,28490123805,post_decode
1775909109714794155,28547316146,post_depay
1775909109722967377,28547429529,post_decode
1775909109743750689,28572959491,post_depay
1775909109752406406,28576377316,post_decode
1775909109772489018,28605045048,post_depay
1775909109778222789,28605139777,post_decode
1775909109816875871,28649501403,post_depay
1775909109822227266,28649571982,post_decode
1775909109859213645,28691694898,post_depay
1775909109868555005,28691828621,post_decode
1775909109900332596,28732908440,post_depay
1775909109907006224,28732989309,post_decode
1775909109932519211,28765015670,post_depay
1775909109942225360,28765143655,post_decode
1775909109977980680,28810494691,post_depay
1775909109986510836,28810617028,post_decode
1775909110018236664,28850769679,post_depay
1775909110026516221,28850868875,post_decode
1775909110061215180,28893527302,post_depay
1775909110070337806,28893722137,post_decode
1775909110091452343,28923966411,post_depay
1775909110100130979,28924073685,post_decode
1775909110227355521,29028697677,post_depay
1775909110244017685,29059970425,post_decode
1775909110247750539,29080383066,post_depay
1775909110251354879,29080456568,post_decode
1775909110252799983,29085499399,post_depay
1775909110256019295,29085532911,post_decode
1775909110257348825,29090057276,post_depay
1775909110261259375,29090084592,post_decode
1775909110297733781,29130233448,post_depay
1775909110305454507,29130352885,post_decode
1775909110341253722,29173673128,post_depay
1775909110350856403,29173808276,post_decode
1775909110372302361,29204806030,post_depay
1775909110379943804,29204935512,post_decode
1775909110417009136,29249534762,post_depay
1775909110424673576,29249642725,post_decode
1775909110458549031,29291020974,post_depay
1775909110466935681,29291165748,post_decode
1775909110501566447,29334048453,post_depay
1775909110509973293,29334182786,post_decode
1775909110532443249,29364795164,post_depay
1775909110542525679,29364929265,post_decode
1775909110577222277,29409537450,post_depay
1775909110586675183,29409731692,post_decode
1775909110617883768,29450506740,post_depay
1775909110622145724,29450566885,post_decode
1775909110661634073,29493968454,post_depay
1775909110671838411,29494164387,post_decode
1775909110698512127,29525190344,post_depay
1775909110706928198,29531117795,post_decode
1775909110737827555,29570128553,post_depay
1775909110748364955,29570344833,post_decode
1775909110779834263,29612201817,post_depay
1775909110790469241,29612387905,post_decode
1775909110821831447,29654193565,post_depay
1775909110831464865,29654374720,post_decode
1775909110853385047,29685931556,post_depay
1775909110862740847,29686034982,post_decode
1775909110898610335,29730841529,post_depay
1775909110909225854,29731143454,post_decode
1775909110946722180,29779011147,post_depay
1775909110958141058,29779255693,post_decode
1775909110981630336,29814142374,post_depay
1775909110989519273,29814257915,post_decode
1775909111019770551,29852177792,post_depay
1775909111027737374,29852357290,post_decode
1775909111068550838,29901061586,post_depay
1775909111076963245,29901181368,post_decode
1775909111097658383,29930165497,post_depay
1775909111105217134,29930285381,post_decode
1775909111184783696,29996498262,post_depay
1775909111201117291,30017353689,post_decode
1775909111202541895,30035255050,post_depay
1775909111205246257,30035278724,post_decode
1775909111229100258,30061666891,post_depay
1775909111234167608,30061755992,post_decode
1775909111264808446,30097269786,post_depay
1775909111274039338,30097408810,post_decode
1775909111300092342,30132508015,post_depay
1775909111308412439,30132679087,post_decode
1775909111338278725,30170918945,post_depay
1775909111344134137,30170992583,post_decode
1775909111389498338,30221958303,post_depay
1775909111398256992,30222106133,post_decode
1775909111421083163,30253551195,post_depay
1775909111429211746,30253676437,post_decode
1775909111458822841,30291248993,post_depay
1775909111468612127,30291405154,post_decode
1775909111499106456,30331709723,post_depay
1775909111507511626,30331779642,post_decode
1775909111542201230,30374825124,post_depay
1775909111545570550,30374882327,post_decode
1775909111572841181,30405254797,post_depay
1775909111580649766,30405458714,post_decode
1775909111617227863,30449797131,post_depay
1775909111623374621,30449874241,post_decode
1775909111659802436,30492201114,post_depay
1775909111668842824,30492381234,post_decode
1775909111702405138,30534740112,post_depay
1775909111713464821,30534963531,post_decode
1775909111732010026,30564583144,post_depay
1775909111742774661,30564666574,post_decode
1775909111778390939,30610785874,post_depay
1775909111786494362,30610970155,post_decode
1775909111819823043,30652195937,post_depay
1775909111828865577,30652378858,post_decode
1775909111862946202,30695266605,post_depay
1775909111873126813,30695484160,post_decode
1775909111893118024,30725656420,post_depay
1775909111901352964,30725760990,post_decode
1775909111939351161,30771812855,post_depay
1775909111949924188,30771970080,post_decode
1775909111979623702,30812022574,post_depay
1775909111990050792,30812209723,post_decode
1775909112021411869,30853671385,post_depay
1775909112030549621,30853930344,post_decode
1775909112052585797,30885131207,post_depay
1775909112059153565,30885232164,post_decode
1775909112096957198,30929546705,post_depay
1775909112105286409,30929623711,post_decode
1775909112214045791,31025814169,post_depay
1775909112227633392,31046715854,post_decode
1775909112232680081,31065331568,post_depay
1775909112235625160,31065372467,post_decode
1775909112237045134,31069722442,post_depay
1775909112239874636,31069780560,post_decode
1775909112262622192,31095259171,post_depay
1775909112267279305,31095311925,post_decode
1775909112294559314,31127075375,post_depay
1775909112301768587,31127189570,post_decode
1775909112337484206,31169972825,post_depay
1775909112345861812,31170093746,post_decode
1775909112378937219,31211342783,post_depay
1775909112389194205,31211523198,post_decode
1775909112424882954,31257025787,post_depay
1775909112436389858,31257204694,post_decode
1775909112458616096,31291089889,post_depay
1775909112467111239,31291223912,post_decode
1775909112499441419,31331950903,post_depay
1775909112507446882,31332069520,post_decode
1775909112540935670,31373253472,post_depay
1775909112550689486,31373478237,post_decode
1775909112582029096,31414517502,post_depay
1775909112588776056,31414642249,post_decode
1775909112612930072,31445467181,post_depay
1775909112620041580,31445575820,post_decode
1775909112661992083,31494277818,post_depay
1775909112671453993,31494489339,post_decode
1775909112699047083,31531523674,post_depay
1775909112707905593,31531651222,post_decode
1775909112743351584,31575760118,post_depay
1775909112752745192,31575923448,post_decode
1775909112773240567,31605559198,post_depay
1775909112782858025,31605753170,post_decode
1775909112820744565,31652617742,post_depay
1775909112833099579,31652846721,post_decode
1775909112866837263,31698443927,post_depay
1775909112879181216,31698687897,post_decode
1775909112903954406,31736332559,post_depay
1775909112913910511,31736513985,post_decode
1775909112933020037,31765610357,post_depay
1775909112937641352,31765685470,post_decode
1775909112978743710,31811310351,post_depay
1775909112985763757,31811395752,post_decode
1775909113019575323,31852071708,post_depay
1775909113028170402,31852204657,post_decode
1775909113078865699,31910929802,post_depay
1775909113089129756,31911387898,post_decode
1775909113102098991,31934655620,post_depay
1775909113108316659,31934747750,post_decode
1775909113174646605,31998316144,post_depay
1775909113188541332,32007218049,post_decode
1775909113201474546,32034112223,post_depay
1775909113204531867,32034166137,post_decode
1775909113237305330,32069775397,post_depay
1775909113245868977,32069943435,post_decode
1775909113260929480,32093474749,post_depay
1775909113267580754,32093572202,post_decode
1775909113299276476,32131672176,post_depay
1775909113309314959,32131863837,post_decode
1775909113339885377,32172528551,post_depay
1775909113347760450,32172591973,post_decode
1775909113390074180,32222475536,post_depay
1775909113400533741,32222651285,post_decode
1775909113413691180,32246318510,post_depay
1775909113419159596,32246378614,post_decode
1775909113460131289,32292495120,post_depay
1775909113469568820,32292683812,post_decode
1775909113499896706,32332468560,post_depay
1775909113505253942,32332555056,post_decode
1775909113545713978,32378041655,post_depay
1775909113556036313,32378252899,post_decode
1775909113573978308,32406488885,post_depay
1775909113584119699,32406603220,post_decode
1775909113621188051,32453662221,post_depay
1775909113629659128,32453789913,post_decode
1775909113660064878,32492422347,post_depay
1775909113671030807,32492615287,post_decode
1775909113701972196,32534443047,post_depay
1775909113709723936,32534576157,post_decode
1775909113733498841,32566066114,post_depay
1775909113739326027,32566160276,post_decode
1775909113779363075,32611785522,post_depay
1775909113787300409,32611960556,post_decode
1775909113826039729,32658307359,post_depay
1775909113837000884,32658570722,post_decode
1775909113867258094,32699626059,post_depay
1775909113874901104,32699793163,post_decode
1775909113893780723,32726269052,post_depay
1775909113901941101,32726397091,post_decode
1775909113945103424,32777512031,post_depay
1775909113953954040,32777700105,post_decode
1775909113980861815,32813307710,post_depay
1775909113989378862,32813470543,post_decode
1775909114036265960,32863703376,post_depay
1775909114044635276,32868835479,post_decode
1775909114056491954,32887028399,post_depay
1775909114060094644,32889192327,post_decode
1775909114099212802,32931745185,post_depay
1775909114108922147,32931842490,post_decode
1775909114203380775,33008227712,post_depay
1775909114220130104,33035884506,post_decode
1775909114221442424,33054142914,post_depay
1775909114224106783,33054176258,post_decode
1775909114225306550,33058011795,post_depay
1775909114228455463,33058040797,post_decode
1775909114265615296,33098156704,post_depay
1775909114273220650,33098261459,post_decode
1775909114298901546,33131433290,post_depay
1775909114306557475,33131542372,post_decode
1775909114342839685,33175167144,post_depay
1775909114353086985,33175379641,post_decode
1775909114383714835,33216217981,post_depay
1775909114391887298,33216334465,post_decode
1775909114424254052,33256515622,post_depay
1775909114436079203,33256753358,post_decode
1775909114453638235,33286205817,post_depay
1775909114458901771,33286293909,post_decode
1775909114499825662,33332395421,post_depay
1775909114504899798,33332485791,post_decode
1775909114549752353,33382184418,post_depay
1775909114554678213,33382267620,post_decode
1775909114581311606,33413915008,post_depay
1775909114587083946,33413982602,post_decode
1775909114612433878,33444787183,post_depay
1775909114618803308,33445076094,post_decode
1775909114658513450,33491065328,post_depay
1775909114667606257,33491163002,post_decode
1775909114701329681,33533517903,post_depay
1775909114709956620,33533779002,post_decode
1775909114746549866,33578863669,post_depay
1775909114756042440,33579068615,post_decode
1775909114784884195,33617331990,post_depay
1775909114794289639,33617485156,post_decode
1775909114819075688,33651533675,post_depay
1775909114830799650,33651685577,post_decode
1775909114861795005,33694164250,post_depay
1775909114869148734,33694370917,post_decode
1775909114900390649,33732830888,post_depay
1775909114908802181,33733000185,post_decode
1775909114951529569,33784039735,post_depay
1775909114958716065,33784155145,post_decode
1775909114998866866,33822022966,post_depay
1775909115008277173,33831425893,post_decode
1775909115030007095,33862559166,post_depay
1775909115035346194,33862652584,post_decode
1775909115064434133,33896971180,post_depay
1775909115072598045,33897068286,post_decode
1775909115103572456,33935940822,post_depay
1775909115116655599,33936141773,post_decode
1775909115193947472,34001697733,post_depay
1775909115213643121,34026372260,post_decode
1775909115215338188,34048011149,post_depay
1775909115218146477,34048056950,post_decode
1775909115231207773,34063854554,post_depay
1775909115234638895,34063907453,post_decode
1775909115259456647,34092029781,post_depay
1775909115268295355,34092116213,post_decode
1775909115300747466,34133253756,post_depay
1775909115309207017,34133376549,post_decode
1775909115342376760,34174767300,post_depay
1775909115352419407,34174942747,post_decode
1775909115383180872,34215578675,post_depay
1775909115392669109,34215729398,post_decode
1775909115426575291,34258864256,post_depay
1775909115436962134,34259110949,post_decode
1775909115457685579,34290205837,post_depay
1775909115465963254,34290320121,post_decode
1775909115501720019,34334224905,post_depay
1775909115510424290,34334340134,post_decode
1775909115543889701,34376319912,post_depay
1775909115552031687,34376475029,post_decode
1775909115573681358,34406193504,post_depay
1775909115583194851,34406305445,post_decode
1775909115618667223,34451157773,post_depay
1775909115627074054,34451282236,post_decode
1775909115663794183,34496042495,post_depay
1775909115674567038,34496368360,post_decode
1775909115703547859,34536185871,post_depay
1775909115707271136,34536236173,post_decode
1775909115740703403,34573198846,post_depay
1775909115748999897,34573316187,post_decode
1775909115780560845,34612991279,post_depay
1775909115789714390,34613145339,post_decode
1775909115826444201,34658729174,post_depay
1775909115836980949,34658972998,post_decode
1775909115864809877,34697313111,post_depay
1775909115875358360,34697448105,post_decode
1775909115894154355,34726592187,post_depay
1775909115902564389,34726725603,post_decode
1775909115944047022,34776436851,post_depay
1775909115953722127,34776613512,post_decode
1775909115990288085,34822639498,post_depay
1775909116000586635,34822809470,post_decode
1775909116025166117,34857668773,post_depay
1775909116034647159,34857794435,post_decode
1775909116054325090,34886830083,post_depay
1775909116062179999,34886964914,post_decode
1775909116099605066,34932087734,post_depay
1775909116107890965,34932220972,post_decode
1775909116203465075,35003486470,post_depay
1775909116215909554,35036104829,post_decode
1775909116218004695,35050697611,post_depay
1775909116220875944,35050728764,post_decode
1775909116222792222,35055260102,post_depay
1775909116226913726,35055513036,post_decode
1775909116267205962,35099695875,post_depay
1775909116273799917,35099823259,post_decode
1775909116294754047,35127239559,post_depay
1775909116301994608,35127374605,post_decode
1775909116339733499,35172185865,post_depay
1775909116347937800,35172326409,post_decode
1775909116385160740,35217617702,post_depay
1775909116393611863,35217755516,post_decode
1775909116434108043,35264018584,post_depay
1775909116442498822,35266691448,post_decode
1775909116453441450,35286018811,post_depay
1775909116460647036,35286100820,post_decode
1775909116498911353,35331368369,post_depay
1775909116509050677,35331510101,post_decode
1775909116542522413,35374870498,post_depay
1775909116551999113,35375092101,post_decode
1775909116582868725,35415393296,post_depay
1775909116590644008,35415507163,post_decode
1775909116636644023,35465018382,post_depay
1775909116644894337,35469236665,post_decode
1775909116654605006,35487252211,post_depay
1775909116660436938,35487306186,post_decode
1775909116701517671,35533969483,post_depay
1775909116709961595,35534122435,post_decode
1775909116743248075,35575654145,post_depay
1775909116752041516,35575801411,post_decode
1775909116793747256,35626085460,post_depay
1775909116803773966,35626291934,post_decode
1775909116823238944,35655721870,post_depay
1775909116832283438,35655844901,post_decode
1775909116861005738,35693476527,post_depay
1775909116869380726,35693611526,post_decode
1775909116903504652,35735932784,post_depay
1775909116910162253,35736090851,post_decode
1775909116951594798,35784061541,post_depay
1775909116962454346,35784195444,post_decode
1775909116982947825,35815162179,post_depay
1775909116990968286,35815379606,post_decode
1775909117020053380,35852633525,post_depay
1775909117025912769,35852715003,post_decode
1775909117065797816,35898237870,post_depay
1775909117074177053,35898388434,post_decode
1775909117107839940,35940183807,post_depay
1775909117121923920,35940383190,post_decode
1775909117196891198,36007686423,post_depay
1775909117217579427,36029265171,post_decode
1775909117220112712,36052724256,post_depay
1775909117224038259,36052808523,post_decode
1775909117226141271,36058819783,post_depay
1775909117229933232,36058856418,post_decode
1775909117259181968,36091658746,post_depay
1775909117266503993,36091783900,post_decode
1775909117300330631,36132843359,post_depay
1775909117306365447,36132962895,post_decode
1775909117345787397,36178084894,post_depay
1775909117354505879,36178324231,post_decode
1775909117383401671,36215706685,post_depay
1775909117390692970,36215954196,post_decode
1775909117417286378,36249601554,post_depay
1775909117425909912,36249829929,post_decode
1775909117459591939,36291957683,post_depay
1775909117468253897,36292143330,post_decode
1775909117501438580,36333993451,post_depay
1775909117508451686,36334095316,post_decode
1775909117543477255,36375884480,post_depay
1775909117553065365,36376064093,post_decode
1775909117577529971,36409293108,post_depay
1775909117585155475,36410146433,post_decode
1775909117623004342,36451078132,post_depay
1775909117632415404,36455596235,post_decode
1775909117662692158,36495038904,post_depay
1775909117671745502,36495263562,post_decode
1775909117703566956,36536015308,post_depay
1775909117711423030,36536155149,post_decode
1775909117734912768,36567447978,post_depay
1775909117743847709,36567555953,post_decode
1775909117780451837,36612970816,post_depay
1775909117791425903,36613084002,post_decode
1775909117825514270,36657810988,post_depay
1775909117837245801,36658069218,post_decode
1775909117868239173,36700617856,post_depay
1775909117877988030,36700794684,post_decode
1775909117894972266,36727500423,post_depay
1775909117902431703,36727612186,post_decode
1775909117943322291,36775852116,post_depay
1775909117949112994,36775958642,post_decode
1775909117982551131,36815017614,post_depay
1775909117989420893,36815156278,post_decode
1775909118029420394,36861761036,post_depay
1775909118039748469,36861982310,post_decode
1775909118054280141,36886886155,post_depay
1775909118058796529,36886956961,post_decode
1775909118099562218,36932069833,post_depay
1775909118105812873,36932182857,post_decode
1775909118211565276,37030316779,post_depay
1775909118228756669,37044188163,post_decode
1775909118231194107,37063789659,post_depay
1775909118236914404,37063872583,post_decode
1775909118238374406,37071041778,post_depay
1775909118241630600,37071093918,post_decode
1775909118256439696,37089070992,post_depay
1775909118260477327,37089121687,post_decode
1775909118301638613,37134112285,post_depay
1775909118308992484,37134242380,post_decode
1775909118341482947,37174004701,post_depay
1775909118349921209,37174106217,post_decode
1775909118385292875,37217808162,post_depay
1775909118396692761,37217936565,post_decode
1775909118418649904,37251222880,post_depay
1775909118424779423,37251302742,post_decode
1775909118459996967,37292465823,post_depay
1775909118469635744,37292611497,post_decode
1775909118501692858,37334222511,post_depay
1775909118512157563,37334327757,post_decode
1775909118545736462,37377385221,post_depay
1775909118557068155,37377979818,post_decode
1775909118574739081,37407262420,post_depay
1775909118583304126,37407367170,post_decode
1775909118619879720,37452404665,post_depay
1775909118626249739,37452513253,post_decode
1775909118661990572,37494501971,post_depay
1775909118671596412,37494621376,post_decode
1775909118706538290,37539085232,post_depay
1775909118715041217,37539185271,post_decode
1775909118734910559,37567486204,post_depay
1775909118743238998,37567569743,post_decode
1775909118792898260,37625433249,post_depay
1775909118800080578,37625528560,post_decode
1775909118821782491,37654344702,post_depay
1775909118829210089,37654439275,post_decode
1775909118863871030,37696134462,post_depay
1775909118870705786,37696350143,post_decode
1775909118893857467,37725663054,post_depay
1775909118899190350,37726566073,post_decode
1775909118951716506,37784266822,post_depay
1775909118958148383,37784361876,post_decode
1775909118982012170,37814650742,post_depay
1775909118986004086,37814701591,post_decode
1775909119029479996,37861930419,post_depay
1775909119033663233,37862032211,post_decode
1775909119063414593,37896036147,post_depay
1775909119067522452,37896091643,post_decode
1775909119094415374,37927075937,post_depay
1775909119098979612,37927116090,post_decode
1775909119192624340,38012403326,post_depay
1775909119216022658,38025057153,post_decode
1775909119217981168,38050661136,post_depay
1775909119220671038,38050701328,post_decode
1775909119222351105,38055045318,post_depay
1775909119224978038,38055073422,post_decode
1775909119261330982,38093857167,post_depay
1775909119270560759,38093972325,post_decode
1775909119302657897,38135207291,post_depay
1775909119311393536,38135302796,post_decode
1775909119344499449,38177048294,post_depay
1775909119351093092,38177144928,post_decode
1775909119378114451,38210564505,post_depay
1775909119389551664,38210708490,post_decode
1775909119425240482,38257523435,post_depay
1775909119435106522,38257760431,post_decode
1775909119462620985,38295072181,post_depay
1775909119473441067,38295214438,post_decode
1775909119512472887,38344714420,post_depay
1775909119525005159,38344977422,post_decode
1775909119534989317,38367588376,post_depay
1775909119540960535,38367655469,post_decode
1775909119578944636,38411467048,post_depay
1775909119585560827,38411583427,post_decode
1775909119623866455,38456447852,post_depay
1775909119629761855,38456526756,post_decode
1775909119667014267,38499640661,post_depay
1775909119672767027,38499700256,post_decode
1775909119696752510,38529328655,post_depay
1775909119703045407,38529409421,post_decode
1775909119740437689,38573036357,post_depay
1775909119744598673,38573105079,post_decode
1775909119781076009,38613683279,post_depay
1775909119785422659,38613754728,post_decode
1775909119823444864,38656041093,post_depay
1775909119827702892,38656111383,post_decode
1775909119855486955,38687887215,post_depay
1775909119863175678,38688027330,post_decode
1775909119914577027,38746653805,post_depay
1775909119922914094,38746883486,post_decode
1775909119954700243,38787227750,post_depay
1775909119961735046,38787337298,post_decode
1775909119982750021,38815298882,post_depay
1775909119988474054,38815396574,post_decode
1775909120026631052,38855098069,post_depay
1775909120034521372,38859241792,post_decode
1775909120053890788,38886489726,post_depay
1775909120060673146,38886564010,post_decode
1775909120115862213,38948347980,post_depay
1775909120124449424,38948471523,post_decode
1775909120247387150,39040329587,post_depay
1775909120262441923,39080025166,post_decode
1775909120264319687,39097005651,post_depay
1775909120267677425,39097038717,post_decode
1775909120270985190,39103593447,post_depay
1775909120275533061,39103672043,post_decode
1775909120282597943,39115194481,post_depay
1775909120286902118,39115227113,post_decode
1775909120298332449,39130931029,post_depay
1775909120303440528,39130998705,post_decode
1775909120341595687,39174087806,post_depay
1775909120348477771,39174207343,post_decode
1775909120383984431,39216490456,post_depay
1775909120391376242,39216601038,post_decode
1775909120423957792,39256468010,post_depay
1775909120431281489,39256597116,post_decode
1775909120456453519,39288946818,post_depay
1775909120466697534,39289071115,post_decode
1775909120497010286,39329646990,post_depay
1775909120503373213,39329712135,post_decode
1775909120542505960,39374952374,post_depay
1775909120551914154,39375100342,post_decode
1775909120597972077,39430435678,post_depay
1775909120605847394,39430574320,post_decode
1775909120628658899,39461071610,post_depay
1775909120638201279,39461218758,post_decode
1775909120660176733,39492664274,post_depay
1775909120668155081,39492776125,post_decode
1775909120701189819,39533693995,post_depay
1775909120708748389,39533811876,post_decode
1775909120756530002,39588870967,post_depay
1775909120765152531,39589081329,post_decode
1775909120788053504,39620660796,post_depay
1775909120791443325,39620707038,post_decode
1775909120825065012,39657628092,post_depay
1775909120831490275,39657723624,post_decode
