wall_time,cam_index,decoder_ms
15:35:51.540,1,6015.5151
15:35:51.542,0,29101.8221
15:35:51.558,2,20.3436
15:35:51.564,2,6.0398
15:35:51.566,1,6034.7082
15:35:51.570,1,6017.0986
15:35:51.573,2,6.8624
15:35:51.575,0,29126.4903
15:35:51.587,0,29133.0554
15:35:51.598,2,3.9108
15:35:51.600,1,6014.0449
15:35:51.600,0,29139.2637
15:35:51.605,2,6.1820
15:35:51.609,1,6015.8732
15:35:51.609,0,29125.5298
15:35:51.612,2,6.4622
15:35:51.615,0,29090.6336
15:35:51.616,1,6015.0068
15:35:51.622,2,9.0972
15:35:51.625,0,29067.7278
15:35:51.625,1,6020.7050
15:35:51.688,2,3.9159
15:35:51.689,1,6047.7368
15:35:51.692,0,29091.2117
15:35:51.696,2,7.0846
15:35:51.696,1,6023.2879
15:35:51.699,0,29055.3475
15:35:51.723,2,5.6293
15:35:51.723,1,6011.1794
15:35:51.746,0,29061.9086
15:35:51.758,1,5979.3920
15:35:51.763,2,3.5945
15:35:51.772,0,29042.3042
15:35:51.808,1,6002.3623
15:35:51.808,2,4.3936
15:35:51.816,0,29059.2000
15:35:51.832,1,5991.9702
15:35:51.839,2,4.5201
15:35:51.870,0,29066.7071
15:35:51.876,1,6003.1225
15:35:51.881,2,5.2919
15:35:51.897,0,29054.4509
15:35:51.949,0,29064.5702
15:35:51.949,2,3.3955
15:35:51.952,1,6037.7028
15:35:51.955,2,5.1765
15:35:51.962,1,6007.6926
15:35:51.971,0,29028.2679
15:35:52.026,0,29066.7784
15:35:52.029,1,6022.4913
15:35:52.029,2,4.6084
15:35:52.034,1,6000.6583
15:35:52.038,2,3.8391
15:35:52.060,0,29052.6590
15:35:52.091,2,3.3731
15:35:52.091,1,6016.9748
15:35:52.098,0,29054.5179
15:35:52.112,2,3.4272
15:35:52.117,1,5980.3615
15:35:52.158,0,29068.1949
15:35:52.158,1,6015.3503
15:35:52.165,2,6.0184
15:35:52.175,0,29049.1582
15:35:52.198,2,3.3364
15:35:52.198,1,5987.0639
15:35:52.230,0,29072.9138
15:35:52.236,1,5923.7425
15:35:52.239,2,3.2399
15:35:52.258,0,29055.4338
15:35:52.302,1,5985.1478
15:35:52.302,2,3.4473
15:35:52.312,2,3.2972
15:35:52.318,1,5996.5837
15:35:52.401,1,5971.8659
15:35:52.440,2,3.5195
15:35:52.451,2,4.2246
15:35:52.451,1,5994.3505
15:35:52.458,1,5994.8701
15:35:52.458,2,6.9293
15:35:52.462,0,29214.7065
15:35:52.465,0,28978.9320
15:35:52.470,0,28968.0012
15:35:52.472,2,3.6359
15:35:52.475,0,28970.3687
15:35:52.498,1,5978.8583
15:35:52.500,0,28992.6012
15:35:52.517,2,3.1708
15:35:52.520,1,5997.2249
15:35:52.568,0,29056.9285
15:35:52.578,1,6014.6965
15:35:52.583,2,4.6446
15:35:52.585,0,29060.1462
15:35:52.597,1,5979.6324
15:35:52.600,2,3.2012
15:35:52.637,0,29057.0863
15:35:52.643,1,6001.5287
15:35:52.643,2,4.7513
15:35:52.660,0,29059.4017
15:35:52.714,2,3.8734
15:35:52.721,0,29075.5799
15:35:52.721,2,3.4609
15:35:52.721,1,6029.5989
15:35:52.728,1,6022.5714
15:35:52.739,0,29017.1928
15:35:52.751,1,5987.6740
15:35:52.775,0,29048.8262
15:35:52.777,2,4.5002
15:35:52.794,2,3.1479
15:35:52.797,1,6005.1640
15:35:52.816,0,29015.5259
15:35:52.867,1,6009.9772
15:35:52.873,2,5.8083
15:35:52.873,0,29068.6406
15:35:52.885,2,2.9883
15:35:52.890,1,5987.1594
15:35:52.916,0,29029.8964
15:35:52.921,1,6002.0633
15:35:52.921,2,3.6325
15:35:52.931,0,29042.7289
15:35:52.953,2,3.4222
15:35:52.992,0,29057.5493
15:35:52.992,1,6033.9488
15:35:53.000,2,4.8483
15:35:53.000,1,6008.7237
15:35:53.018,0,29051.1510
15:35:53.070,1,6036.1786
15:35:53.070,0,29045.2928
15:35:53.071,2,3.4901
15:35:53.077,1,5978.0947
15:35:53.080,2,3.2581
15:35:53.100,0,29060.6873
15:35:53.128,1,6016.3120
15:35:53.128,2,3.5920
15:35:53.135,0,29050.6535
15:35:53.157,1,5992.9200
15:35:53.158,2,4.0797
15:35:53.187,0,29035.9568
15:35:53.203,1,6011.9124
15:35:53.203,2,4.1009
15:35:53.218,0,29051.4085
15:35:53.262,2,3.8340
15:35:53.263,1,6030.9002
15:35:53.263,0,29055.9290
15:35:53.579,2,18.8356
15:35:53.582,2,3.1021
15:35:53.587,2,4.8741
15:35:53.592,2,4.7725
15:35:53.598,0,29355.5378
15:35:53.601,0,29110.4634
15:35:53.631,0,29124.8072
15:35:53.632,2,4.1764
15:35:53.638,0,29111.4948
15:35:53.638,2,5.9963
15:35:53.644,0,29113.7479
15:35:53.645,2,5.6804
15:35:53.651,2,5.9276
15:35:53.680,2,3.0271
15:35:53.680,0,29146.0461
15:35:53.700,0,29159.6417
15:35:53.747,2,3.2990
15:35:53.747,0,29147.2592
15:35:53.760,2,3.6026
15:35:53.777,0,29171.9127
15:35:53.816,2,3.1256
15:35:53.818,0,29151.9099
15:35:53.838,2,3.2127
15:35:53.872,0,29186.6349
15:35:53.881,2,3.0468
15:35:53.900,0,29172.3882
15:35:53.944,0,29185.7632
15:35:53.944,2,4.0439
15:35:53.952,2,3.2960
15:35:53.976,0,29169.3881
15:35:54.001,2,3.1873
15:35:54.017,0,29171.2019
15:35:54.065,2,3.4622
15:35:54.066,0,29145.1475
15:35:54.081,2,3.2118
15:35:54.100,0,29176.3587
15:35:54.124,2,3.2807
15:35:54.131,0,29138.7609
15:35:54.159,2,3.1596
15:35:54.207,0,29202.8456
15:35:54.209,2,4.6807
15:35:54.219,0,29172.9540
15:35:54.240,2,3.1741
15:35:54.266,0,29188.4664
15:35:54.277,2,3.1629
15:35:54.337,2,2.8151
15:35:54.435,2,3.3753
15:35:54.441,2,5.8159
15:35:54.447,2,3.3282
15:35:54.478,2,2.7306
15:35:54.541,2,3.7968
15:35:54.563,2,3.0177
15:35:54.620,2,3.9231
15:35:54.640,2,4.2001
15:35:54.697,2,3.0772
15:35:54.721,2,3.1196
15:35:54.755,2,3.2416
15:35:54.812,2,3.3150
15:35:54.842,2,3.3226
15:35:54.886,2,3.1247
15:35:54.912,2,2.9717
15:35:54.957,2,3.3115
15:35:55.074,2,4.0540
15:35:55.081,2,5.4112
15:35:55.086,2,4.8980
15:35:55.134,2,4.0014
15:35:55.162,2,2.8975
15:35:55.204,2,3.1450
15:35:55.235,2,2.8330
15:35:55.252,1,7639.7631
15:35:55.258,0,30134.8402
15:35:55.561,1,7929.7776
15:35:55.565,1,7930.2191
15:35:55.569,1,7931.2304
15:35:55.570,0,30374.8594
15:35:55.572,2,22.9827
15:35:55.575,0,30368.6542
15:35:55.577,1,7905.9916
15:35:55.578,2,5.4511
15:35:55.582,0,30330.9791
15:35:55.584,1,7903.0592
15:35:55.585,2,6.3266
15:35:55.589,0,30078.7084
15:35:55.592,2,6.6306
15:35:55.592,1,7885.6139
15:35:55.596,0,30068.0380
15:35:55.599,1,7842.5200
15:35:55.599,2,5.5219
15:35:55.606,2,6.0937
15:35:55.612,0,30080.1418
15:35:55.644,1,7842.9891
15:35:55.647,2,5.5046
15:35:55.663,0,30040.8044
15:35:55.681,1,7849.4667
15:35:55.757,0,30132.0454
15:35:55.758,2,4.2073
15:35:55.774,0,30145.6251
15:35:55.774,2,3.1519
15:35:55.775,1,7900.5602
15:35:55.781,1,7840.6370
15:35:55.781,0,30150.5895
15:35:55.782,2,7.5978
15:35:55.833,0,30193.2419
15:35:55.835,2,4.8392
15:35:55.835,1,7879.1636
15:35:55.843,2,4.0640
15:35:55.843,1,7848.9242
15:35:55.874,0,30171.8954
15:35:55.874,1,7844.0014
15:35:55.881,2,3.6283
15:35:55.899,0,30173.4498
15:35:55.933,1,7837.7549
15:35:55.935,2,3.5568
15:35:55.941,0,30167.9628
15:35:55.954,2,3.9557
15:35:55.962,1,7849.2640
15:35:55.992,0,30172.0183
15:35:56.000,2,3.0457
15:35:56.003,1,7838.0652
15:35:56.020,0,30176.7433
15:35:56.033,1,7846.1404
15:35:56.080,1,7840.3647
15:35:56.080,2,3.3799
15:35:56.080,0,30174.9484
15:35:56.087,2,7.2910
15:35:56.101,0,30174.7931
15:35:56.113,2,3.1059
15:35:56.148,1,7874.9981
15:35:56.151,0,30153.6930
15:35:56.157,2,3.1648
15:35:56.163,1,7850.2605
15:35:56.173,0,30163.3670
15:35:56.193,1,7749.0548
15:35:56.199,2,3.1578
15:35:56.246,0,30195.9187
15:35:56.249,1,7770.8789
15:35:56.250,2,4.2588
15:35:56.259,0,30149.8188
15:35:56.274,2,3.3706
15:35:56.278,1,7789.3704
15:35:56.364,2,3.5706
15:35:56.365,1,7814.1898
15:35:56.390,1,7835.1520
15:35:56.397,2,3.0630
15:35:56.442,1,7782.2213
15:35:56.447,2,3.8613
15:35:56.450,1,7773.7422
15:35:56.453,2,5.6051
15:35:56.455,0,30335.8316
15:35:56.459,0,30266.2871
15:35:56.464,0,30258.8565
15:35:56.470,0,30217.5308
15:35:56.474,0,30064.7935
15:35:56.482,2,3.1672
15:35:56.488,1,7805.7859
15:35:56.498,0,30071.0588
15:35:56.515,1,7798.7378
15:35:56.520,2,3.9759
15:35:56.565,0,30090.1662
15:35:56.578,1,7799.3173
15:35:56.578,0,30099.8554
15:35:56.581,2,6.9715
15:35:56.594,2,4.1359
15:35:56.599,1,7807.1127
15:35:56.636,0,30146.3905
15:35:56.641,2,5.5302
15:35:56.645,1,7775.5061
15:35:56.660,0,30137.5350
15:35:56.682,1,7804.3845
15:35:56.684,2,4.4937
15:35:56.711,0,30120.0388
15:35:56.718,1,7800.4816
15:35:56.724,2,3.2327
15:35:56.740,0,30134.9016
15:35:56.783,0,30102.4737
15:35:56.783,1,7787.1933
15:35:56.786,2,5.8667
15:35:56.802,2,3.5213
15:35:56.802,1,7790.0216
15:35:56.836,0,30151.2321
15:35:56.844,2,4.2543
15:35:56.844,1,7770.3230
15:35:56.861,0,30127.3415
15:35:56.906,0,30140.9595
15:35:56.907,2,4.0623
15:35:56.907,1,7819.4998
15:35:56.917,2,4.3573
15:35:56.917,1,7783.5648
15:35:56.940,0,30122.9733
15:35:56.969,2,3.8201
15:35:56.969,1,7813.3726
15:35:56.972,0,30087.5702
15:35:57.000,1,7778.7051
15:35:57.005,2,4.9353
15:35:57.018,0,30130.6906
15:35:57.092,0,30168.2961
15:35:57.092,1,7852.9797
15:35:57.093,2,4.9814
15:35:57.101,0,30133.9982
15:35:57.101,2,7.1806
15:35:57.101,1,7498.9294
15:35:57.123,2,3.3933
15:35:57.124,1,7474.2375
15:35:57.149,0,30115.6496
15:35:57.156,1,7502.9604
15:35:57.161,2,5.1848
15:35:57.174,0,30126.7433
15:35:57.224,0,30131.9550
15:35:57.225,1,7564.1911
15:35:57.228,2,6.0614
15:35:57.234,2,3.2851
15:35:57.238,1,7571.9427
15:35:57.258,0,30134.8770
15:35:57.476,1,7798.3590
15:35:57.493,1,7773.5895
15:35:57.496,0,30328.2825
15:35:57.499,1,7771.5497
15:35:57.502,0,30280.0993
15:35:57.505,2,18.7351
15:35:57.506,1,7774.8111
15:35:57.510,0,30262.0630
15:35:57.510,2,3.7888
15:35:57.513,1,7759.0087
15:35:57.516,0,29968.2331
15:35:57.516,2,5.3853
15:35:57.521,0,29955.9339
15:35:57.522,2,5.3482
15:35:57.529,2,7.0668
15:35:57.540,1,7744.7826
15:35:57.542,0,29974.4615
15:35:57.554,1,7711.2041
15:35:57.559,2,3.5525
15:35:57.578,0,30006.9515
15:35:57.623,2,3.5100
15:35:57.624,0,30042.1025
15:35:57.624,1,7758.0377
15:35:57.634,2,3.1796
15:35:57.639,1,7727.6737
15:35:57.675,0,30062.5126
15:35:57.686,1,7700.6613
15:35:57.686,2,3.6935
15:35:57.704,0,30061.5469
15:35:57.713,1,7718.3014
15:35:57.760,0,30049.7731
15:35:57.761,2,4.7738
15:35:57.767,2,5.3742
15:35:57.767,1,7716.9048
15:35:57.778,0,30052.2151
15:35:57.825,0,30041.3257
15:35:57.825,1,7756.0012
15:35:57.825,2,4.0801
15:35:57.838,2,3.2264
15:35:57.840,1,7697.2014
15:35:57.863,0,30063.3080
15:35:57.883,2,3.2452
15:35:57.884,1,7731.6504
15:35:57.901,0,30031.5734
15:35:57.917,1,7720.7245
15:35:57.922,2,4.4712
15:35:57.934,0,30048.7076
15:35:57.967,2,3.4332
15:35:57.970,1,7716.7810
15:35:57.980,0,30034.4032
15:35:58.022,2,3.3904
15:35:58.025,1,7755.2719
15:35:58.030,0,30061.1422
15:35:58.041,1,7694.4507
15:35:58.043,2,3.6418
15:35:58.062,0,30052.2150
15:35:58.083,1,7658.2441
15:35:58.086,2,4.4721
15:35:58.093,0,30048.0105
15:35:58.135,2,3.9150
15:35:58.136,1,7690.8117
15:35:58.140,0,30055.3138
15:35:58.170,1,7682.0255
15:35:58.170,2,4.3256
15:35:58.179,0,29983.9364
15:35:58.210,2,3.8099
15:35:58.223,1,7728.7757
15:35:58.226,0,30027.8133
15:35:58.236,1,7721.0142
15:35:58.257,2,4.2578
15:35:58.260,0,30053.1989
15:35:58.330,1,7768.2688
15:35:58.331,2,4.4554
15:35:58.337,1,7727.4454
15:35:58.339,2,8.3936
15:35:58.428,1,7792.8260
15:35:58.435,0,30163.8442
15:35:58.435,2,4.1112
15:35:58.440,1,7736.5386
15:35:58.440,0,30038.7696
15:35:58.444,2,7.6915
15:35:58.446,1,7732.5594
15:35:58.446,0,30029.3173
15:35:58.450,2,5.6240
15:35:58.452,0,30032.1917
15:35:58.481,0,30058.1516
15:35:58.481,1,7724.8340
15:35:58.481,2,3.9371
15:35:58.495,0,30029.7226
15:35:58.545,1,7759.6519
15:35:58.545,2,4.7514
15:35:58.549,0,30070.2149
15:35:58.552,1,7721.4566
15:35:58.567,2,3.2343
15:35:58.590,0,30064.7026
15:35:58.597,2,4.1486
15:35:58.599,1,7706.5764
15:35:58.623,0,30024.9044
15:35:58.666,1,7750.6257
15:35:58.671,2,4.0627
15:35:58.672,0,30065.9176
15:35:58.686,2,4.2673
15:35:58.686,1,7736.5185
15:35:58.700,0,30052.1790
15:35:58.731,2,3.4739
15:35:58.732,1,7694.1943
15:35:58.742,0,30034.7517
15:35:58.757,1,7712.4161
15:35:58.757,2,4.0344
15:35:58.786,0,30062.1906
15:35:58.804,2,3.3459
15:35:58.806,1,7700.0291
15:35:58.816,0,30019.9258
15:35:58.858,2,3.5282
15:35:58.858,1,7749.9974
15:35:58.862,0,30054.6243
15:35:58.874,1,7698.5999
15:35:58.881,2,3.3412
15:35:58.934,0,30080.3672
15:35:58.935,2,3.4007
15:35:58.940,1,7745.7434
15:35:58.946,0,30065.7091
15:35:58.961,1,7719.2050
15:35:58.961,2,4.2328
15:35:59.002,0,30072.7270
15:35:59.002,1,7461.0104
15:35:59.005,2,4.4030
15:35:59.021,0,30052.1036
15:35:59.057,1,7490.8068
15:35:59.062,0,30053.0671
15:35:59.063,2,5.5687
15:35:59.080,1,7484.8831
15:35:59.086,2,3.5951
15:35:59.124,2,3.1328
15:35:59.125,0,30057.5449
15:35:59.130,1,7529.7010
15:35:59.139,0,30055.2291
15:35:59.183,2,3.5268
15:35:59.183,0,30052.9522
15:35:59.183,1,7573.9803
15:35:59.193,1,7576.4616
15:35:59.202,2,3.1655
15:35:59.246,1,7561.5263
15:35:59.246,2,3.9029
15:35:59.246,0,30048.3964
15:35:59.264,0,30057.1897
15:35:59.582,1,7892.5010
15:35:59.585,2,19.5085
15:35:59.588,1,7870.1786
15:35:59.588,0,30334.1872
15:35:59.589,2,3.6076
15:35:59.594,0,30019.4891
15:35:59.597,2,7.5486
15:35:59.597,1,7843.6182
15:35:59.600,0,29979.5738
15:35:59.603,2,5.8833
15:35:59.604,1,7800.0027
15:35:59.608,0,29983.7506
15:35:59.611,1,7782.7829
15:35:59.611,2,5.4321
15:35:59.615,0,29987.8531
15:35:59.650,0,30019.4718
15:35:59.650,2,3.8038
15:35:59.650,1,7779.7405
15:35:59.661,0,30027.7537
15:35:59.683,1,7737.0248
15:35:59.684,2,4.2906
15:35:59.703,0,30066.3797
15:35:59.715,1,7756.9858
15:35:59.723,2,3.0084
15:35:59.787,0,30145.4904
15:35:59.788,2,3.5025
15:35:59.793,0,30145.0940
15:35:59.794,1,7769.2725
15:35:59.800,1,7769.8270
15:35:59.803,2,4.1749
15:35:59.819,0,30128.9336
15:35:59.860,2,3.6038
15:35:59.861,1,7773.4616
15:35:59.866,0,30115.9879
15:35:59.873,1,7759.8961
15:35:59.885,2,4.2192
15:35:59.926,0,30159.6318
15:35:59.928,1,7772.7092
15:35:59.929,2,5.2320
15:35:59.935,0,30121.6482
15:35:59.984,1,7789.9259
15:35:59.987,2,4.4492
15:35:59.991,0,30104.3035
15:36:00.006,1,7773.5296
15:36:00.006,2,4.1485
15:36:00.021,0,30109.9723
15:36:00.064,1,7765.1266
15:36:00.067,2,5.1875
15:36:00.067,0,30113.3569
15:36:00.078,2,3.7229
15:36:00.081,1,7766.5517
15:36:00.136,0,30163.6449
15:36:00.140,2,6.8290
15:36:00.140,1,7743.9160
15:36:00.144,0,30090.9887
15:36:00.208,0,30140.5571
15:36:00.208,1,7761.1727
15:36:00.209,2,4.1545
15:36:00.215,2,6.3701
15:36:00.215,1,7763.8569
15:36:00.222,0,30133.9995
15:36:00.279,1,7785.6212
15:36:00.281,2,4.4143
15:36:00.286,0,30158.2594
15:36:00.289,1,7774.3634
15:36:00.289,2,4.8111
15:36:00.349,1,7775.3854
15:36:00.352,2,5.6660
15:36:00.427,2,3.8722
15:36:00.427,1,7834.4007
15:36:00.454,2,3.5975
15:36:00.455,0,30281.0293
15:36:00.459,1,7820.6836
15:36:00.459,0,30254.1160
15:36:00.462,2,7.3193
15:36:00.465,0,30208.6355
15:36:00.485,0,30087.2754
15:36:00.490,2,4.3371
15:36:00.490,1,7772.6338
15:36:00.502,0,30088.4611
15:36:00.514,1,7792.7299
15:36:00.548,2,2.7531
15:36:00.551,0,30134.6205
15:36:00.562,1,7814.4844
15:36:00.564,2,4.2067
15:36:00.573,0,30154.3168
15:36:00.605,2,3.3056
15:36:00.605,1,7812.1480
15:36:00.643,0,30196.6087
15:36:00.645,2,5.1839
15:36:00.647,1,7784.1931
15:36:00.661,0,30127.1627
15:36:00.699,1,7813.8513
15:36:00.701,2,4.4173
15:36:00.701,0,30161.1078
15:36:00.720,1,7802.6882
15:36:00.725,2,3.2610
15:36:00.770,0,30207.7563
15:36:00.772,2,3.3864
15:36:00.772,1,7783.3739
15:36:00.778,0,30172.7433
15:36:00.827,2,3.6295
15:36:00.830,0,30180.7911
15:36:00.830,1,7834.3481
15:36:00.836,1,7769.0916
15:36:00.845,2,4.0163
15:36:00.863,0,30121.6472
15:36:00.897,2,3.3722
15:36:00.897,1,7826.1939
15:36:00.902,0,30158.2502
15:36:00.922,2,3.5657
15:36:00.927,1,7803.4322
15:36:00.967,2,3.5632
15:36:00.967,0,30200.2580
15:36:00.968,1,7814.5478
15:36:00.978,0,30167.2046
15:36:00.995,1,7795.8643
15:36:01.036,0,30164.0473
15:36:01.036,2,3.1068
15:36:01.043,1,7784.0606
15:36:01.049,2,3.2899
15:36:01.059,0,30180.3243
15:36:01.124,1,7543.4431
15:36:01.124,2,3.6051
15:36:01.125,0,30192.9037
15:36:01.134,1,7508.1687
15:36:01.135,2,10.2259
15:36:01.148,0,30180.8846
15:36:01.161,1,7531.9289
15:36:01.194,0,30186.8267
15:36:01.197,2,5.1212
15:36:01.204,2,3.0354
15:36:01.204,1,7564.9978
15:36:01.220,0,30134.4428
15:36:01.264,2,3.1917
15:36:01.269,1,7626.6424
15:36:01.274,0,30185.4260
15:36:01.546,0,30410.9547
15:36:01.550,1,7873.8011
15:36:01.553,1,7809.0433
15:36:01.572,0,30404.7847
15:36:01.580,1,7832.0030
15:36:01.583,0,30371.6548
15:36:01.587,1,7775.1186
15:36:01.597,0,30313.4805
15:36:01.598,1,7762.9141
15:36:01.603,0,30026.5126
15:36:01.608,0,30014.7631
15:36:01.609,1,7731.2270
15:36:01.637,1,7697.3085
15:36:01.644,0,30047.7617
15:36:01.645,1,7692.4993
15:36:01.654,0,30054.7193
15:36:01.656,1,7658.3035
15:36:01.662,0,30059.4908
15:36:01.663,1,7600.7608
15:36:01.669,0,30063.7736
15:36:01.703,1,7634.3487
15:36:01.705,0,30096.7678
15:36:01.716,1,7590.8266
15:36:01.734,0,30084.7693
15:36:01.769,1,7612.7886
15:36:01.780,0,30073.6350
15:36:01.827,1,7622.3064
15:36:01.839,0,30109.2406
15:36:01.880,0,30106.3993
15:36:01.880,1,7653.2683
15:36:01.897,1,7623.7117
15:36:01.903,0,30095.0530
15:36:01.962,0,30107.8058
15:36:01.962,1,7627.4098
15:36:01.969,1,7536.6453
15:36:01.986,0,30073.4595
15:36:02.028,0,30098.4939
15:36:02.028,1,7592.0765
15:36:02.037,1,7591.8050
15:36:02.055,0,30073.9037
15:36:02.106,0,30099.6751
15:36:02.110,1,7634.8782
15:36:02.130,1,7586.5329
15:36:02.154,0,30098.5368
15:36:02.169,1,7618.3250
15:36:02.184,0,30047.0995
15:36:02.235,1,7617.5366
15:36:02.238,0,30098.2364
15:36:02.253,1,7617.2080
15:36:02.265,0,30096.2517
15:36:02.304,1,7610.0304
15:36:02.333,1,7624.9357
15:36:02.407,1,7651.7123
15:36:02.467,1,7660.4187
15:36:02.470,0,30261.5380
15:36:02.473,1,7633.7109
15:36:02.475,0,30211.4103
15:36:02.480,0,30049.9829
15:36:02.482,1,7598.9669
15:36:02.485,0,30039.7157
15:36:02.516,1,7602.6267
15:36:02.516,0,30068.6248
15:36:02.542,0,30091.2544
15:36:02.583,1,7628.8997
15:36:02.589,0,30097.2665
15:36:02.601,1,7530.9364
15:36:02.617,0,30122.0087
15:36:02.649,1,7575.2329
15:36:02.667,0,30129.3975
15:36:02.739,0,30171.5530
15:36:02.739,1,7660.2130
15:36:02.745,1,7615.4579
15:36:02.747,0,30108.3141
15:36:02.761,1,7601.6235
15:36:02.803,0,30159.3689
15:36:02.803,1,7605.1957
15:36:02.817,0,30107.2978
15:36:02.846,1,7597.4062
15:36:02.860,0,30132.1826
15:36:02.903,0,30116.0831
15:36:02.904,1,7363.9854
15:36:02.925,1,7362.9062
15:36:02.942,0,30093.4924
15:36:02.993,0,30141.7723
15:36:02.994,1,7428.7575
15:36:03.007,1,7436.7641
15:36:03.048,0,30148.5116
15:36:03.051,1,7473.3337
15:36:03.065,0,30137.0515
15:36:03.078,1,7492.9797
15:36:03.103,0,30122.6269
15:36:03.177,1,7582.5501
15:36:03.180,0,30177.7992
15:36:03.183,1,7543.0178
15:36:03.186,0,30140.5229
15:36:03.239,0,30123.6880
15:36:03.239,1,7561.7794
15:36:03.245,2,1715.4024
15:36:03.245,1,7474.3785
15:36:03.300,0,30172.3989
15:36:03.404,1,7627.7757
15:36:03.416,1,7585.0676
15:36:03.429,2,1853.4079
15:36:03.437,2,1853.5518
15:36:03.439,1,7600.0356
15:36:03.443,2,1847.1671
15:36:03.485,2,1883.1902
15:36:03.485,1,7614.3743
15:36:03.490,0,30318.0961
15:36:03.492,1,7561.7335
15:36:03.492,2,1883.7211
15:36:03.496,0,30292.3389
15:36:03.500,2,1856.9889
15:36:03.500,1,7541.9026
15:36:03.503,0,30246.4714
15:36:03.508,0,29982.7373
15:36:03.536,0,29994.0691
15:36:03.536,1,7537.0564
15:36:03.542,2,1890.8823
15:36:03.542,0,29979.4556
15:36:03.599,0,30033.7860
15:36:03.600,2,1946.4993
15:36:03.600,1,7570.4214
15:36:03.608,1,7532.2657
15:36:03.609,2,1911.0651
15:36:03.659,0,30090.1594
15:36:03.662,1,7516.9767
15:36:03.663,2,1944.0380
15:36:03.667,0,30093.8923
15:36:03.676,1,7518.4405
15:36:03.715,0,30135.5011
15:36:03.715,2,1950.5168
15:36:03.722,1,7532.2259
15:36:03.725,2,1889.6455
15:36:03.775,0,30160.1009
15:36:03.777,1,7531.8277
15:36:03.777,2,1900.4616
15:36:03.785,0,30136.7773
15:36:03.839,2,1945.3918
15:36:03.840,0,30151.8308
15:36:03.840,1,7565.1280
15:36:03.846,2,1930.2494
15:36:03.847,1,7485.9933
15:36:03.856,0,30111.6384
15:36:03.894,1,7506.7698
15:36:03.894,2,1932.7150
15:36:03.902,0,30131.9505
15:36:03.954,0,30141.2498
15:36:03.957,2,1933.4827
15:36:03.957,1,7518.4905
15:36:03.965,1,7519.0469
15:36:03.968,2,1927.6689
15:36:04.017,0,30171.3270
15:36:04.020,1,7536.0434
15:36:04.022,0,30107.6861
15:36:04.022,2,1918.7654
15:36:04.041,1,7529.5478
15:36:04.044,2,1918.1837
15:36:04.063,0,30135.3619
15:36:04.082,1,7509.0352
15:36:04.085,2,1919.3797
15:36:04.102,0,30131.1471
15:36:04.127,2,1892.7071
15:36:04.127,1,7532.9887
15:36:04.145,0,30143.2545
15:36:04.157,1,7517.1117
15:36:04.157,2,1916.3994
15:36:04.179,0,30126.2916
15:36:04.202,1,7524.8113
15:36:04.209,2,1903.1285
15:36:04.222,0,30133.8225
15:36:04.242,1,7527.8228
15:36:04.244,2,1876.7633
15:36:04.263,0,30133.9492
15:36:04.284,2,1880.1147
15:36:04.285,1,7504.4735
15:36:04.319,2,1855.2586
15:36:04.319,1,7520.2595
15:36:04.385,2,1920.0049
15:36:04.388,1,7548.5086
15:36:04.407,1,7503.9622
15:36:04.407,2,1928.8276
15:36:04.420,0,30246.2447
15:36:04.423,0,30215.8405
15:36:04.427,0,30175.7725
15:36:04.447,1,7533.3588
15:36:04.453,2,1933.4274
15:36:04.463,0,30032.0858
15:36:04.516,0,30068.3686
15:36:04.516,2,1937.2764
15:36:04.520,1,7554.7137
15:36:04.525,1,7529.0746
15:36:04.526,2,1928.2808
15:36:04.569,0,30119.3805
15:36:04.572,1,7484.1175
15:36:04.572,2,1927.7288
15:36:04.578,0,30125.1108
15:36:04.626,1,7531.9949
15:36:04.626,2,1892.2710
15:36:04.630,0,30109.4511
15:36:04.636,1,7515.6403
15:36:04.639,2,1899.5620
15:36:04.686,0,30156.5173
15:36:04.689,1,7537.7511
15:36:04.689,2,1937.1369
15:36:04.704,0,30084.2953
15:36:04.744,1,7523.2109
15:36:04.749,0,30125.5839
15:36:04.752,2,1952.1882
15:36:04.769,2,1926.9820
15:36:04.769,1,7534.5134
15:36:04.780,0,30131.7752
15:36:04.796,1,7336.7875
15:36:04.799,2,1898.9792
15:36:04.823,0,30133.5680
15:36:04.842,2,1927.1221
15:36:04.843,1,7354.1459
15:36:04.869,0,30144.0544
15:36:04.887,1,7393.9954
15:36:04.887,2,1898.2293
15:36:04.897,0,30124.3525
15:36:04.934,2,1931.2531
15:36:04.934,1,7434.0830
15:36:04.943,0,30133.9146
15:36:04.957,2,1911.2078
15:36:04.959,1,7452.2796
15:36:04.983,0,30105.8047
15:36:05.002,1,7466.2751
15:36:05.004,2,1930.1406
15:36:05.025,0,30143.4368
15:36:05.047,1,7497.4637
15:36:05.047,2,1873.6730
15:36:05.062,0,30131.4619
15:36:05.088,2,1911.8058
15:36:05.088,1,7468.6526
15:36:05.101,0,30118.6011
15:36:05.122,1,7487.6204
15:36:05.123,2,1888.4704
15:36:05.143,0,30134.1831
15:36:05.171,1,7489.5213
15:36:05.172,2,1930.6572
15:36:05.182,0,30105.1309
15:36:05.203,1,7494.9142
15:36:05.204,2,1790.0176
15:36:05.227,0,30145.2487
15:36:05.246,1,7485.2122
15:36:05.253,2,1818.6745
15:36:05.255,0,30123.5147
15:36:05.552,2,2114.5674
15:36:05.557,2,2076.7391
15:36:05.562,2,2076.9813
15:36:05.590,1,7768.6139
15:36:05.591,2,2097.8940
15:36:05.594,1,7757.8806
15:36:05.597,2,2061.6417
15:36:05.600,1,7720.1752
15:36:05.603,2,2006.6447
15:36:05.606,1,7692.2788
15:36:05.609,2,2003.7942
15:36:05.609,0,30418.2853
15:36:05.612,1,7647.0971
15:36:05.615,0,30404.1136
15:36:05.618,2,1962.2469
15:36:05.618,1,7597.0518
15:36:05.621,0,30356.7396
15:36:05.624,1,7587.1062
15:36:05.626,0,30024.9338
15:36:05.631,0,30013.8333
15:36:05.651,0,30031.2406
15:36:05.651,1,7572.5629
15:36:05.655,2,1943.4600
15:36:05.660,0,30036.9639
15:36:05.713,1,7581.5604
15:36:05.716,0,30089.2697
15:36:05.716,2,1995.4674
15:36:05.725,1,7558.8881
15:36:05.728,2,1955.4475
15:36:05.774,2,1938.8259
15:36:05.774,1,7554.3472
15:36:05.774,0,30132.1930
15:36:05.786,0,30093.7504
15:36:05.833,0,30104.1468
15:36:05.833,1,7601.4630
15:36:05.833,2,1991.9930
15:36:05.842,1,7514.9148
15:36:05.846,2,1955.3853
15:36:05.897,0,30124.1693
15:36:05.898,2,1945.9304
15:36:05.901,1,7570.6731
15:36:05.904,0,30092.1350
15:36:05.953,0,30096.4288
15:36:05.953,2,1989.7533
15:36:05.953,1,7529.5336
15:36:05.960,1,7527.0405
15:36:05.965,2,1946.0547
15:36:06.012,0,30110.3770
15:36:06.013,2,1974.3592
15:36:06.013,1,7572.5296
15:36:06.021,0,30084.5566
15:36:06.072,0,30101.1088
15:36:06.073,1,7596.1864
15:36:06.076,2,1994.9809
15:36:06.079,1,7539.4832
15:36:06.082,2,1959.8887
15:36:06.135,0,30126.5631
15:36:06.135,2,1981.3742
15:36:06.139,1,7590.9007
15:36:06.142,0,30084.1302
15:36:06.196,1,7602.3711
15:36:06.196,2,1991.5766
15:36:06.202,0,30088.2939
15:36:06.208,1,7545.1206
15:36:06.208,2,1967.6674
15:36:06.250,0,30127.3008
15:36:06.255,2,1974.2927
15:36:06.256,1,7574.0312
15:36:06.265,0,30069.3628
15:36:06.313,2,1997.9585
15:36:06.314,1,7586.1548
15:36:06.325,1,7571.6404
15:36:06.325,2,1942.7445
15:36:06.437,2,2034.1529
15:36:06.438,1,7636.9694
15:36:06.448,1,7592.7761
15:36:06.455,2,2007.0767
15:36:06.458,1,7587.2362
15:36:06.460,0,30250.9944
15:36:06.460,2,1947.2080
15:36:06.465,0,30204.8794
15:36:06.469,0,29999.5364
15:36:06.497,0,30010.3983
15:36:06.498,2,1976.0841
15:36:06.500,1,7565.0359
15:36:06.505,0,30016.0301
15:36:06.552,1,7595.6190
15:36:06.555,0,30063.0824
15:36:06.555,2,1988.2261
15:36:06.559,1,7561.1557
15:36:06.563,2,1940.1198
15:36:06.614,0,30069.2187
15:36:06.616,1,7563.4495
15:36:06.619,2,1985.2848
15:36:06.626,0,30058.3914
15:36:06.673,2,1989.2211
15:36:06.673,1,7597.4929
15:36:06.674,0,30065.4856
15:36:06.687,2,1942.7915
15:36:06.687,1,7565.2037
15:36:06.736,0,30062.6983
15:36:06.736,1,7557.2245
15:36:06.737,2,1971.0047
15:36:06.744,0,30050.9808
15:36:06.799,0,30028.5257
15:36:06.800,2,2004.4569
15:36:06.800,1,7610.1834
15:36:06.806,1,7564.2813
15:36:06.809,2,1970.0293
15:36:06.822,0,30047.5201
15:36:06.849,1,7286.7308
15:36:06.849,2,1966.3288
15:36:06.863,0,30012.9056
15:36:06.882,1,7298.6901
15:36:06.882,2,1951.3234
15:36:06.905,0,30052.0138
15:36:06.922,1,7333.8142
15:36:06.926,2,1971.8916
15:36:06.945,0,30031.6513
15:36:06.962,2,1962.1360
15:36:06.963,1,7364.8713
15:36:06.981,0,30060.2818
15:36:07.007,2,1962.6570
15:36:07.007,1,7401.7687
15:36:07.024,0,30042.9610
15:36:07.038,1,7391.4574
15:36:07.040,2,1955.8605
15:36:07.066,0,30057.8489
15:36:07.083,1,7403.4246
15:36:07.085,2,1966.0881
15:36:07.114,0,30065.1405
15:36:07.124,1,7413.4333
15:36:07.129,2,1960.7808
15:36:07.138,0,30035.9261
15:36:07.186,2,1984.7603
15:36:07.186,0,30053.2306
15:36:07.186,1,7398.6208
15:36:07.197,1,7400.5352
15:36:07.204,2,1956.3627
15:36:07.224,0,30043.1924
15:36:07.243,1,7385.9811
15:36:07.246,2,1712.2199
15:36:07.264,0,30055.0930
15:36:07.607,2,2054.1362
15:36:07.611,2,2053.3690
15:36:07.646,2,2059.8747
15:36:07.652,2,2058.4660
15:36:07.657,1,7787.8208
15:36:07.658,2,2060.4443
15:36:07.662,1,7738.4065
15:36:07.663,0,30410.2834
15:36:07.665,2,2061.7045
15:36:07.669,0,30055.8828
15:36:07.669,1,7688.3324
15:36:07.674,2,2064.4468
15:36:07.677,0,30047.5963
15:36:07.682,0,30048.6421
15:36:07.686,0,30050.2014
15:36:07.690,0,30051.9923
15:36:07.699,0,30045.0395
15:36:07.699,2,2050.6013
15:36:07.699,1,7697.8752
15:36:07.706,0,29991.1490
15:36:07.706,2,1994.8170
15:36:07.762,1,7701.0082
15:36:07.762,2,2039.8880
15:36:07.763,0,30037.4061
15:36:07.768,1,7692.2862
15:36:07.771,2,2001.1462
15:36:07.833,0,30065.9659
15:36:07.834,2,2004.7430
15:36:07.834,1,7700.8054
15:36:07.841,0,30030.9730
15:36:07.841,1,7636.5378
15:36:07.876,2,2034.5994
15:36:07.876,0,30003.1586
15:36:07.882,1,7673.3111
15:36:07.888,2,1993.5131
15:36:07.947,0,30064.2023
15:36:07.947,1,7671.5583
15:36:07.948,2,1998.4930
15:36:07.955,0,30018.1702
15:36:07.996,1,7712.1293
15:36:07.997,2,2035.6516
15:36:07.997,0,29989.4258
15:36:08.004,1,7657.5583
15:36:08.005,2,1996.4180
15:36:08.060,0,30048.3323
15:36:08.063,1,7639.3326
15:36:08.063,2,1993.3732
15:36:08.067,0,30020.1717
15:36:08.115,0,29989.1838
15:36:08.116,1,7663.0130
15:36:08.121,2,2044.4254
15:36:08.137,2,2005.5037
15:36:08.137,1,7651.1131
15:36:08.175,0,30045.5386
15:36:08.178,2,1986.4468
15:36:08.178,1,7667.4244
15:36:08.184,0,30013.0310
15:36:08.237,1,7680.0782
15:36:08.242,2,2039.6395
15:36:08.243,0,30029.1958
15:36:08.246,1,7644.6786
15:36:08.249,2,1998.7683
15:36:08.298,0,30049.6726
15:36:08.298,2,1989.0845
15:36:08.299,1,7657.9822
15:36:08.316,1,7621.5210
15:36:08.323,2,2001.7300
15:36:08.399,1,7682.4330
15:36:08.410,2,1976.1601
15:36:08.423,0,29988.3016
15:36:08.426,0,29974.9975
15:36:08.430,0,29976.3344
15:36:08.456,0,29999.1570
15:36:08.457,1,7688.1486
15:36:08.457,2,2005.5820
15:36:08.464,0,30004.0020
15:36:08.464,1,7639.1046
15:36:08.465,2,2009.7700
15:36:08.516,2,2022.1076
15:36:08.516,0,30006.6028
15:36:08.516,1,7684.3177
15:36:08.523,1,7629.6892
15:36:08.526,2,1974.6955
15:36:08.568,0,30037.2102
15:36:08.569,2,2013.0687
15:36:08.572,1,7650.3944
15:36:08.584,0,30001.5951
15:36:08.634,0,30025.0619
15:36:08.635,1,7670.9092
15:36:08.635,2,2019.9383
15:36:08.650,1,7659.6420
15:36:08.650,2,1980.2865
15:36:08.661,0,30002.8336
15:36:08.687,1,7648.6010
15:36:08.690,2,2006.7063
15:36:08.703,0,30011.5420
15:36:08.717,2,1984.8746
15:36:08.723,1,7602.3975
15:36:08.752,0,30023.4161
15:36:08.772,1,7642.7627
15:36:08.772,2,1976.6325
15:36:08.784,0,30005.7205
15:36:08.797,1,7639.2467
15:36:08.809,2,2006.5007
15:36:08.818,0,30007.8173
15:36:08.874,0,30023.7152
15:36:08.874,2,2028.9591
15:36:08.874,1,7673.5684
15:36:08.883,2,2005.1887
15:36:08.886,1,7620.7126
15:36:08.929,0,29999.3250
15:36:08.929,2,2006.9953
15:36:08.929,1,7394.1304
15:36:08.962,0,30029.3487
15:36:08.988,1,7437.2732
15:36:08.988,0,29972.8099
15:36:08.988,2,2028.8300
15:36:09.004,1,7427.7631
15:36:09.008,2,2004.7913
15:36:09.058,0,30041.2772
15:36:09.061,2,2024.9797
15:36:09.062,1,7478.2837
15:36:09.066,0,30018.2013
15:36:09.107,0,30020.2216
15:36:09.108,1,7514.2003
15:36:09.112,2,2031.3308
15:36:09.118,1,7513.1611
15:36:09.124,2,1999.8862
15:36:09.165,0,30024.2393
15:36:09.165,1,7532.3793
15:36:09.172,2,1989.3648
15:36:09.185,0,30014.7075
15:36:09.233,0,30023.8670
15:36:09.233,1,7592.5496
15:36:09.233,2,2032.5904
15:36:09.246,2,2005.6035
15:36:09.247,1,7595.9395
15:36:09.284,0,30001.8643
15:36:09.499,2,1913.3677
15:36:09.528,2,1920.5601
15:36:09.538,2,1895.4066
15:36:09.547,2,1900.2821
15:36:09.548,0,29904.9128
15:36:09.550,1,7893.8514
15:36:09.552,0,29892.7737
15:36:09.556,2,1903.4052
15:36:09.557,1,7858.5952
15:36:09.561,0,29898.6585
15:36:09.564,1,7852.5836
15:36:09.567,0,29901.9072
15:36:09.570,1,7804.7314
15:36:09.572,0,29854.2866
15:36:09.587,2,1927.9332
15:36:09.588,0,29866.8505
15:36:09.590,1,7767.2966
15:36:09.596,0,29872.7838
15:36:09.597,2,1930.6155
15:36:09.597,1,7720.7710
15:36:09.605,2,1910.0213
15:36:09.605,0,29875.8155
15:36:09.610,1,7716.7388
15:36:09.613,2,1913.3383
15:36:09.645,0,29910.5743
15:36:09.646,1,7687.3781
15:36:09.652,2,1893.2585
15:36:09.673,0,29933.7988
15:36:09.705,0,29962.0414
15:36:09.705,2,1942.0738
15:36:09.705,1,7742.3597
15:36:09.721,1,7697.5699
15:36:09.722,2,1892.7475
15:36:09.771,0,29981.5000
15:36:09.771,2,1899.6022
15:36:09.775,1,7742.4082
15:36:09.788,0,29978.3683
15:36:09.829,2,1944.0826
15:36:09.830,1,7726.2915
15:36:09.833,0,29982.5974
15:36:09.839,1,7713.2323
15:36:09.846,2,1902.2253
15:36:09.897,0,29996.0967
15:36:09.900,1,7734.2688
15:36:09.900,2,1906.8731
15:36:09.906,0,29983.0067
15:36:09.952,0,29962.3051
15:36:09.952,1,7721.2830
15:36:09.952,2,1952.1183
15:36:09.984,1,7735.2993
15:36:09.984,2,1925.8843
15:36:10.006,0,29996.1542
15:36:10.009,1,7710.1303
15:36:10.009,2,1896.5619
15:36:10.017,0,29964.0245
15:36:10.065,1,7736.7946
15:36:10.065,2,1932.3757
15:36:10.075,0,29956.2569
15:36:10.089,1,7686.1645
15:36:10.089,2,1916.8068
15:36:10.129,0,30001.6920
15:36:10.130,1,7666.5427
15:36:10.135,2,1895.9291
15:36:10.147,0,29965.6971
15:36:10.189,0,29977.4294
15:36:10.189,2,1945.8017
15:36:10.191,1,7723.8869
15:36:10.203,2,1908.6696
15:36:10.204,1,7725.7488
15:36:10.247,0,30001.1580
15:36:10.247,1,7734.1948
15:36:10.247,2,1927.1489
15:36:10.264,0,29831.1139
15:36:10.311,2,1904.7926
15:36:10.311,1,7732.3931
15:36:10.318,1,7720.3419
15:36:10.327,2,1874.4304
15:36:10.396,2,1938.4461
15:36:10.396,1,7751.3415
15:36:10.408,1,7672.3159
15:36:10.416,0,29966.2819
15:36:10.419,2,1907.0508
15:36:10.419,0,29958.8676
15:36:10.425,0,29961.2582
15:36:10.431,0,29946.8219
15:36:10.446,2,1924.3082
15:36:10.446,1,7706.7849
15:36:10.466,0,29934.4398
15:36:10.478,1,7721.7625
15:36:10.488,2,1922.8318
15:36:10.505,0,29887.6430
15:36:10.521,2,1890.0139
15:36:10.524,1,7724.5476
15:36:10.547,0,29926.3655
15:36:10.563,2,1916.5268
15:36:10.564,1,7721.8456
15:36:10.577,0,29933.8307
15:36:10.611,2,1925.2464
15:36:10.611,1,7711.3237
15:36:10.624,0,29935.6762
15:36:10.639,1,7717.9792
15:36:10.646,2,1931.5840
15:36:10.678,0,29939.5201
15:36:10.681,2,1912.7545
15:36:10.684,1,7694.8089
15:36:10.709,0,29857.2124
15:36:10.727,1,7724.7707
15:36:10.728,2,1921.7720
15:36:10.743,0,29876.7640
15:36:10.767,1,7721.8981
15:36:10.770,2,1900.5144
15:36:10.782,0,29912.3961
15:36:10.805,1,7731.0240
15:36:10.813,2,1933.8683
15:36:10.826,0,29919.8863
15:36:10.840,2,1915.1785
15:36:10.846,1,7673.4960
15:36:10.867,0,29933.3516
15:36:10.884,1,7706.2078
15:36:10.889,2,1904.6406
15:36:10.903,0,29928.6882
15:36:10.927,1,7692.5693
15:36:10.928,2,1923.9396
15:36:10.943,0,29917.8087
15:36:10.957,1,7717.0598
15:36:10.967,2,1910.5077
15:36:10.987,0,29942.4859
15:36:11.006,2,1901.5306
15:36:11.008,1,7618.0406
15:36:11.028,0,29933.6213
15:36:11.053,2,1932.5103
15:36:11.054,1,7641.2573
15:36:11.060,0,29901.0088
15:36:11.103,1,7668.8923
15:36:11.103,2,1936.3746
15:36:11.111,0,29936.9761
15:36:11.119,1,7639.3113
15:36:11.126,2,1896.3846
15:36:11.145,0,29921.7562
15:36:11.160,2,1917.4996
15:36:11.163,1,7677.9470
15:36:11.187,0,29941.9777
15:36:11.212,2,1727.6854
15:36:11.212,1,7719.1698
15:36:11.223,0,29753.2092
15:36:11.273,1,7741.3276
15:36:11.273,2,1748.9571
15:36:11.277,0,29791.4409
15:36:11.481,1,7885.3116
15:36:11.485,2,1950.7745
15:36:11.486,1,7881.3050
15:36:11.489,2,1944.9987
15:36:11.492,1,7836.8790
15:36:11.493,0,30005.0259
15:36:11.513,1,7840.7001
15:36:11.514,0,29983.0263
15:36:11.518,2,1969.6166
15:36:11.520,1,7803.9809
15:36:11.521,0,29986.8861
15:36:11.524,2,1940.2727
15:36:11.527,1,7754.8416
15:36:11.528,0,29980.2199
15:36:11.532,2,1944.0574
15:36:11.535,0,29957.6445
15:36:11.535,1,7699.7072
15:36:11.538,2,1939.5930
15:36:11.569,0,29982.5033
15:36:11.570,1,7729.9156
15:36:11.573,2,1967.5538
15:36:11.589,0,29980.3315
15:36:11.631,1,7741.0077
15:36:11.634,0,29964.0557
15:36:11.634,2,1989.5877
15:36:11.641,2,1939.8820
15:36:11.651,1,7699.3320
15:36:11.691,0,29999.6953
15:36:11.691,1,7730.8642
15:36:11.697,2,1979.2790
15:36:11.749,2,1980.6956
15:36:11.749,0,30017.0442
15:36:11.749,1,7735.2765
15:36:11.757,0,29974.8850
15:36:11.768,1,7730.0314
15:36:11.768,2,1942.5973
15:36:11.807,0,29998.4560
15:36:11.809,1,7731.3743
15:36:11.818,2,1975.2146
15:36:11.824,0,29972.8237
15:36:11.871,0,29952.1826
15:36:11.872,2,1977.0915
15:36:11.875,1,7751.9139
15:36:11.885,2,1936.4622
15:36:11.885,1,7731.6435
15:36:11.928,0,29994.2958
15:36:11.928,1,7729.2066
15:36:11.931,2,1950.9094
15:36:11.941,0,29976.6301
15:36:11.993,2,1989.2780
15:36:11.996,0,29984.8726
15:36:11.997,1,7758.5305
15:36:12.003,1,7721.3460
15:36:12.004,2,1942.3103
15:36:12.059,0,29976.3655
15:36:12.061,1,7745.7991
15:36:12.061,2,1975.3605
15:36:12.067,0,29974.2308
15:36:12.105,2,1978.2696
15:36:12.106,0,29963.6900
15:36:12.106,1,7724.2059
15:36:12.127,1,7724.5320
15:36:12.128,2,1942.8691
15:36:12.144,0,29980.3107
15:36:12.158,1,7714.9425
15:36:12.167,2,1968.1734
15:36:12.186,0,29975.1533
15:36:12.203,1,7689.9741
15:36:12.209,2,1965.5505
15:36:12.228,0,29935.0955
15:36:12.248,2,1940.0620
15:36:12.249,1,7726.9484
15:36:12.259,0,29826.6432
15:36:12.284,2,1960.5743
15:36:12.290,1,7722.5153
15:36:12.319,1,7696.7232
15:36:12.328,2,1934.9469
15:36:12.365,1,7732.6961
15:36:12.367,2,1952.3559
15:36:12.372,0,29923.1029
15:36:12.375,0,29924.1391
15:36:12.386,0,29932.5422
15:36:12.408,1,7723.8667
15:36:12.410,2,1967.8809
15:36:12.429,0,29971.9050
15:36:12.441,2,1955.6011
15:36:12.448,1,7707.6999
15:36:12.471,0,29966.7385
15:36:12.482,1,7716.0017
15:36:12.487,2,1969.5094
15:36:12.509,0,29959.6394
15:36:12.525,1,7732.6652
15:36:12.537,2,1976.2045
15:36:12.540,0,29975.8122
15:36:12.567,1,7728.5184
15:36:12.569,2,1962.1301
15:36:12.588,0,29960.3044
15:36:12.608,2,1965.4655
15:36:12.609,1,7726.1400
15:36:12.627,0,29975.8761
15:36:12.642,1,7711.3291
15:36:12.648,2,1969.7203
15:36:12.668,0,29974.3741
15:36:12.685,1,7731.2389
15:36:12.686,2,1961.9034
15:36:12.700,0,29901.9551
15:36:12.728,1,7730.3063
15:36:12.728,2,1961.5669
15:36:12.744,0,29934.1282
15:36:12.765,2,1956.4460
15:36:12.771,1,7727.5073
15:36:12.785,0,29972.4621
15:36:12.798,1,7714.2178
15:36:12.805,2,1968.3188
15:36:12.830,0,29978.0618
15:36:12.849,2,1963.0272
15:36:12.852,1,7732.3763
15:36:12.861,0,29967.5798
15:36:12.886,1,7718.9057
15:36:12.888,2,1963.8005
15:36:12.907,0,29976.0721
15:36:12.921,2,1956.6409
15:36:12.930,1,7730.2379
15:36:12.947,0,29959.4915
15:36:12.963,1,7720.4245
15:36:12.966,2,1963.3463
15:36:12.991,0,29982.7707
15:36:13.005,1,7437.5276
15:36:13.010,2,1959.8410
15:36:13.020,0,29968.8419
15:36:13.046,1,7455.3666
15:36:13.051,2,1952.0770
15:36:13.064,0,29944.3593
15:36:13.081,2,1958.6629
15:36:13.089,1,7494.5057
15:36:13.105,0,29973.4813
15:36:13.121,1,7520.2046
15:36:13.126,2,1969.4183
15:36:13.149,0,29965.8445
15:36:13.165,1,7558.3577
15:36:13.171,2,1962.7605
15:36:13.190,0,29980.5398
15:36:13.207,1,7595.2282
15:36:13.210,2,1941.1422
15:36:13.222,0,29971.3092
15:36:13.242,2,1773.6487
15:36:13.249,1,7630.8848
15:36:13.268,0,29764.5971
15:36:13.459,1,7811.6252
15:36:13.483,1,7774.4104
15:36:13.493,1,7771.5521
15:36:13.504,1,7734.6374
15:36:13.509,0,29989.2250
15:36:13.515,1,7686.0207
15:36:13.521,0,29998.6021
15:36:13.525,2,2039.8512
15:36:13.529,0,30003.5842
15:36:13.530,1,7692.3866
15:36:13.530,2,2019.8015
15:36:13.540,0,29989.9262
15:36:13.542,2,2024.2476
15:36:13.547,0,29980.4446
15:36:13.551,0,29931.9669
15:36:13.577,1,7682.4033
15:36:13.577,2,2052.8909
15:36:13.589,0,29937.6603
15:36:13.601,2,2069.0541
15:36:13.607,1,7658.0145
15:36:13.622,0,29930.1020
15:36:13.642,1,7684.8857
15:36:13.648,2,2081.3983
15:36:13.693,0,29951.0967
15:36:13.694,1,7685.1127
15:36:13.694,2,2065.4933
15:36:13.708,0,29943.0697
15:36:13.726,1,7655.9925
15:36:13.731,2,2095.0936
15:36:13.782,2,2091.5545
15:36:13.782,0,29972.3248
15:36:13.783,1,7707.5522
15:36:13.790,0,29936.1776
15:36:13.799,1,7667.5147
15:36:13.804,2,2059.3533
15:36:13.826,0,29917.9543
15:36:13.865,2,2101.0606
15:36:13.866,1,7674.9491
15:36:13.869,0,29934.5953
15:36:13.886,1,7683.0413
15:36:13.891,2,2076.3195
15:36:13.908,0,29922.5067
15:36:13.932,2,2063.4219
15:36:13.932,1,7682.0543
15:36:13.950,0,29941.0932
15:36:13.966,2,2083.9859
15:36:13.973,1,7663.8644
15:36:13.986,0,29931.6437
15:36:14.000,1,7679.4503
15:36:14.006,2,2078.9214
15:36:14.026,0,29929.5317
15:36:14.046,1,7612.4543
15:36:14.052,2,2062.0704
15:36:14.068,0,29890.8843
15:36:14.087,1,7643.2591
15:36:14.090,2,2089.4116
15:36:14.099,0,29914.6774
15:36:14.120,2,2064.1201
15:36:14.126,1,7673.1378
15:36:14.145,0,29934.5789
15:36:14.158,1,7664.9881
15:36:14.166,2,2064.3207
15:36:14.188,0,29933.0578
15:36:14.205,1,7657.1801
15:36:14.208,2,2083.4442
15:36:14.242,0,29786.2937
15:36:14.248,1,7695.2573
15:36:14.250,2,2086.0348
15:36:14.269,0,29796.0026
15:36:14.281,2,2076.9685
15:36:14.286,1,7675.0705
15:36:14.320,1,7649.4563
15:36:14.325,2,2080.5623
15:36:14.396,1,7712.5782
15:36:14.396,2,2115.8030
15:36:14.411,1,7679.0226
15:36:14.414,2,2090.0753
15:36:14.419,0,29942.9303
15:36:14.423,0,29943.7273
15:36:14.427,0,29945.2190
15:36:14.431,0,29908.6540
15:36:14.448,2,2084.9269
15:36:14.449,1,7653.5629
15:36:14.472,0,29938.9997
15:36:14.481,1,7680.5465
15:36:14.490,2,2084.4101
15:36:14.509,0,29930.9366
15:36:14.526,1,7680.6355
15:36:14.530,2,2093.3042
15:36:14.540,0,29928.6169
15:36:14.568,1,7689.8317
15:36:14.570,2,2087.9039
15:36:14.587,0,29917.0867
15:36:14.602,2,2068.8656
15:36:14.609,1,7690.1697
15:36:14.628,0,29934.9441
15:36:14.639,1,7679.6130
15:36:14.645,2,2078.9104
15:36:14.669,0,29933.7198
15:36:14.686,1,7681.9045
15:36:14.688,2,2083.4464
15:36:14.699,0,29890.5080
15:36:14.728,1,7694.2054
15:36:14.731,2,2088.8226
15:36:14.745,0,29931.3518
15:36:14.762,2,2079.6423
15:36:14.766,1,7687.8185
15:36:14.786,0,29883.2385
15:36:14.804,1,7684.4635
15:36:14.809,2,2084.3947
15:36:14.827,0,29920.3995
15:36:14.847,2,2084.1145
15:36:14.847,1,7664.8473
15:36:14.868,0,29935.2592
15:36:14.889,1,7696.4938
15:36:14.891,2,2089.1919
15:36:14.910,0,29933.8335
15:36:14.921,2,2074.9511
15:36:14.926,1,7687.7640
15:36:14.950,0,29941.7478
15:36:14.957,1,7321.7379
15:36:14.966,2,2080.8971
15:36:14.990,0,29938.8324
15:36:15.014,1,7355.5106
15:36:15.017,2,2099.2194
15:36:15.032,0,29936.9704
15:36:15.054,2,2092.2665
15:36:15.055,1,7391.4585
15:36:15.067,0,29928.1206
15:36:15.079,2,2074.5039
15:36:15.095,1,7399.3169
15:36:15.109,0,29939.1858
15:36:15.122,1,7364.5146
15:36:15.128,2,2079.8974
15:36:15.146,0,29924.4078
15:36:15.165,1,7402.9382
15:36:15.168,2,2089.7623
15:36:15.186,0,29933.0415
15:36:15.214,1,7384.2697
15:36:15.214,2,2092.8638
15:36:15.229,0,29709.5352
15:36:15.243,2,2075.0388
15:36:15.252,1,7415.7332
15:36:15.258,0,29723.8362
15:36:15.496,2,2289.9087
15:36:15.500,2,2261.7375
15:36:15.506,2,2017.4371
15:36:15.511,2,1984.6739
15:36:15.516,2,1985.1114
15:36:15.518,1,7641.1863
15:36:15.519,0,29980.2098
15:36:15.522,0,29969.5279
15:36:15.522,1,7578.6742
15:36:15.529,0,29942.8944
15:36:15.529,2,1956.1471
15:36:15.529,1,7536.0001
15:36:15.536,0,29943.3040
15:36:15.537,1,7540.2280
15:36:15.544,1,7485.6441
15:36:15.548,0,29946.5276
15:36:15.569,1,7456.5556
15:36:15.572,2,1974.2516
15:36:15.622,0,30013.4590
15:36:15.632,1,7498.8832
15:36:15.632,0,29977.3175
15:36:15.632,2,1987.8213
15:36:15.639,1,7465.9826
15:36:15.644,2,1954.1218
15:36:15.660,0,29963.7005
15:36:15.730,0,29995.2214
15:36:15.733,2,2006.2914
15:36:15.733,1,7499.7335
15:36:15.739,1,7497.9554
15:36:15.739,2,1960.9942
15:36:15.747,0,29964.4468
15:36:15.784,1,7489.3623
15:36:15.787,2,1986.3624
15:36:15.789,0,29977.8513
15:36:15.799,1,7485.9798
15:36:15.828,2,1966.2521
15:36:15.831,0,29978.8452
15:36:15.841,2,1954.8227
15:36:15.846,1,7450.8683
15:36:15.860,0,29945.5240
15:36:15.890,1,7437.3889
15:36:15.892,2,1964.3211
15:36:15.902,0,29965.8398
15:36:15.930,1,7472.8986
15:36:15.933,2,1970.2325
15:36:15.947,0,29940.8871
15:36:15.959,1,7447.2306
15:36:15.972,2,1969.6118
15:36:15.988,0,29977.3898
15:36:16.004,1,7487.8205
15:36:16.017,2,1969.7918
15:36:16.031,0,29965.8735
15:36:16.041,2,1954.6806
15:36:16.048,1,7479.9336
15:36:16.061,0,29963.8640
15:36:16.088,1,7457.3885
15:36:16.091,2,1973.3040
15:36:16.104,0,29967.4575
15:36:16.129,2,1965.9863
15:36:16.135,1,7488.1736
15:36:16.149,0,29938.4351
15:36:16.160,1,7477.2993
15:36:16.169,2,1964.4740
15:36:16.189,0,29976.3253
15:36:16.202,2,1954.8292
15:36:16.207,1,7489.1466
15:36:16.226,0,29914.3480
15:36:16.253,1,7484.1397
15:36:16.258,2,1980.0489
15:36:16.263,0,29802.6906
15:36:16.289,1,7496.1990
15:36:16.289,2,1969.1613
15:36:16.321,1,7450.8884
15:36:16.341,2,1948.4595
15:36:16.366,1,7485.1391
15:36:16.366,0,29888.6259
15:36:16.370,2,1959.8799
15:36:16.370,0,29889.5368
15:36:16.389,0,29871.5817
15:36:16.411,2,1966.1386
15:36:16.416,1,7490.5705
15:36:16.427,0,29905.9637
15:36:16.455,2,1968.4085
15:36:16.457,1,7473.0842
15:36:16.468,0,29904.9297
15:36:16.489,2,1963.0990
15:36:16.489,1,7489.5797
15:36:16.510,0,29933.1018
15:36:16.521,1,7464.4865
15:36:16.534,2,1967.9366
15:36:16.542,0,29918.1304
15:36:16.564,1,7460.1528
15:36:16.569,2,1970.7594
15:36:16.586,0,29930.1920
15:36:16.604,2,1963.2629
15:36:16.608,1,7494.4813
15:36:16.633,0,29934.3712
15:36:16.647,2,1962.0412
15:36:16.651,1,7488.5514
15:36:16.668,0,29904.5912
15:36:16.679,1,7449.4509
15:36:16.690,2,1964.0828
15:36:16.701,0,29926.1491
15:36:16.725,1,7482.3915
15:36:16.731,2,1972.7716
15:36:16.747,0,29890.4075
15:36:16.767,1,7234.8121
15:36:16.770,2,1965.6801
15:36:16.790,0,29929.9394
15:36:16.812,1,7261.6074
15:36:16.813,2,1969.5134
15:36:16.831,0,29913.2508
15:36:16.844,1,7285.5966
15:36:16.851,2,1963.3373
15:36:16.862,0,29929.7211
15:36:16.885,1,7319.6386
15:36:16.888,2,1969.9192
15:36:16.907,0,29927.8393
15:36:16.926,1,7341.0890
15:36:16.930,2,1967.7461
15:36:16.948,0,29914.4857
15:36:16.963,2,1950.3547
15:36:16.968,1,7376.8645
15:36:16.990,0,29941.8047
15:36:17.009,2,1958.4800
15:36:17.014,1,7410.8731
15:36:17.022,0,29922.7395
15:36:17.040,1,7398.5180
15:36:17.049,2,1972.3103
15:36:17.067,0,29934.8708
15:36:17.084,1,7381.7375
15:36:17.088,2,1965.7282
15:36:17.107,0,29926.9988
15:36:17.129,2,1965.0329
15:36:17.131,1,7413.5871
15:36:17.149,0,29924.1636
15:36:17.168,2,1958.0840
15:36:17.170,1,7402.1802
15:36:17.189,0,29936.0533
15:36:17.199,1,7373.6588
15:36:17.208,2,1968.6563
15:36:17.220,0,29594.1278
15:36:17.246,1,7412.3606
15:36:17.251,2,1774.2402
15:36:17.262,0,29618.0564
15:36:17.364,2,1867.2673
15:36:17.391,2,1890.0355
15:36:17.411,1,7516.5628
15:36:17.417,1,7468.7724
15:36:17.420,2,1913.6122
15:36:17.423,1,7442.8328
15:36:17.435,0,29787.0073
15:36:17.439,2,1927.4277
15:36:17.439,0,29786.9587
15:36:17.443,1,7439.0881
15:36:17.446,0,29790.3022
15:36:17.450,0,29770.2607
15:36:17.476,0,29784.2936
15:36:17.476,2,1952.8408
15:36:17.480,1,7418.8016
15:36:17.487,1,7401.2107
15:36:17.489,2,1921.6143
15:36:17.535,0,29801.6320
15:36:17.536,1,7410.2584
15:36:17.539,2,1910.0889
15:36:17.546,0,29779.3230
15:36:17.592,2,1950.8060
15:36:17.595,1,7410.2194
15:36:17.595,0,29782.7708
15:36:17.601,1,7400.7493
15:36:17.607,2,1879.8363
15:36:17.652,0,29778.5936
15:36:17.653,1,7409.6108
15:36:17.656,2,1922.1811
15:36:17.672,0,29779.9544
15:36:17.712,1,7404.7745
15:36:17.715,2,1933.3358
15:36:17.715,0,29773.7775
15:36:17.722,2,1897.2064
15:36:17.729,1,7415.1350
15:36:17.768,0,29798.9615
15:36:17.772,1,7378.6130
15:36:17.774,2,1936.4127
15:36:17.787,0,29757.3631
15:36:17.838,1,7433.1662
15:36:17.838,0,29783.5224
15:36:17.839,2,1951.5373
15:36:17.848,1,7405.7036
15:36:17.848,2,1918.5183
15:36:17.894,0,29797.7862
15:36:17.895,2,1925.6835
15:36:17.898,1,7422.9899
15:36:17.908,0,29743.4518
15:36:17.922,1,7402.7709
15:36:17.927,2,1913.6132
15:36:17.946,0,29778.0893
15:36:17.966,1,7406.3199
15:36:17.971,2,1932.8069
15:36:17.992,0,29779.5565
15:36:18.008,1,7400.7403
15:36:18.017,2,1931.1599
15:36:18.022,0,29768.8630
15:36:18.043,2,1917.1806
15:36:18.049,1,7414.5076
15:36:18.081,0,29631.0801
15:36:18.085,1,7406.5809
15:36:18.088,2,1921.8252
15:36:18.109,0,29644.3581
15:36:18.129,1,7405.1568
15:36:18.132,2,1933.1307
15:36:18.151,0,29683.6786
15:36:18.168,1,7404.7474
15:36:18.174,2,1921.3202
15:36:18.181,0,29703.1180
15:36:18.203,2,1917.9019
15:36:18.208,1,7407.2600
15:36:18.226,0,29737.2294
15:36:18.242,1,7399.4976
15:36:18.247,2,1910.4217
15:36:18.269,0,29774.1712
15:36:18.289,2,1923.5910
15:36:18.289,1,7408.0485
15:36:18.326,1,7402.3350
15:36:18.332,2,1924.9760
15:36:18.383,2,1931.6567
15:36:18.389,1,7435.2757
15:36:18.392,0,29841.7707
15:36:18.397,0,29829.1947
15:36:18.399,1,7394.7004
15:36:18.402,0,29734.9192
15:36:18.405,2,1919.1618
15:36:18.423,0,29744.7909
15:36:18.446,1,7395.9451
15:36:18.451,2,1920.1079
15:36:18.480,0,29765.7689
15:36:18.486,1,7386.4442
15:36:18.493,2,1927.5395
15:36:18.509,0,29781.9165
15:36:18.523,2,1922.3586
15:36:18.529,1,7413.2321
15:36:18.552,0,29772.2747
15:36:18.572,2,1928.4556
15:36:18.573,1,7413.2536
15:36:18.583,0,29770.0008
15:36:18.609,1,7401.3315
15:36:18.613,2,1925.5951
15:36:18.627,0,29757.0662
15:36:18.649,1,7378.9487
15:36:18.654,2,1928.8404
15:36:18.667,0,29772.2811
15:36:18.689,1,7222.0864
15:36:18.694,2,1927.5313
15:36:18.710,0,29782.0210
15:36:18.722,2,1913.6274
15:36:18.734,1,7252.1972
15:36:18.745,0,29739.9772
15:36:18.763,1,7277.0894
15:36:18.769,2,1922.2388
15:36:18.788,0,29769.8211
15:36:18.808,1,7298.7559
15:36:18.809,2,1925.0139
15:36:18.830,0,29742.6149
15:36:18.851,1,7336.8501
15:36:18.851,2,1924.9616
15:36:18.871,0,29774.6666
15:36:18.887,2,1927.4580
15:36:18.892,1,7371.4698
15:36:18.902,0,29766.5832
15:36:18.923,1,7395.4284
15:36:18.928,2,1923.5599
15:36:18.952,0,29733.4605
15:36:18.965,1,7398.0698
15:36:18.970,2,1924.7682
15:36:18.991,0,29756.9575
15:36:19.011,1,7383.0545
15:36:19.014,2,1928.9460
15:36:19.033,0,29786.0784
15:36:19.043,2,1917.7299
15:36:19.050,1,7401.7284
15:36:19.062,0,29448.7835
15:36:19.085,1,7396.8011
15:36:19.091,2,1925.4627
15:36:19.113,0,29482.7337
15:36:19.132,1,7387.4321
15:36:19.133,2,1928.3031
15:36:19.149,0,29499.1806
15:36:19.168,1,7404.3926
15:36:19.172,2,1924.3744
15:36:19.190,0,29534.9312
15:36:19.221,2,1869.1128
15:36:19.221,1,7416.7606
15:36:19.227,0,29565.7657
15:36:19.244,1,7375.0985
15:36:19.244,2,1856.2374
15:36:19.268,0,29601.5183
15:36:19.454,2,2037.7870
15:36:19.457,2,2022.5817
15:36:19.461,1,7579.3204
15:36:19.481,1,7556.0633
15:36:19.483,2,2010.9104
15:36:19.486,1,7493.9276
15:36:19.492,1,7494.8910
15:36:19.498,2,2012.1828
15:36:19.498,1,7441.6068
15:36:19.498,0,29815.1376
15:36:19.503,0,29784.1844
15:36:19.504,2,1971.1421
15:36:19.509,0,29781.5637
15:36:19.538,0,29794.3058
15:36:19.539,2,1950.2564
15:36:19.542,1,7439.8217
15:36:19.545,0,29766.7032
15:36:19.545,2,1942.2154
15:36:19.549,1,7425.0671
15:36:19.552,0,29709.3028
15:36:19.600,0,29739.9935
15:36:19.600,2,1950.0868
15:36:19.600,1,7445.6648
15:36:19.609,1,7409.2011
15:36:19.614,2,1903.3757
15:36:19.654,1,7408.9222
15:36:19.654,2,1936.9271
15:36:19.658,0,29746.5305
15:36:19.667,0,29730.0657
15:36:19.713,0,29719.1444
15:36:19.713,1,7429.2150
15:36:19.714,2,1943.9485
15:36:19.731,2,1896.7317
15:36:19.732,1,7416.8400
15:36:19.751,0,29710.7176
15:36:19.760,1,7400.3533
15:36:19.772,2,1926.3748
15:36:19.781,0,29730.2285
15:36:19.805,2,1915.2358
15:36:19.806,1,7402.5349
15:36:19.829,0,29689.7144
15:36:19.850,2,1926.0540
15:36:19.853,1,7408.1756
15:36:19.869,0,29722.3330
15:36:19.891,2,1923.5643
15:36:19.893,1,7415.3592
15:36:19.910,0,29714.2501
15:36:19.924,1,7402.4142
15:36:19.930,2,1916.4956
15:36:19.952,0,29737.5222
15:36:19.968,1,7405.3313
15:36:19.972,2,1932.9303
15:36:19.981,0,29725.8300
15:36:20.006,2,1921.4907
15:36:20.006,1,7401.1254
15:36:20.029,0,29586.3073
15:36:20.050,2,1923.2177
15:36:20.053,1,7415.3290
15:36:20.069,0,29609.6333
15:36:20.084,1,7402.5023
15:36:20.087,2,1917.6903
15:36:20.110,0,29647.7930
15:36:20.133,1,7409.6261
15:36:20.136,2,1937.3909
15:36:20.153,0,29688.1104
15:36:20.162,2,1917.9051
15:36:20.168,1,7401.6681
15:36:20.186,0,29697.4847
15:36:20.205,2,1920.6858
15:36:20.214,1,7419.1873
15:36:20.229,0,29731.2002
15:36:20.246,1,7400.3466
15:36:20.251,2,1922.5021
15:36:20.271,0,29721.6652
15:36:20.314,1,7432.2759
15:36:20.314,2,1934.3323
15:36:20.329,1,7403.2316
15:36:20.370,2,1968.4393
15:36:20.393,2,1944.6063
15:36:20.430,1,7471.0626
15:36:20.443,1,7442.1144
15:36:20.448,2,1957.7742
15:36:20.451,0,29877.4238
15:36:20.454,1,7412.5767
15:36:20.454,2,1934.5926
15:36:20.455,0,29837.9385
15:36:20.463,0,29811.3887
15:36:20.467,0,29763.5707
15:36:20.500,0,29750.6215
15:36:20.501,1,7415.7791
15:36:20.504,2,1934.8971
15:36:20.514,0,29735.5219
15:36:20.555,1,7437.9478
15:36:20.560,0,29733.8388
15:36:20.560,2,1951.6739
15:36:20.567,2,1917.9302
15:36:20.567,1,7405.9878
15:36:20.610,0,29756.9208
15:36:20.611,1,7407.1785
15:36:20.615,2,1924.3805
15:36:20.631,0,29731.9917
15:36:20.668,1,7422.3277
15:36:20.669,2,1949.0612
15:36:20.673,0,29723.2402
15:36:20.691,1,7250.2175
15:36:20.691,2,1928.4408
15:36:20.732,0,29759.0829
15:36:20.733,2,1927.9368
15:36:20.733,1,7252.7570
15:36:20.749,0,29704.4898
15:36:20.794,2,1947.0139
15:36:20.794,1,7310.4030
15:36:20.798,0,29742.1653
15:36:20.810,1,7315.0271
15:36:20.810,2,1926.5676
15:36:20.851,0,29743.7771
15:36:20.854,2,1930.2469
15:36:20.854,1,7347.9725
15:36:20.862,0,29729.4567
15:36:20.909,1,7385.8185
15:36:20.910,2,1943.3146
15:36:20.914,0,29737.7992
15:36:20.927,1,7353.8990
15:36:20.969,0,29728.3404
15:36:20.969,2,1960.4447
15:36:20.973,1,7369.6759
15:36:20.976,2,1935.9899
15:36:20.991,0,29734.3470
15:36:21.030,2,1944.9615
15:36:21.031,1,7393.7747
15:36:21.035,0,29492.2273
15:36:21.042,1,7352.2919
15:36:21.044,2,1916.6769
15:36:21.091,0,29506.3700
15:36:21.091,1,7370.0221
15:36:21.092,2,1923.8796
15:36:21.108,0,29512.8404
15:36:21.148,2,1930.4518
15:36:21.148,1,7370.0624
15:36:21.154,0,29552.7343
15:36:21.172,1,7377.0001
15:36:21.172,2,1932.0877
15:36:21.211,1,7349.4986
15:36:21.212,0,29602.6693
15:36:21.212,2,1774.0033
15:36:21.227,0,29609.8384
15:36:21.249,1,7367.5320
15:36:21.254,2,1799.8215
15:36:21.268,0,29581.8715
15:36:21.555,0,29860.8937
15:36:21.559,0,29816.6581
15:36:21.562,1,7634.8334
15:36:21.566,0,29797.8000
15:36:21.567,1,7597.7711
15:36:21.570,2,2091.2511
15:36:21.574,0,29761.9011
15:36:21.574,1,7578.1019
15:36:21.576,2,2083.5429
15:36:21.584,0,29717.3967
15:36:21.585,1,7542.7809
15:36:21.585,2,2086.1779
15:36:21.594,1,7511.5751
15:36:21.595,0,29700.2862
15:36:21.595,2,2059.5992
15:36:21.603,0,29657.1285
15:36:21.612,2,2073.1249
15:36:21.612,1,7489.5448
15:36:21.630,0,29661.6900
15:36:21.644,1,7489.1400
15:36:21.649,2,2053.7189
15:36:21.671,0,29647.0147
15:36:21.691,1,7489.7135
15:36:21.698,2,2086.7130
15:36:21.702,0,29644.5540
15:36:21.729,1,7484.7045
15:36:21.733,2,2081.9979
15:36:21.746,0,29650.5560
15:36:21.783,1,7500.2467
15:36:21.783,2,2073.5100
15:36:21.788,0,29632.6554
15:36:21.801,1,7485.6953
15:36:21.807,2,2079.0630
15:36:21.830,0,29658.2992
15:36:21.885,1,7492.7955
15:36:21.885,2,2117.0561
15:36:21.885,0,29658.2923
15:36:21.892,1,7484.8611
15:36:21.892,2,2090.6253
15:36:21.939,0,29684.7989
15:36:21.940,1,7494.7467
15:36:21.942,2,2096.0452
15:36:21.948,0,29505.2566
15:36:21.998,2,2109.8822
15:36:21.998,0,29535.7799
15:36:21.998,1,7520.8620
15:36:22.010,1,7487.7691
15:36:22.012,2,2085.5920
15:36:22.057,1,7493.9979
15:36:22.058,0,29592.1326
15:36:22.061,2,2092.5303
15:36:22.067,0,29597.2057
15:36:22.118,2,2116.0852
15:36:22.119,0,29622.5125
15:36:22.122,1,7517.2623
15:36:22.127,1,7491.3267
15:36:22.127,2,2079.1286
15:36:22.180,0,29615.7507
15:36:22.182,2,2098.5643
15:36:22.183,1,7501.0016
15:36:22.186,0,29603.9576
15:36:22.239,0,29604.6799
15:36:22.239,2,2107.4761
15:36:22.239,1,7515.2001
15:36:22.251,2,2092.6837
15:36:22.251,1,7489.8007
15:36:22.300,0,29642.1680
15:36:22.302,2,2099.9222
15:36:22.302,1,7502.6621
15:36:22.360,2,2113.2819
15:36:22.360,1,7516.7277
15:36:22.381,1,7496.5621
15:36:22.426,2,2116.4459
15:36:22.448,0,29731.0295
15:36:22.453,2,2087.0949
15:36:22.454,1,7530.6998
15:36:22.454,0,29717.5347
15:36:22.461,0,29688.4783
15:36:22.464,1,7510.5854
15:36:22.465,2,2075.1283
15:36:22.468,0,29655.0045
15:36:22.474,0,29606.8103
15:36:22.493,1,7482.7868
15:36:22.493,2,2049.8563
15:36:22.512,0,29599.0336
15:36:22.531,1,7480.0509
15:36:22.533,2,2084.1213
15:36:22.552,0,29623.8644
15:36:22.572,1,7480.0674
15:36:22.574,2,2077.0541
15:36:22.588,0,29598.9504
15:36:22.607,2,2052.0186
15:36:22.612,1,7494.7254
15:36:22.627,0,29612.1807
15:36:22.648,2,2086.2893
15:36:22.654,1,7492.6284
15:36:22.670,0,29603.0670
15:36:22.694,2,2084.3447
15:36:22.697,1,7486.1486
15:36:22.711,0,29613.6528
15:36:22.731,1,7483.5643
15:36:22.734,2,2068.7622
15:36:22.743,0,29614.8084
15:36:22.764,2,2075.7905
