wall_time_ns,gst_buffer_pts_ns,stage
1773673355866642731,6208348657,post_depay
1773673355880868015,6220310669,post_decode
1773673355881429125,6242740478,post_depay
1773673355884893871,6242773558,post_decode
1773673355885014456,6246336778,post_depay
1773673355888011643,6246365807,post_decode
1773673355929920803,6290993312,post_depay
1773673355940005559,6291153988,post_decode
1773673355942943695,6304103276,post_depay
1773673355949046579,6304219399,post_decode
1773673355969761356,6330926717,post_depay
1773673355975813200,6331046677,post_decode
1773673356012462168,6373512307,post_depay
1773673356019744314,6373714790,post_decode
1773673356062165851,6423333645,post_depay
1773673356069177568,6423449348,post_decode
1773673356095685752,6456730720,post_depay
1773673356100383963,6456984957,post_decode
1773673356126672255,6487368235,post_depay
1773673356137634268,6487690604,post_decode
1773673356180722040,6541278985,post_depay
1773673356194284427,6541624591,post_decode
1773673356212873319,6573736331,post_depay
1773673356220345512,6574025173,post_decode
1773673356265473698,6620984099,post_depay
1773673356274647980,6626662267,post_decode
1773673356286294448,6647205706,post_depay
1773673356296935320,6647493005,post_decode
1773673356331921003,6692407854,post_depay
1773673356338854958,6693007605,post_decode
1773673356373884882,6734619702,post_depay
1773673356385714345,6735050888,post_decode
1773673356418973825,6779955034,post_depay
1773673356429098547,6780154929,post_decode
1773673356450382133,6811208429,post_depay
1773673356459580722,6811528187,post_decode
1773673356495090707,6855755904,post_depay
1773673356502408828,6856268342,post_decode
1773673356535398416,6896191712,post_depay
1773673356546220212,6896525499,post_decode
1773673356580101145,6936552988,post_depay
1773673356590730942,6941264360,post_decode
1773673356610007763,6970932145,post_depay
1773673356619764848,6971204492,post_decode
1773673356656689414,7017309534,post_depay
1773673356663764421,7017624430,post_decode
1773673356694147433,7054936354,post_depay
1773673356705457824,7055301363,post_decode
1773673356735780974,7096193223,post_depay
1773673356742733835,7096573284,post_decode
1773673356768837694,7129430507,post_depay
1773673356775617951,7129979265,post_decode
1773673356812987024,7173941252,post_depay
1773673356822213388,7174163460,post_decode
1773673356853589927,7214341267,post_depay
1773673356864447865,7214711324,post_decode
1773673356895887957,7256848917,post_depay
1773673356906247371,7257065263,post_decode
1773673356927184918,7288156446,post_depay
1773673356936868069,7288391973,post_decode
1773673356974817111,7335420213,post_depay
1773673356985149074,7335764455,post_decode
1773673357031084828,7381431497,post_depay
1773673357041939578,7392202617,post_decode
1773673357055337548,7416197517,post_depay
1773673357063420396,7416463331,post_decode
1773673357094202068,7454935468,post_depay
1773673357105499055,7455285415,post_decode
1773673357135124144,7496000706,post_depay
1773673357145512553,7496290073,post_decode
1773673357196147137,7557040591,post_depay
1773673357203675049,7557269380,post_decode
1773673357216882541,7575439112,post_depay
1773673357226712307,7577993271,post_decode
1773673357274672706,7622722520,post_depay
1773673357284274082,7635748295,post_decode
1773673357310462613,7666530339,post_depay
1773673357321929072,7671548459,post_decode
1773673357340248491,7701136406,post_depay
1773673357351235123,7701416513,post_decode
1773673357377384764,7738225883,post_depay
1773673357386365503,7738522868,post_decode
1773673357418788320,7778085598,post_depay
1773673357426664260,7779575000,post_decode
1773673357458900992,7815110859,post_depay
1773673357468002813,7819993662,post_decode
1773673357507195609,7867560429,post_depay
1773673357519768570,7868307894,post_decode
1773673357537478947,7898184068,post_depay
1773673357547796026,7898562936,post_decode
1773673357570182436,7931048476,post_depay
1773673357581104156,7931361041,post_decode
1773673357614460547,7975122249,post_depay
1773673357627047660,7975575570,post_decode
1773673357698626512,8033606525,post_depay
1773673357708692926,8059376865,post_decode
1773673357710277404,8071585953,post_depay
1773673357713314115,8071612741,post_decode
1773673357732752888,8093771019,post_depay
1773673357742821470,8094000842,post_decode
1773673357775754671,8136191937,post_depay
1773673357784055950,8136797150,post_decode
1773673357819599394,8180043922,post_depay
1773673357831483945,8180567185,post_decode
1773673357848457952,8209190733,post_depay
1773673357857706781,8209541913,post_decode
1773673357898088022,8258531057,post_depay
1773673357906194298,8259237632,post_decode
1773673357936737585,8297677891,post_depay
1773673357948069610,8297914542,post_decode
1773673357979009293,8339494262,post_depay
1773673357986353483,8340177998,post_decode
1773673358009456635,8370190923,post_depay
1773673358018533924,8370585300,post_decode
1773673358067113961,8427706534,post_depay
1773673358074744242,8428277084,post_decode
1773673358101829905,8462560350,post_depay
1773673358109452198,8462974191,post_decode
1773673358140335565,8501068997,post_depay
1773673358152608065,8501436563,post_decode
1773673358170437162,8531220956,post_depay
1773673358182081663,8531557662,post_decode
1773673358215664284,8576222310,post_depay
1773673358223144252,8576591896,post_decode
1773673358254725412,8615519463,post_depay
1773673358263663794,8615873448,post_decode
1773673358312518934,8668512078,post_depay
1773673358324859463,8673550089,post_decode
1773673358328773321,8689897411,post_depay
1773673358335882294,8690060957,post_decode
1773673358379542328,8734416339,post_depay
1773673358391579363,8740663377,post_decode
1773673358418984396,8775083020,post_depay
1773673358431148968,8780108640,post_decode
1773673358463174853,8824036405,post_depay
1773673358475158596,8824322040,post_decode
1773673358491284852,8849740128,post_depay
1773673358500662225,8852394803,post_decode
1773673358535126463,8895526053,post_depay
1773673358546743823,8896262846,post_decode
1773673358574695885,8935160636,post_depay
1773673358583831422,8935532077,post_decode
1773673358619713292,8980199740,post_depay
1773673358631379836,8980591989,post_decode
1773673358660763046,9021331324,post_depay
1773673358671006154,9021734650,post_decode
1773673358693854728,9054841053,post_depay
1773673358700627047,9055075340,post_decode
1773673358739399143,9100058340,post_depay
1773673358749584761,9100436132,post_decode
1773673358783831433,9136039236,post_depay
1773673358791765490,9144708496,post_decode
1773673358827489493,9188008638,post_depay
1773673358840466748,9188511797,post_decode
1773673358855584548,9210935389,post_depay
1773673358866423982,9216693860,post_decode
1773673358895310103,9255966563,post_depay
1773673358907375423,9256406792,post_decode
1773673358945599270,9306180617,post_depay
1773673358956439671,9306521579,post_decode
1773673358996519973,9357313361,post_depay
1773673359008055924,9357682918,post_decode
1773673359015282558,9371570388,post_depay
1773673359023238427,9376547397,post_decode
1773673359063135077,9413427460,post_depay
1773673359074571240,9424228846,post_decode
1773673359108931478,9469279856,post_depay
1773673359118948001,9469768456,post_decode
1773673359144805514,9501566605,post_depay
1773673359152942842,9505946766,post_decode
1773673359179306988,9539997140,post_depay
1773673359190212887,9540411171,post_decode
1773673359214232132,9574951913,post_depay
1773673359225570520,9575371623,post_decode
1773673359260033676,9614747003,post_depay
1773673359272686996,9621154740,post_decode
1773673359305014011,9658274315,post_depay
1773673359318805893,9666089010,post_decode
1773673359332960642,9689929738,post_depay
1773673359342546927,9694130565,post_decode
1773673359395373634,9735969027,post_depay
1773673359408611403,9756312313,post_decode
1773673359414668863,9775786654,post_depay
1773673359422741438,9775939966,post_decode
1773673359458249051,9818998751,post_depay
1773673359471102512,9819362803,post_decode
1773673359490253007,9850887183,post_depay
1773673359503372248,9851386644,post_decode
1773673359534898163,9895783760,post_depay
1773673359547268399,9896046203,post_decode
1773673359593799609,9948704959,post_depay
1773673359601895752,9954778357,post_decode
1773673359616794520,9977520829,post_depay
1773673359628638753,9978049289,post_decode
1773673359687621109,10035270149,post_depay
1773673359702414679,10048565062,post_decode
1773673359704742738,10065978886,post_depay
1773673359708538738,10066067345,post_decode
1773673359744066426,10104964542,post_depay
1773673359754175438,10105248152,post_decode
1773673359767720962,10128471888,post_depay
1773673359775670487,10128803181,post_decode
1773673359844360527,10205053400,post_depay
1773673359853572293,10205392509,post_decode
1773673359855781157,10217006744,post_depay
1773673359861220729,10217081014,post_decode
1773673359899360938,10259990534,post_depay
1773673359908487238,10260402483,post_decode
1773673359932798359,10293459231,post_depay
1773673359944124200,10293881311,post_decode
1773673359972247754,10332571806,post_depay
1773673359981359672,10333322509,post_decode
1773673360014902348,10375374326,post_depay
1773673360022777118,10375960212,post_decode
1773673360063318107,10424218652,post_depay
1773673360074543984,10424427976,post_decode
1773673360088103662,10449087357,post_depay
1773673360099408959,10449305797,post_decode
1773673360132790501,10493109024,post_depay
1773673360144005793,10493685268,post_decode
1773673360175096030,10535693263,post_depay
1773673360184360560,10536272125,post_decode
1773673360219128202,10579769123,post_depay
1773673360227977994,10580292434,post_decode
1773673360250050566,10610881160,post_depay
1773673360257577297,10611203681,post_decode
1773673360293113455,10653745062,post_depay
1773673360301806791,10654272592,post_decode
1773673360333976340,10694467015,post_depay
1773673360344668455,10695096982,post_decode
1773673360377747543,10737407786,post_depay
1773673360388319363,10738851801,post_decode
1773673360409610751,10770350752,post_depay
1773673360419096226,10770768164,post_decode
1773673360460572552,10813307028,post_depay
1773673360468081260,10821394934,post_decode
1773673360494397674,10855038282,post_depay
1773673360505972301,10855448002,post_decode
1773673360537367117,10897781423,post_depay
1773673360545398957,10898422552,post_decode
1773673360570583326,10931212733,post_depay
1773673360581038090,10931684013,post_decode
1773673360615194026,10975969956,post_depay
1773673360622684633,10976330804,post_decode
1773673360658331949,11018984393,post_depay
1773673360670683040,11019425760,post_decode
1773673360697864403,11058617155,post_depay
1773673360706624798,11059032929,post_decode
1773673360729103503,11089764381,post_depay
1773673360739786483,11090211355,post_decode
1773673360780195486,11140428682,post_depay
1773673360788685457,11141290374,post_decode
1773673360822257304,11182774788,post_depay
1773673360831499657,11183392778,post_decode
1773673360872221273,11233096752,post_depay
1773673360883721875,11233361721,post_decode
1773673360890354160,11248979998,post_depay
1773673360898803323,11251620811,post_decode
1773673360934749890,11295059955,post_depay
1773673360944867386,11295786856,post_decode
1773673360995441663,11356198865,post_depay
1773673361002210510,11356491259,post_decode
1773673361034452035,11394722036,post_depay
1773673361042379971,11395500983,post_decode
1773673361048908440,11409950283,post_depay
1773673361057615027,11410154421,post_decode
1773673361094332862,11455081513,post_depay
1773673361103848243,11455388693,post_decode
1773673361167620664,11528027421,post_depay
1773673361178899846,11528618591,post_decode
1773673361189145535,11541692379,post_depay
1773673361197002582,11550428635,post_decode
1773673361211723327,11572418740,post_depay
1773673361223790395,11572828390,post_decode
1773673361255665749,11614356466,post_depay
1773673361268256302,11616528170,post_decode
1773673361295895819,11656452205,post_depay
1773673361307799590,11657001269,post_decode
1773673361338186158,11698850422,post_depay
1773673361347248560,11699308039,post_decode
1773673361379148808,11733556424,post_depay
1773673361387958977,11740277866,post_decode
1773673361415324802,11775938038,post_depay
1773673361427282802,11776430373,post_decode
1773673361457610229,11814673419,post_depay
1773673361469194194,11818739609,post_decode
1773673361506222715,11866748804,post_depay
1773673361515852186,11867333969,post_decode
1773673361530571273,11891182122,post_depay
1773673361542747799,11891616567,post_decode
1773673361576238886,11937106767,post_depay
1773673361587257305,11937366238,post_decode
1773673361620569107,11976543792,post_depay
1773673361629966435,11981696857,post_decode
1773673361705346680,12053250367,post_depay
1773673361720895993,12066083975,post_decode
1773673361722587176,12083877924,post_depay
1773673361725247695,12083929480,post_decode
1773673361739791850,12100875504,post_depay
1773673361748090130,12101002026,post_decode
1773673361787399938,12148095606,post_depay
1773673361798415321,12148444563,post_decode
1773673361818554321,12179293704,post_depay
1773673361827473944,12179691763,post_decode
1773673361872797026,12233322506,post_depay
1773673361884207480,12233710866,post_decode
1773673361893141267,12254204349,post_depay
1773673361902380035,12254390873,post_decode
1773673361939146413,12295142346,post_depay
1773673361951912560,12300242968,post_decode
1773673361981206285,12341383433,post_depay
1773673361992976913,12342320488,post_decode
1773673362018333531,12379063711,post_depay
1773673362027535932,12379438613,post_decode
1773673362049760793,12410483552,post_depay
1773673362058997972,12410902131,post_decode
1773673362094377157,12454977159,post_depay
1773673362101886824,12455469696,post_decode
1773673362155015251,12508364986,post_depay
1773673362166931213,12516089003,post_decode
1773673362176738776,12537798331,post_depay
1773673362185165448,12537984665,post_decode
1773673362208918214,12569734584,post_depay
1773673362215761533,12570122825,post_decode
1773673362253164639,12614023601,post_depay
1773673362262183994,12614314305,post_decode
1773673362305695011,12656032718,post_depay
1773673362318591460,12666465033,post_decode
1773673362339174933,12699903914,post_depay
1773673362348905347,12700302106,post_decode
1773673362372647294,12733106376,post_depay
1773673362385216025,12733526890,post_decode
1773673362414625043,12775135321,post_depay
1773673362423902114,12775523314,post_decode
1773673362461254363,12817914083,post_depay
1773673362472985362,12822384221,post_decode
1773673362505255130,12860046344,post_depay
1773673362517021227,12866384225,post_decode
1773673362534394244,12889709926,post_depay
1773673362545393868,12895508768,post_decode
1773673362579376216,12940096710,post_depay
1773673362590974760,12940465205,post_decode
1773673362624346137,12985247991,post_depay
1773673362631721225,12985475509,post_decode
1773673362659129050,13019567970,post_depay
1773673362668588490,13020269223,post_decode
1773673362698099630,13058327463,post_depay
1773673362706381780,13059225616,post_decode
1773673362735067102,13095592005,post_depay
1773673362742737107,13096217743,post_decode
1773673362782677634,13143050481,post_depay
1773673362792381317,13143504703,post_decode
1773673362819795156,13180207816,post_depay
1773673362833012725,13180746506,post_decode
1773673362849486569,13210167352,post_depay
1773673362859968262,13210594542,post_decode
1773673362910160125,13270677891,post_depay
1773673362920370331,13271268420,post_decode
1773673362936864671,13297183566,post_depay
1773673362947204409,13297750895,post_decode
1773673362994569211,13353037873,post_depay
1773673363003411060,13355485581,post_decode
1773673363013384437,13371802738,post_depay
1773673363021167867,13374573757,post_decode
1773673363073011223,13421404507,post_depay
1773673363084814619,13433802635,post_decode
1773673363099381012,13460095198,post_depay
1773673363107500253,13460458526,post_decode
1773673363138461339,13499203369,post_depay
1773673363151469580,13499506417,post_decode
1773673363178385957,13536801328,post_depay
1773673363192231429,13539330245,post_decode
1773673363229970140,13582996937,post_depay
1773673363242990362,13591099047,post_decode
1773673363261965420,13619947786,post_depay
1773673363274733733,13623111920,post_decode
1773673363299127688,13659869530,post_depay
1773673363310830573,13660276342,post_decode
1773673363329590531,13690250712,post_depay
1773673363337724236,13690566207,post_decode
1773673363377639287,13735706001,post_depay
1773673363390242754,13738460787,post_decode
1773673363423137396,13783741991,post_depay
1773673363432349934,13784293475,post_decode
1773673363486334788,13846678491,post_depay
1773673363495100838,13847383163,post_decode
1773673363497081813,13858307278,post_depay
1773673363502952620,13858388566,post_decode
1773673363541341231,13901451715,post_depay
1773673363553292411,13902393945,post_decode
1773673363579342614,13939947711,post_depay
1773673363589967982,13940395445,post_decode
1773673363632073552,13992971485,post_depay
1773673363641554908,13993241056,post_decode
1773673363735588109,14046028148,post_depay
1773673363754395850,14096335148,post_decode
1773673363756363879,14117672017,post_depay
1773673363759319348,14117705892,post_decode
1773673363760629585,14121912252,post_depay
1773673363764072247,14121966547,post_decode
1773673363781833664,14142947554,post_depay
1773673363790922012,14143090504,post_decode
1773673363818386473,14179185532,post_depay
1773673363828403679,14179509210,post_decode
1773673363858430597,14219156835,post_depay
1773673363869190034,14219536757,post_decode
1773673363888988397,14249480190,post_depay
1773673363899074663,14250059122,post_decode
1773673363942396588,14294004542,post_depay
1773673363950425140,14303460122,post_decode
1773673363979349356,14339994057,post_depay
1773673363989253861,14340387408,post_decode
1773673364019687630,14380071687,post_depay
1773673364031611211,14380536110,post_decode
1773673364050421692,14411185170,post_depay
1773673364062230153,14411543321,post_decode
1773673364094014405,14454593427,post_depay
1773673364104245346,14455187889,post_decode
1773673364143161673,14496497975,post_depay
1773673364155273285,14504292010,post_decode
1773673364182081046,14542716056,post_depay
1773673364189314832,14543258280,post_decode
1773673364217991499,14578850644,post_depay
1773673364228730954,14579102347,post_decode
1773673364261935624,14622430501,post_depay
1773673364270672570,14623080380,post_decode
1773673364296659313,14657191070,post_depay
1773673364305504833,14657553483,post_decode
1773673364341110686,14701753252,post_depay
1773673364349483945,14702276885,post_decode
1773673364382075218,14742727374,post_depay
1773673364392800470,14743234945,post_decode
1773673364420760881,14781192164,post_depay
1773673364431436076,14781546957,post_decode
1773673364456756161,14817400804,post_depay
1773673364467291607,14817792592,post_decode
1773673364498510582,14859210494,post_depay
1773673364508895653,14859610366,post_decode
1773673364549237560,14909527465,post_depay
1773673364561290188,14910331896,post_decode
1773673364583291523,14944146532,post_depay
1773673364591493665,14944415266,post_decode
1773673364616151044,14976960975,post_depay
1773673364625565727,14977305472,post_decode
1773673364658978817,15019765959,post_depay
1773673364669337616,15020133651,post_decode
1773673364691367635,15049975712,post_depay
1773673364702317141,15052503709,post_decode
1773673364733504825,15094315824,post_depay
1773673364741030451,15094658687,post_decode
1773673364777137759,15137929539,post_depay
1773673364785773766,15138288607,post_decode
1773673364837049951,15191494573,post_depay
1773673364846706811,15198117825,post_decode
1773673364880052709,15240767621,post_depay
1773673364888367026,15241165941,post_decode
1773673364914144253,15268888920,post_depay
1773673364922512062,15275270379,post_decode
1773673364936202410,15297069630,post_depay
1773673364947426689,15297378231,post_decode
1773673364992330176,15341400053,post_depay
1773673365004109961,15353382015,post_decode
1773673365015226033,15376212597,post_depay
1773673365024195100,15376460553,post_decode
1773673365061781951,15422486147,post_depay
1773673365070497523,15422917404,post_decode
1773673365097412613,15458117275,post_depay
1773673365105335240,15458498516,post_decode
1773673365140188029,15500429153,post_depay
1773673365147407670,15501276612,post_decode
1773673365178148241,15538849174,post_depay
1773673365190547404,15539254896,post_decode
1773673365225165163,15585275757,post_depay
1773673365237250181,15586279459,post_decode
1773673365257925718,15618310853,post_depay
1773673365269991424,15619012836,post_decode
1773673365300237951,15660517870,post_depay
1773673365311957112,15661323988,post_decode
1773673365330924087,15691737614,post_depay
1773673365338961043,15692082233,post_decode
1773673365377574888,15738185790,post_depay
1773673365386778195,15738608687,post_decode
1773673365419240577,15780110741,post_depay
1773673365430096932,15780358578,post_decode
1773673365467039962,15818964418,post_depay
1773673365478564203,15828161508,post_decode
1773673365493660720,15850080327,post_depay
1773673365505732107,15854664044,post_decode
1773673365539185380,15899975928,post_depay
1773673365547557131,15900337421,post_decode
1773673365579589282,15938260598,post_depay
1773673365589672471,15940710009,post_decode
1773673365630242050,15984491425,post_depay
1773673365643624486,15991278955,post_decode
1773673365721457186,16046223240,post_depay
1773673365740015091,16081861698,post_decode
1773673365741935712,16103252629,post_depay
1773673365744698412,16103278386,post_decode
1773673365745962760,16107261197,post_depay
1773673365749054690,16107301331,post_decode
1773673365779247893,16137605492,post_depay
1773673365787197370,16140431630,post_decode
1773673365819252903,16179803202,post_depay
1773673365830525264,16180345564,post_decode
1773673365863308066,16220095128,post_depay
1773673365873275141,16224334705,post_decode
1773673365896044239,16256490482,post_depay
1773673365902986747,16257142956,post_decode
1773673365939603792,16300118789,post_depay
1773673365950249824,16300498705,post_decode
1773673365990410543,16349226273,post_depay
1773673366000392030,16351462002,post_decode
1773673366018906990,16379452844,post_depay
1773673366029413177,16380077845,post_decode
1773673366056121661,16416533698,post_depay
1773673366068288586,16417280873,post_decode
1773673366099569889,16456570814,post_depay
1773673366110786525,16460669715,post_decode
1773673366137769786,16498113058,post_depay
1773673366149646705,16498573546,post_decode
1773673366192389956,16552996664,post_depay
1773673366199930579,16553438880,post_decode
1773673366212152601,16572916514,post_depay
1773673366220770518,16573197289,post_decode
1773673366257847498,16618582238,post_depay
1773673366267090042,16618954174,post_decode
1773673366299415853,16660033713,post_depay
1773673366310978953,16660442469,post_decode
1773673366345089788,16701250514,post_depay
1773673366357278384,16706215147,post_decode
1773673366370661638,16731364081,post_depay
1773673366380031666,16731614947,post_decode
1773673366416020388,16776969899,post_depay
1773673366423400986,16777194460,post_decode
1773673366475122450,16827046712,post_depay
1773673366484978454,16836193999,post_decode
1773673366518147886,16860516527,post_depay
1773673366527649771,16879265607,post_decode
1773673366549021548,16909619671,post_depay
1773673366560623618,16910199195,post_decode
1773673366584184427,16945098929,post_depay
1773673366592292878,16945379486,post_decode
1773673366622148800,16982772517,post_depay
1773673366633444999,16983294028,post_decode
1773673366659817574,17020357201,post_depay
1773673366671361112,17020779247,post_decode
1773673366694992635,17051212948,post_depay
1773673366706722778,17056127626,post_decode
1773673366756086545,17112750172,post_depay
1773673366763076808,17117259424,post_decode
1773673366776554608,17137407439,post_depay
1773673366784471081,17137721024,post_decode
1773673366824759632,17179025326,post_depay
1773673366836165265,17185702841,post_decode
1773673366859325931,17220091891,post_depay
1773673366868060755,17220435158,post_decode
1773673366900997371,17257505582,post_depay
1773673366911987493,17262146093,post_decode
1773673366937139148,17297918495,post_depay
1773673366948828029,17298295797,post_decode
1773673366983079740,17343759542,post_depay
1773673366994011296,17344243389,post_decode
1773673367024377939,17385132945,post_depay
1773673367033799472,17385496072,post_decode
1773673367057051993,17417748498,post_depay
1773673367064020084,17418228246,post_decode
1773673367099625656,17460169440,post_depay
1773673367110710987,17460553440,post_decode
1773673367140721377,17501412105,post_depay
1773673367151448088,17501848306,post_decode
1773673367180084687,17540736940,post_depay
1773673367189173367,17541259206,post_decode
1773673367216242521,17576543670,post_depay
1773673367224108878,17577333227,post_decode
1773673367263192239,17624014270,post_depay
1773673367274184689,17624309401,post_decode
1773673367299183339,17659701105,post_depay
1773673367306918262,17660333011,post_decode
1773673367339011188,17699672434,post_depay
1773673367346933508,17700104784,post_decode
1773673367374168678,17734571246,post_depay
1773673367381802885,17735292815,post_decode
1773673367417369805,17778016952,post_depay
1773673367425620067,17778426363,post_decode
1773673367459136183,17819526168,post_depay
1773673367470599547,17820263865,post_decode
1773673367505193783,17865949871,post_depay
1773673367516723998,17866323983,post_decode
1773673367536811562,17897331007,post_depay
1773673367543263116,17897712831,post_decode
1773673367577093951,17937782316,post_depay
1773673367584590675,17938277012,post_decode
1773673367634820839,17981019742,post_depay
1773673367642094209,17995679802,post_decode
1773673367728397095,18046494857,post_depay
1773673367746992608,18089219656,post_decode
1773673367748689522,18109987035,post_depay
1773673367751556675,18110028798,post_decode
1773673367754334317,18115552516,post_depay
1773673367758720952,18115656130,post_decode
1773673367780432407,18141212164,post_depay
1773673367791030221,18141539747,post_decode
1773673367829996230,18190287709,post_depay
1773673367837444934,18191056050,post_decode
1773673367858473822,18219161828,post_depay
1773673367868759433,18219542218,post_decode
1773673367906684878,18264982380,post_depay
1773673367917841296,18267737021,post_decode
1773673367931485502,18292447960,post_depay
1773673367939381853,18292708301,post_decode
1773673367977391659,18336223117,post_depay
1773673367988407682,18338431715,post_decode
1773673368022070014,18380340941,post_depay
1773673368033151336,18383146432,post_decode
1773673368059708523,18420105095,post_depay
1773673368070858983,18420509535,post_decode
1773673368093174004,18453529471,post_depay
1773673368104906758,18454281946,post_decode
1773673368141190203,18502013682,post_depay
1773673368154427192,18502298549,post_decode
1773673368183555210,18538695312,post_depay
1773673368195268589,18544562126,post_decode
1773673368222898799,18580503905,post_depay
1773673368230467729,18584059682,post_decode
1773673368260687560,18621206738,post_depay
1773673368271408762,18621571573,post_decode
1773673368297842224,18658746268,post_depay
1773673368308910910,18658988868,post_decode
1773673368338159212,18698901981,post_depay
1773673368349565874,18699274241,post_decode
1773673368397486871,18758063601,post_depay
1773673368406901678,18758499789,post_decode
1773673368440004153,18790662514,post_depay
1773673368451685117,18801068609,post_decode
1773673368467594287,18828417913,post_depay
1773673368478802497,18828757675,post_decode
1773673368504891988,18858512155,post_depay
1773673368515533457,18866024928,post_decode
1773673368546802754,18901696109,post_depay
1773673368557725432,18907942100,post_decode
1773673368576292287,18937071161,post_depay
1773673368584604606,18937406581,post_decode
1773673368618080265,18978540379,post_depay
1773673368627954935,18979220728,post_decode
1773673368666087403,19026484190,post_depay
1773673368677492915,19027225387,post_decode
1773673368699388144,19060188384,post_depay
1773673368708759977,19060513400,post_decode
1773673368739106955,19096196977,post_depay
1773673368747899135,19100246023,post_decode
1773673368777789450,19136578577,post_depay
1773673368786126970,19138924131,post_decode
1773673368820767556,19181612936,post_depay
1773673368832364321,19181925363,post_decode
1773673368866028522,19226623099,post_depay
1773673368877212005,19227198312,post_decode
1773673368895647659,19256277209,post_depay
1773673368904916232,19256575510,post_decode
1773673368941060788,19301512819,post_depay
1773673368952101485,19302245731,post_decode
1773673368978371413,19339108212,post_depay
1773673368989803416,19339471417,post_decode
1773673369023191593,19383981920,post_depay
1773673369034545709,19384347055,post_decode
1773673369059794003,19415663130,post_depay
1773673369069380260,19420933484,post_decode
1773673369097347701,19458103206,post_depay
1773673369105233738,19458478336,post_decode
1773673369139978802,19500112944,post_depay
1773673369152337774,19501128587,post_decode
1773673369184721740,19545093560,post_depay
1773673369195048957,19545534187,post_decode
1773673369215095526,19575476928,post_depay
1773673369227107110,19576253378,post_decode
1773673369259051474,19619603915,post_depay
1773673369270284672,19620208776,post_decode
1773673369301992111,19662521371,post_depay
1773673369313641336,19663151243,post_decode
1773673369345797715,19706609303,post_depay
1773673369357617645,19706980841,post_decode
1773673369374450300,19735164192,post_depay
1773673369383069505,19735515969,post_decode
1773673369419348174,19780015901,post_depay
1773673369430655215,19780414641,post_decode
1773673369461097537,19821744561,post_depay
1773673369472512523,19822260014,post_decode
1773673369499058369,19860008246,post_depay
1773673369509752459,19860234502,post_decode
1773673369537071669,19897316934,post_depay
1773673369547867002,19898182945,post_decode
1773673369578076907,19938507239,post_depay
1773673369587587460,19939214323,post_decode
1773673369619110190,19979120135,post_depay
1773673369626390187,19980201045,post_decode
1773673369721615054,20055345030,post_depay
1773673369740213207,20082502131,post_decode
1773673369741976571,20103287163,post_depay
1773673369744734433,20103317204,post_decode
1773673369746090624,20107393350,post_depay
1773673369749073072,20107428742,post_decode
1773673369774997092,20136066918,post_depay
1773673369785361477,20136252282,post_decode
1773673369828435965,20189027278,post_depay
1773673369840104495,20189461939,post_decode
1773673369870329838,20227125531,post_depay
1773673369878148456,20231366907,post_decode
1773673369910785117,20271338771,post_depay
1773673369918201650,20271737709,post_decode
1773673369934616464,20295224288,post_depay
1773673369943679820,20295705058,post_decode
1773673369977842416,20338599785,post_depay
1773673369989150844,20338977116,post_decode
1773673370020015679,20380354620,post_depay
1773673370031322279,20381125519,post_decode
1773673370061073460,20421525558,post_depay
1773673370071637529,20422148192,post_decode
1773673370094685081,20452753526,post_depay
1773673370106024388,20455812093,post_decode
1773673370161257492,20497331756,post_depay
1773673370173585687,20522249472,post_decode
1773673370200369806,20539385307,post_depay
1773673370211853760,20561388599,post_decode
1773673370219584131,20580672318,post_depay
1773673370228271420,20580838622,post_decode
1773673370261209058,20615159571,post_depay
1773673370272941773,20622295789,post_decode
1773673370297020257,20658004736,post_depay
1773673370307591968,20658242001,post_decode
1773673370345458713,20700056196,post_depay
1773673370353854149,20706531987,post_decode
1773673370389958230,20743362208,post_depay
1773673370399936692,20750782121,post_decode
1773673370411342941,20772182469,post_depay
1773673370420581966,20772467908,post_decode
1773673370458082591,20818998437,post_depay
1773673370469424946,20819251338,post_decode
1773673370498821809,20859331684,post_depay
1773673370505998858,20859764415,post_decode
1773673370552880184,20913185281,post_depay
1773673370565105113,20913874650,post_decode
1773673370576840974,20937713807,post_depay
1773673370585652863,20938001121,post_decode
1773673370621307728,20981753262,post_depay
1773673370632963383,20982377698,post_decode
1773673370660134321,21020456221,post_depay
1773673370667358927,21021247703,post_decode
1773673370701126289,21061608093,post_depay
1773673370711838387,21062302594,post_decode
1773673370732386496,21093088288,post_depay
1773673370742528557,21093492921,post_decode
1773673370778127180,21138571821,post_depay
1773673370787041600,21139278687,post_decode
1773673370821078614,21181534123,post_depay
1773673370828273415,21182223605,post_decode
1773673370864649218,21225135473,post_depay
1773673370874142530,21225545801,post_decode
1773673370894544745,21255448581,post_depay
1773673370905908714,21255727353,post_decode
1773673370951793895,21298955178,post_depay
1773673370960000984,21312561664,post_decode
1773673370980724129,21341401506,post_depay
1773673370992444337,21341837271,post_decode
1773673371026051907,21386437931,post_depay
1773673371034555198,21387209974,post_decode
1773673371055609679,21416365310,post_depay
1773673371066778237,21416765819,post_decode
1773673371115763087,21460975092,post_depay
1773673371123950923,21476937105,post_decode
1773673371146095309,21501887154,post_depay
1773673371157069395,21507131961,post_decode
1773673371185858994,21546515246,post_depay
1773673371193917776,21546953612,post_decode
1773673371216256357,21573676648,post_depay
1773673371228526660,21577396652,post_decode
1773673371260667699,21621380287,post_depay
1773673371271393989,21621809351,post_decode
1773673371308910754,21669126305,post_depay
1773673371320100604,21669558105,post_decode
1773673371341175738,21701398531,post_depay
1773673371351530494,21702273743,post_decode
1773673371372826799,21733704645,post_depay
1773673371382460258,21734034202,post_decode
1773673371419021577,21779397484,post_depay
1773673371429399859,21780177593,post_decode
1773673371460986464,21821511122,post_depay
1773673371472607159,21822143234,post_decode
1773673371502747498,21863173482,post_depay
1773673371512103779,21863595248,post_decode
1773673371545030782,21901598975,post_depay
1773673371552351636,21906137614,post_decode
1773673371578087552,21938784828,post_depay
1773673371585644618,21939225811,post_decode
1773673371620071836,21980760735,post_depay
1773673371627571803,21981245377,post_decode
1773673371720894410,22047202591,post_depay
1773673371738102684,22081577307,post_decode
1773673371740128593,22101431735,post_depay
1773673371743390302,22101468481,post_decode
1773673371745042348,22106292178,post_depay
1773673371749240161,22106367794,post_decode
1773673371772887694,22133741242,post_depay
1773673371780976589,22134140717,post_decode
1773673371820187622,22180498545,post_depay
1773673371831324187,22181300451,post_decode
1773673371863142225,22223803725,post_depay
1773673371874459225,22224304813,post_decode
1773673371907091636,22267684882,post_depay
1773673371916743607,22268249570,post_decode
1773673371950237797,22311202803,post_depay
1773673371961287927,22311423614,post_decode
1773673371987972535,22348752345,post_depay
1773673371999780537,22349120910,post_decode
1773673372027983088,22380795566,post_depay
1773673372035510749,22389158492,post_decode
1773673372063086370,22424015699,post_depay
1773673372072567962,22424272558,post_decode
1773673372107254342,22467743367,post_depay
1773673372114211697,22468350955,post_decode
1773673372146183770,22506556777,post_depay
1773673372153886748,22507311285,post_decode
1773673372182789058,22541421424,post_depay
1773673372193375229,22543930467,post_decode
1773673372236355111,22582296570,post_depay
1773673372246122835,22597386275,post_decode
1773673372252626506,22613529031,post_depay
1773673372259757704,22613885044,post_decode
1773673372328842673,22689130679,post_depay
1773673372340386069,22689581197,post_decode
1773673372367377229,22728016059,post_depay
1773673372377141219,22728431712,post_decode
1773673372390145633,22746449349,post_depay
1773673372399721955,22751288104,post_decode
1773673372436127546,22796574750,post_depay
1773673372446702550,22797255170,post_decode
1773673372468913795,22825412407,post_depay
1773673372477191849,22830023525,post_decode
1773673372502950800,22863792203,post_depay
1773673372512809402,22864121106,post_decode
1773673372543518831,22904121962,post_depay
1773673372552782256,22904608870,post_decode
1773673372576056251,22936422094,post_depay
1773673372584829932,22937196138,post_decode
1773673372623914492,22984159373,post_depay
1773673372635159555,22984752675,post_decode
1773673372662190172,23022523843,post_depay
1773673372673882405,23023286847,post_decode
1773673372709062186,23069785826,post_depay
1773673372716909673,23070194015,post_decode
1773673372745373264,23098938957,post_depay
1773673372755875215,23106479403,post_decode
1773673372780973639,23141464310,post_depay
1773673372789100473,23142139140,post_decode
1773673372819914853,23180321230,post_depay
1773673372826887468,23181058772,post_decode
1773673372861293355,23222023793,post_depay
1773673372873145112,23222403700,post_decode
1773673372901123166,23261426972,post_depay
1773673372913193140,23262228286,post_decode
1773673372945805716,23302231589,post_depay
1773673372953559329,23306667402,post_decode
1773673372988135039,23349026089,post_depay
1773673372999842170,23349302419,post_decode
1773673373022166684,23382556790,post_depay
1773673373029250822,23383306990,post_decode
1773673373060646771,23421322055,post_depay
1773673373071931486,23421772390,post_decode
1773673373126542468,23487163994,post_depay
1773673373139042736,23487528566,post_decode
1773673373141569459,23502808773,post_depay
1773673373146639034,23502877443,post_decode
1773673373185180176,23545165229,post_depay
1773673373192846161,23546281185,post_decode
1773673373218770161,23574039843,post_depay
1773673373230208972,23579453159,post_decode
1773673373258514961,23619159592,post_depay
1773673373266063232,23619567110,post_decode
1773673373303794014,23664199210,post_depay
1773673373314612356,23664583349,post_decode
1773673373343337621,23704090526,post_depay
1773673373354137087,23704375623,post_decode
1773673373376122062,23736472551,post_depay
1773673373384872023,23737245065,post_decode
1773673373425125948,23785540455,post_depay
1773673373434913368,23786252288,post_decode
1773673373465016974,23821723914,post_depay
1773673373475356915,23826120074,post_decode
1773673373503194878,23864167406,post_depay
1773673373512945399,23864369519,post_decode
1773673373536041184,23896356388,post_depay
1773673373547438439,23897184207,post_decode
1773673373583134840,23943730654,post_depay
1773673373590570188,23944285626,post_decode
1773673373624373121,23981258952,post_depay
1773673373632221269,23985491878,post_decode
1773673373719140571,24052244010,post_depay
1773673373737949469,24079878573,post_decode
1773673373739919231,24101235013,post_depay
1773673373742933894,24101263041,post_decode
1773673373745087736,24106328255,post_depay
1773673373749430429,24106412293,post_decode
1773673373775166618,24136022373,post_depay
1773673373783471251,24136309193,post_decode
1773673373819172322,24179919368,post_depay
1773673373827159170,24180310666,post_decode
1773673373881383331,24241727874,post_depay
1773673373893108442,24242450612,post_decode
1773673373916689265,24263054369,post_depay
1773673373926610967,24277689514,post_decode
1773673373933799711,24294898256,post_depay
1773673373941069544,24295066055,post_decode
1773673374004252167,24359271392,post_depay
1773673374012879334,24365315624,post_decode
1773673374040150690,24380480297,post_depay
1773673374052052982,24401263698,post_decode
1773673374076090298,24436431774,post_depay
1773673374087507158,24437215427,post_decode
1773673374110852561,24462528319,post_depay
1773673374118217887,24472018566,post_decode
1773673374179492192,24540683300,post_depay
1773673374184187151,24540781987,post_decode
1773673374187684413,24546955428,post_depay
1773673374191624349,24548990141,post_decode
1773673374248988232,24585042785,post_depay
1773673374259855378,24610084298,post_decode
1773673374263324604,24624525737,post_depay
1773673374271411095,24624610124,post_decode
1773673374297458630,24658270295,post_depay
1773673374308071014,24658621738,post_decode
1773673374344643489,24705134790,post_depay
1773673374356214700,24705523697,post_decode
1773673374382316459,24742800848,post_depay
1773673374391740266,24743389540,post_decode
1773673374430220190,24791022658,post_depay
1773673374442396215,24791342942,post_decode
1773673374461195728,24821702184,post_depay
1773673374471504883,24822314754,post_decode
1773673374509432929,24862456259,post_depay
1773673374520080613,24870401878,post_decode
1773673374543305743,24904039031,post_depay
1773673374554842333,24904372692,post_decode
1773673374580184588,24934049935,post_depay
1773673374587966734,24941254435,post_decode
1773673374621118085,24981956244,post_depay
1773673374628771959,24982257504,post_decode
1773673374663148443,25023689200,post_depay
1773673374670597149,25024278873,post_decode
1773673374704697121,25065225894,post_depay
1773673374711655390,25065586814,post_decode
1773673374733786347,25094534584,post_depay
1773673374742485246,25094934980,post_decode
1773673374788881631,25141010043,post_depay
1773673374796603073,25149741710,post_decode
1773673374821021713,25181689809,post_depay
1773673374831816528,25182213479,post_decode
1773673374863794031,25224464974,post_depay
1773673374873772815,25224977582,post_decode
1773673374895205006,25256007803,post_depay
1773673374905958421,25256355888,post_decode
1773673374954723270,25306520053,post_depay
1773673374965529402,25315792497,post_decode
1773673374984519452,25345265111,post_depay
1773673374992400335,25345677307,post_decode
1773673375025544464,25386213507,post_depay
1773673375035588277,25386589541,post_decode
1773673375060186298,25415167019,post_depay
1773673375068894076,25421334133,post_decode
1773673375108209400,25469133378,post_depay
1773673375119212549,25469346503,post_decode
1773673375146835254,25507155783,post_depay
1773673375158462019,25507591255,post_decode
1773673375182747195,25543424485,post_depay
1773673375194513390,25543828914,post_decode
1773673375213395531,25574126366,post_depay
1773673375222076504,25574502376,post_decode
1773673375287872821,25620088353,post_depay
1773673375295612130,25648594577,post_decode
1773673375309698076,25670246887,post_depay
1773673375319516056,25670608067,post_decode
1773673375351318689,25704170292,post_depay
1773673375359700797,25712411694,post_decode
1773673375380137717,25741068003,post_depay
1773673375390673675,25741325821,post_decode
1773673375425622752,25786334976,post_depay
1773673375437378762,25786755722,post_decode
1773673375460341266,25820997952,post_depay
1773673375472902216,25821437284,post_decode
1773673375514706836,25865004456,post_depay
1773673375522848051,25875555876,post_decode
1773673375534359914,25895351264,post_depay
1773673375542972983,25895541889,post_decode
1773673375581348208,25941841828,post_depay
1773673375593873590,25942453024,post_decode
1773673375621400360,25982125969,post_depay
1773673375629007007,25982466587,post_decode
1773673375762009400,26084444408,post_depay
1773673375781678267,26122959801,post_decode
1773673375783227099,26144542901,post_depay
1773673375786118237,26144570312,post_decode
1773673375787456504,26148761824,post_depay
1773673375790352106,26148795597,post_decode
1773673375791590512,26152911576,post_depay
1773673375794539886,26152943880,post_decode
1773673375828989663,26189617471,post_depay
1773673375837118671,26190187219,post_decode
1773673375859952027,26220888098,post_depay
1773673375869047427,26221147185,post_decode
1773673375904010282,26264403311,post_depay
1773673375916066264,26265160900,post_decode
1773673375939018489,26295569636,post_depay
1773673375946153313,26300193051,post_decode
1773673375980789601,26341136358,post_depay
1773673375992271922,26341575912,post_decode
1773673376041449424,26402195806,post_depay
1773673376049308254,26402493177,post_decode
1773673376083007300,26443845148,post_depay
1773673376091453301,26444131057,post_decode
1773673376094052521,26455291190,post_depay
1773673376099362076,26455356116,post_decode
1773673376141875842,26502301487,post_depay
1773673376152801861,26502751795,post_decode
1773673376185503228,26546602353,post_depay
1773673376191277256,26546775718,post_decode
1773673376238046163,26598958800,post_depay
1773673376245325432,26599181303,post_decode
1773673376254437041,26615427388,post_depay
1773673376262449195,26615671801,post_decode
1773673376305412124,26662203582,post_depay
1773673376314431123,26666407380,post_decode
1773673376341828711,26702193219,post_depay
1773673376353204961,26702607835,post_decode
1773673376386105846,26746720107,post_depay
1773673376398616855,26747185872,post_decode
1773673376430323601,26791087667,post_depay
1773673376437400859,26791369818,post_decode
1773673376461401206,26821754026,post_depay
1773673376469653717,26822379651,post_decode
1773673376511702831,26862157699,post_depay
1773673376523202293,26872577897,post_decode
1773673376543702920,26904208298,post_depay
1773673376554037626,26904815449,post_decode
1773673376574893085,26935578693,post_depay
1773673376586912878,26936027275,post_decode
1773673376622121603,26982585045,post_depay
1773673376629795257,26983265646,post_decode
1773673376664693423,27025203509,post_depay
1773673376676232558,27025603704,post_decode
1773673376706256481,27066523823,post_depay
1773673376718101026,27067356797,post_decode
1773673376739014309,27094656865,post_depay
1773673376746328237,27100162413,post_decode
1773673376784387778,27139987763,post_depay
1773673376793044906,27145484816,post_decode
1773673376825643868,27181782540,post_depay
1773673376838435655,27186598450,post_decode
1773673376864205797,27224940730,post_depay
1773673376876156353,27225344384,post_decode
1773673376894020130,27254970383,post_depay
1773673376904423956,27255207815,post_decode
1773673376941086719,27301604257,post_depay
1773673376949243785,27302235909,post_decode
1773673376984083458,27342057312,post_depay
1773673376991830098,27345222820,post_decode
1773673377023932729,27384582097,post_depay
1773673377035198415,27385052784,post_decode
1773673377055548870,27416468187,post_depay
1773673377067308766,27416732320,post_decode
1773673377106059453,27466455022,post_depay
1773673377117940103,27467189652,post_decode
1773673377143987158,27504796410,post_depay
1773673377151716166,27505147190,post_decode
1773673377184165149,27544756499,post_depay
1773673377194082387,27545315902,post_decode
1773673377214557772,27575327348,post_depay
1773673377225125815,27575722819,post_decode
1773673377269950735,27626578975,post_depay
1773673377278159272,27631088880,post_decode
1773673377304456635,27665224987,post_depay
1773673377315635077,27665581885,post_decode
1773673377349782882,27710207267,post_depay
1773673377361803931,27710697303,post_decode
1773673377379635993,27740245400,post_depay
1773673377388889950,27740736930,post_decode
1773673377424847053,27785311755,post_depay
1773673377434049706,27785764929,post_decode
1773673377466648267,27826966529,post_depay
1773673377478051475,27827589924,post_decode
1773673377538757175,27899117678,post_depay
1773673377546520289,27899548915,post_decode
1773673377549394602,27910575040,post_depay
1773673377555294659,27910687005,post_decode
1773673377581860699,27942496850,post_depay
1773673377589570265,27942962999,post_decode
1773673377629707175,27990166920,post_depay
1773673377637444830,27990557339,post_decode
1773673377748935374,28050158494,post_depay
1773673377770698578,28109964376,post_decode
1773673377772610716,28133911875,post_depay
1773673377775550857,28133949396,post_decode
1773673377776783010,28138100331,post_depay
1773673377780010140,28138134182,post_decode
1773673377800878096,28161951043,post_depay
1773673377807704536,28162113828,post_decode
1773673377832047928,28192700103,post_depay
1773673377838853350,28193227475,post_decode
1773673377862549463,28223212463,post_depay
1773673377870036345,28223544916,post_decode
1773673377916257847,28277016085,post_depay
1773673377928416514,28277375137,post_decode
1773673377943061990,28303892113,post_depay
1773673377953602966,28304224803,post_decode
1773673377982206778,28342962299,post_depay
1773673377990130899,28343317359,post_decode
1773673378050196263,28410208297,post_depay
1773673378057868561,28411307444,post_decode
1773673378085845205,28446705185,post_depay
1773673378097635168,28446968259,post_decode
1773673378099949452,28461194900,post_depay
1773673378104958711,28461262435,post_decode
1773673378142336891,28502962673,post_depay
1773673378150666731,28503378655,post_decode
1773673378186113778,28544277719,post_depay
1773673378196316294,28547267758,post_decode
1773673378225012681,28585431156,post_depay
1773673378234547724,28586158706,post_decode
1773673378259038738,28619579479,post_depay
1773673378266450136,28620197521,post_decode
1773673378304251570,28664767681,post_depay
1773673378312004565,28665347667,post_decode
1773673378344145790,28704389889,post_depay
1773673378355703692,28705211573,post_decode
1773673378385167793,28745890620,post_depay
1773673378394740266,28746295354,post_decode
1773673378422371103,28783093517,post_depay
1773673378431335938,28783475225,post_decode
1773673378462387281,28823065732,post_depay
1773673378474068369,28823485526,post_decode
1773673378502130675,28862787862,post_depay
1773673378514922059,28863259067,post_decode
1773673378543610663,28904341458,post_depay
1773673378552577144,28904738468,post_decode
1773673378580867941,28941343035,post_depay
1773673378590567762,28941963180,post_decode
1773673378620068487,28980905757,post_depay
1773673378630408011,28981224184,post_decode
1773673378662944579,29023333146,post_depay
1773673378670922982,29024088869,post_decode
1773673378705036638,29065400978,post_depay
1773673378714051869,29066093719,post_decode
1773673378735251454,29095986546,post_depay
1773673378743132466,29096348647,post_decode
1773673378782448127,29143061247,post_depay
1773673378791376856,29143498321,post_decode
1773673378827128531,29187388217,post_depay
1773673378835991215,29188217243,post_decode
1773673378869739863,29230269764,post_depay
1773673378880636512,29230678554,post_decode
1773673378895376485,29256442780,post_depay
1773673378905057690,29256590483,post_decode
1773673378941305796,29302104467,post_depay
1773673378952127313,29302431417,post_decode
1773673378988253160,29349006798,post_depay
1773673378996450764,29349399399,post_decode
1773673379030185680,29385447131,post_depay
1773673379041498872,29391287760,post_decode
1773673379059356498,29420153531,post_depay
1773673379069030438,29420478686,post_decode
1773673379105237642,29465504528,post_depay
1773673379113669714,29466328517,post_decode
1773673379145918561,29506746738,post_depay
1773673379158207389,29507033910,post_decode
1773673379188771293,29545662294,post_depay
1773673379201989216,29549891000,post_decode
1773673379215048593,29575932802,post_depay
1773673379226389870,29576226417,post_decode
1773673379268064970,29628673572,post_depay
1773673379279280023,29629234137,post_decode
1773673379312087411,29662228610,post_depay
1773673379321474577,29673219926,post_decode
1773673379355000953,29711489175,post_depay
1773673379363107701,29716156087,post_decode
1773673379394336532,29754931267,post_depay
1773673379406647127,29755386159,post_decode
1773673379448982072,29809768550,post_depay
1773673379457354729,29810081793,post_decode
1773673379476052800,29836531787,post_depay
1773673379483790486,29837208424,post_decode
1773673379516101959,29876937069,post_depay
1773673379526839652,29877256334,post_decode
1773673379535952829,29897041530,post_depay
1773673379542824957,29897218213,post_decode
1773673379594831904,29955240122,post_depay
1773673379604915856,29955599915,post_decode
1773673379632999326,29991612968,post_depay
1773673379643966422,29994070142,post_decode
1773673379764205043,30052329434,post_depay
1773673379786054316,30125058862,post_decode
1773673379788046446,30149346896,post_depay
1773673379791388564,30149382843,post_decode
1773673379792733687,30154040973,post_depay
1773673379795684875,30154075051,post_decode
1773673379797000448,30158295287,post_depay
1773673379799665055,30158351601,post_decode
1773673379828573827,30181473805,post_depay
1773673379835884071,30189596732,post_decode
1773673379867954474,30228706167,post_depay
1773673379879870064,30229131275,post_decode
1773673379912956883,30267022126,post_depay
1773673379924760706,30274113993,post_decode
1773673379936034587,30297070390,post_depay
1773673379946013735,30297277152,post_decode
1773673379983996439,30344425501,post_depay
1773673379995956728,30345143389,post_decode
1773673380025975706,30386499754,post_depay
1773673380033567992,30387124100,post_decode
1773673380073392785,30434043250,post_depay
1773673380084953912,30434478205,post_decode
1773673380097753975,30458872681,post_depay
1773673380106108315,30459016163,post_decode
1773673380142822402,30503716463,post_depay
1773673380150515548,30503978629,post_decode
1773673380185966167,30546386512,post_depay
1773673380197064435,30547096086,post_decode
1773673380224563962,30585230127,post_depay
1773673380234984779,30585574622,post_decode
1773673380255803735,30616289415,post_depay
1773673380262480356,30616619037,post_decode
1773673380304560866,30661399922,post_depay
1773673380316042798,30665683598,post_decode
1773673380343989977,30704369365,post_depay
1773673380351778174,30705091247,post_decode
1773673380384864042,30745428664,post_depay
1773673380391702887,30745980511,post_decode
1773673380418112266,30778527048,post_depay
1773673380425346035,30779250250,post_decode
1773673380461087797,30821755779,post_depay
1773673380472469185,30822255164,post_decode
1773673380502458396,30863163822,post_depay
1773673380513251227,30863530729,post_decode
1773673380561130399,30905031987,post_depay
1773673380570677190,30922197730,post_decode
1773673380578969197,30939987604,post_depay
1773673380587505306,30940205126,post_decode
1773673380627142913,30987611201,post_depay
1773673380637483945,30988259596,post_decode
1773673380666199305,31026764195,post_depay
1773673380676454053,31027321017,post_decode
1773673380705421005,31066283119,post_depay
1773673380715180561,31066498799,post_decode
1773673380745349089,31106009192,post_depay
1773673380756693682,31106403582,post_decode
1773673380785223754,31145769842,post_depay
1773673380796570332,31146345403,post_decode
1773673380820009313,31180574119,post_depay
1773673380827375689,31181185383,post_decode
1773673380862840464,31223355970,post_depay
1773673380872867537,31223736786,post_decode
1773673380907782275,31268259256,post_depay
1773673380917312915,31268600239,post_decode
1773673380939066416,31299603806,post_depay
1773673380950048367,31300221315,post_decode
1773673380980384774,31341060610,post_depay
1773673380990617966,31341431221,post_decode
1773673381025053828,31385352214,post_depay
1773673381035872719,31386126946,post_decode
1773673381065648538,31426184687,post_depay
1773673381076442345,31426750714,post_decode
1773673381099721426,31460278201,post_depay
1773673381107477467,31460694688,post_decode
1773673381146902049,31503338284,post_depay
1773673381158534748,31508036056,post_decode
1773673381184452340,31545243609,post_depay
1773673381192712723,31545569768,post_decode
1773673381231208692,31591903753,post_depay
1773673381238420343,31592292007,post_decode
1773673381258060107,31618751921,post_depay
1773673381268939730,31619233721,post_decode
1773673381331402078,31691597088,post_depay
1773673381338144607,31692413655,post_decode
1773673381343140495,31704211573,post_depay
1773673381353566356,31704389089,post_decode
1773673381385835072,31746203507,post_depay
1773673381396817323,31746576906,post_decode
1773673381423712550,31784128776,post_depay
1773673381435145205,31784539385,post_decode
1773673381465638164,31821772616,post_depay
1773673381474417375,31826505523,post_decode
1773673381528761875,31885477202,post_depay
1773673381537343874,31889873231,post_decode
1773673381563137252,31906880542,post_depay
1773673381572320439,31924247401,post_decode
1773673381595064437,31955456280,post_depay
1773673381606357272,31956201346,post_decode
1773673381629290479,31982164990,post_depay
1773673381637179307,31990469488,post_decode
1773673381735247110,32076582726,post_depay
1773673381749113809,32096276054,post_decode
1773673381751026165,32112337021,post_depay
1773673381754167946,32112366567,post_decode
1773673381766825592,32127967768,post_depay
1773673381773475270,32128090141,post_decode
1773673381787073368,32147981282,post_depay
1773673381796034737,32148270153,post_decode
1773673381833099830,32181097669,post_depay
1773673381842853533,32194181419,post_decode
1773673381867054319,32227599621,post_depay
1773673381874514081,32228236548,post_decode
1773673381902830670,32263370346,post_depay
1773673381912883093,32263725389,post_decode
1773673381958174658,32318932183,post_depay
1773673381967743836,32319268591,post_decode
1773673381975509606,32336576404,post_depay
1773673381983231127,32336772963,post_decode
1773673382030333745,32387135993,post_depay
1773673382037881550,32391265949,post_decode
1773673382063922895,32424290261,post_depay
1773673382072666192,32424941780,post_decode
1773673382110241754,32471036127,post_depay
1773673382122746566,32471394611,post_decode
1773673382137201719,32498122877,post_depay
1773673382148077290,32498370808,post_decode
1773673382183693303,32544128573,post_depay
1773673382191736688,32544528515,post_decode
1773673382229233110,32584820133,post_depay
1773673382238368270,32590369404,post_decode
1773673382264550875,32625457439,post_depay
1773673382274873617,32625734756,post_decode
1773673382301995545,32662607392,post_depay
1773673382312578847,32663183208,post_decode
1773673382346187226,32706616243,post_depay
1773673382355044319,32707307605,post_decode
1773673382383375912,32744112044,post_depay
1773673382393383166,32744503716,post_decode
1773673382428136574,32788705376,post_depay
1773673382439781974,32789287598,post_decode
1773673382457975221,32818682082,post_depay
1773673382466627558,32819173154,post_decode
1773673382506819580,32867239466,post_depay
1773673382516249323,32867670789,post_decode
1773673382543096975,32903772457,post_depay
1773673382554364489,32904258095,post_decode
1773673382586141062,32946741917,post_depay
1773673382594568683,32947292889,post_decode
1773673382618161347,32978921108,post_depay
1773673382627541726,32979303379,post_decode
1773673382677241440,33037376315,post_depay
1773673382684540912,33038343337,post_decode
1773673382703657731,33064056857,post_depay
1773673382713690872,33064472902,post_decode
1773673382749766469,33110174025,post_depay
1773673382757954859,33110580011,post_decode
1773673382780669999,33141380557,post_depay
1773673382788318715,33141810780,post_decode
1773673382824530526,33185208258,post_depay
1773673382836140213,33185622991,post_decode
1773673382865697079,33226420586,post_depay
1773673382876456148,33226830120,post_decode
1773673382911047819,33271514073,post_depay
1773673382918770649,33272205245,post_decode
1773673382944857328,33305294842,post_depay
1773673382954197952,33305777814,post_decode
1773673382986087404,33346611686,post_depay
1773673382993554531,33347246959,post_decode
1773673383024612033,33385262274,post_depay
1773673383037020570,33385752574,post_decode
1773673383070669861,33431367482,post_depay
1773673383081948807,33431786384,post_decode
1773673383099088784,33459785743,post_depay
1773673383108777494,33460268095,post_decode
1773673383142835670,33503273131,post_depay
1773673383150252683,33503760547,post_decode
1773673383187024896,33547932163,post_depay
1773673383194686579,33548206568,post_decode
1773673383228339875,33589039794,post_depay
1773673383238740643,33589447682,post_decode
1773673383259099413,33619349562,post_depay
1773673383268593591,33620230344,post_decode
1773673383307389179,33663778433,post_depay
1773673383317741413,33668462164,post_decode
1773673383362345227,33722702954,post_depay
1773673383374843064,33723406119,post_decode
1773673383401045894,33761742048,post_depay
1773673383410693993,33762177412,post_decode
1773673383435083391,33789338472,post_depay
1773673383446439016,33796222383,post_decode
1773673383475975364,33836501299,post_depay
1773673383483982874,33837141555,post_decode
1773673383510111874,33865198169,post_depay
1773673383518997230,33871258190,post_decode
1773673383546312614,33907090555,post_depay
1773673383559219886,33907379033,post_decode
1773673383583819439,33944246786,post_depay
1773673383594796257,33944702014,post_decode
1773673383626199137,33986918008,post_depay
1773673383635870295,33987335543,post_decode
1773673383751225864,34062762838,post_depay
1773673383774001286,34111967388,post_decode
1773673383775928218,34137239450,post_depay
1773673383778729189,34137270470,post_decode
1773673383780113164,34141415372,post_depay
1773673383783471931,34141453177,post_decode
1773673383784754667,34146048580,post_depay
1773673383787757320,34146107246,post_decode
1773673383818971438,34180130600,post_depay
1773673383826106262,34180244921,post_decode
1773673383862764601,34223263914,post_depay
1773673383874704124,34223717310,post_decode
1773673383922374457,34283111558,post_depay
1773673383934146654,34283408698,post_decode
1773673383947283042,34307985938,post_depay
1773673383959709247,34308360116,post_decode
1773673383980445863,34341269258,post_depay
1773673383988636525,34341551210,post_decode
1773673384028782026,34389149982,post_depay
1773673384038683643,34389536225,post_decode
1773673384065231456,34425765830,post_depay
1773673384072568131,34426354618,post_decode
1773673384107961698,34468393147,post_depay
1773673384118991039,34469116047,post_decode
1773673384137082367,34497854539,post_depay
1773673384145800403,34498209069,post_decode
1773673384182671587,34543466726,post_depay
1773673384194042208,34543802712,post_decode
1773673384227000871,34587759226,post_depay
1773673384237807248,34588140682,post_decode
1773673384268388422,34629079425,post_depay
1773673384276552629,34629478240,post_decode
1773673384299165332,34659720048,post_depay
1773673384306102023,34660282365,post_decode
1773673384350142428,34706558966,post_depay
1773673384357595864,34711239786,post_decode
1773673384389205911,34749323859,post_depay
1773673384396661693,34750301612,post_decode
1773673384433357174,34794182330,post_depay
1773673384440551247,34794435123,post_decode
1773673384460788597,34821417610,post_depay
1773673384469407778,34821821093,post_decode
1773673384504807254,34865283889,post_depay
1773673384516358420,34865750313,post_decode
1773673384543907638,34904604493,post_depay
1773673384552115540,34905037146,post_decode
1773673384591525419,34952071322,post_depay
1773673384599157732,34952525734,post_decode
1773673384622336770,34982954487,post_depay
1773673384634255023,34983390482,post_decode
1773673384666131358,35026987353,post_depay
1773673384674605962,35027283480,post_decode
1773673384705205986,35065713370,post_depay
1773673384716915311,35066339010,post_decode
1773673384746308299,35106954526,post_depay
1773673384756921182,35107356442,post_decode
1773673384786544210,35147018891,post_depay
1773673384798439356,35147506623,post_decode
1773673384824160115,35184688746,post_depay
1773673384832945549,35185315162,post_decode
1773673384864485763,35225279007,post_depay
1773673384876922023,35225590522,post_decode
1773673384907170331,35267981850,post_depay
1773673384918822363,35268316401,post_decode
1773673384937815148,35298414822,post_depay
1773673384948091773,35298799143,post_decode
1773673384983137765,35343361041,post_depay
1773673384991611918,35344228396,post_decode
1773673385026073952,35386954942,post_depay
1773673385039100391,35387228308,post_decode
1773673385082706292,35443584508,post_depay
1773673385092846007,35443844854,post_decode
1773673385118465906,35479124120,post_depay
1773673385129016750,35479531880,post_decode
1773673385151793943,35512558640,post_depay
1773673385162829778,35512931170,post_decode
1773673385184005462,35544542091,post_depay
1773673385195746708,35545182135,post_decode
1773673385248935629,35609250679,post_depay
1773673385256811580,35609777311,post_decode
1773673385261548250,35622607815,post_depay
1773673385270560104,35622805600,post_decode
1773673385306198150,35666688292,post_depay
1773673385318755394,35667325139,post_decode
1773673385366345033,35727089080,post_depay
1773673385375959187,35727388860,post_decode
1773673385401911142,35762988935,post_depay
1773673385411185217,35763149718,post_decode
1773673385421065990,35777239817,post_depay
1773673385430295865,35782273358,post_decode
1773673385463757769,35824205376,post_depay
1773673385475810914,35824702738,post_decode
1773673385504960484,35865664258,post_depay
1773673385515708675,35866089207,post_decode
1773673385549724114,35910247064,post_depay
1773673385559128230,35910609794,post_decode
1773673385577694138,35938267270,post_depay
1773673385588438743,35938623620,post_decode
1773673385623725347,35984174031,post_depay
1773673385635989648,35984619452,post_decode
1773673385768701694,36114270840,post_depay
1773673385786122177,36129136866,post_decode
1773673385787810592,36149108444,post_depay
1773673385790528391,36149162525,post_decode
1773673385791768894,36153084446,post_depay
1773673385794719591,36153120108,post_decode
1773673385795916210,36157210273,post_depay
1773673385798896224,36157268708,post_decode
1773673385824838756,36181904118,post_depay
1773673385833851687,36186089636,post_decode
1773673385862069603,36223051555,post_depay
1773673385869493782,36223285996,post_decode
1773673385905358966,36266200892,post_depay
1773673385912552273,36266455730,post_decode
1773673385963791295,36324223831,post_depay
1773673385974256276,36324575174,post_decode
1773673385976834609,36338072718,post_depay
1773673385982297675,36338140252,post_decode
1773673386021897917,36382513002,post_depay
1773673386032592843,36383093956,post_decode
1773673386075104523,36430264381,post_depay
1773673386082545291,36436204181,post_decode
1773673386109688640,36470223133,post_depay
1773673386120533220,36470577400,post_decode
1773673386137891149,36498709188,post_depay
1773673386149782683,36499048290,post_decode
1773673386183141266,36544243713,post_depay
1773673386189618966,36544399749,post_decode
1773673386233016460,36594023519,post_depay
1773673386243256495,36594252822,post_decode
1773673386266708665,36627306010,post_depay
1773673386277223298,36627618754,post_decode
1773673386301023348,36661432078,post_depay
1773673386311494306,36662143249,post_decode
1773673386343739801,36704728049,post_depay
1773673386352067080,36704970639,post_decode
1773673386391535227,36752204156,post_depay
1773673386402884277,36752575651,post_decode
1773673386426924535,36787802785,post_depay
1773673386438145047,36788054885,post_decode
1773673386475774897,36836358468,post_depay
1773673386482137582,36836757648,post_decode
1773673386518845631,36875438581,post_depay
1773673386530567790,36879935959,post_decode
1773673386544194835,36905201236,post_depay
1773673386553941854,36905415725,post_decode
1773673386589706544,36950354321,post_depay
1773673386600963081,36950763381,post_decode
1773673386624676360,36979045400,post_depay
1773673386632052766,36985621312,post_decode
1773673386669628323,37025333110,post_depay
1773673386681532177,37030725689,post_decode
1773673386707096656,37067556100,post_depay
1773673386717927385,37068214544,post_decode
1773673386752053914,37112269115,post_depay
1773673386760837012,37113191870,post_decode
1773673386783401015,37144131397,post_depay
1773673386794508974,37144509736,post_decode
1773673386843062604,37203284355,post_depay
1773673386855237029,37204079376,post_decode
1773673386880252015,37241020781,post_depay
1773673386887679567,37241381042,post_decode
1773673386920163829,37280576456,post_depay
1773673386927136379,37281274097,post_decode
1773673386947869826,37308863324,post_depay
1773673386957485796,37309059114,post_decode
1773673386987063019,37347583958,post_depay
1773673386994527679,37348222649,post_decode
1773673387025142063,37385619326,post_depay
1773673387034456374,37386264840,post_decode
1773673387067092282,37427231246,post_depay
1773673387076787813,37428202799,post_decode
1773673387098354635,37459113118,post_depay
1773673387110574832,37459469491,post_decode
1773673387143688087,37504106296,post_depay
1773673387151678889,37504563087,post_decode
1773673387201144399,37561960656,post_depay
1773673387209801273,37562255289,post_decode
1773673387232060532,37592809399,post_depay
1773673387241333673,37593180317,post_decode
1773673387282223310,37631664039,post_depay
1773673387292558032,37643375392,post_decode
1773673387310762163,37671734514,post_depay
1773673387323193442,37671962467,post_decode
1773673387345958681,37706496512,post_depay
1773673387357070629,37707121974,post_decode
1773673387394056291,37754916300,post_depay
1773673387402803831,37755220747,post_decode
1773673387418772846,37779601322,post_depay
1773673387428009488,37779944973,post_decode
1773673387465737529,37826466220,post_depay
1773673387477758119,37826827991,post_decode
1773673387513246084,37873753979,post_depay
1773673387524779505,37874365934,post_decode
1773673387551205226,37911515524,post_depay
1773673387560106874,37912322718,post_decode
1773673387580654311,37941132362,post_depay
1773673387591497791,37941731898,post_decode
1773673387626577787,37986901663,post_depay
1773673387639322554,37987558560,post_decode
1773673387730952504,38073764832,post_depay
1773673387752110386,38091554815,post_decode
1773673387754203671,38115506674,post_depay
1773673387757090037,38115541225,post_decode
1773673387758492040,38119786004,post_depay
1773673387761785941,38119831593,post_decode
1773673387778435418,38139513714,post_depay
1773673387785099643,38139663189,post_decode
1773673387831839740,38184220421,post_depay
1773673387843096040,38192580322,post_decode
1773673387866095574,38226726750,post_depay
1773673387873284704,38227273797,post_decode
1773673387910057088,38270519463,post_depay
1773673387921865610,38271185500,post_decode
1773673387943197612,38299902071,post_depay
1773673387953090804,38304344844,post_decode
1773673387983899136,38344670372,post_depay
1773673387994190845,38345054653,post_decode
1773673388029249867,38387048956,post_depay
1773673388038316418,38390405177,post_decode
1773673388071235467,38431752617,post_depay
1773673388079220566,38432365015,post_decode
1773673388109528769,38470273739,post_depay
1773673388119499321,38470665130,post_decode
1773673388146105879,38506410113,post_depay
1773673388156581596,38507220612,post_decode
1773673388191252437,38551800001,post_depay
1773673388203615379,38552354755,post_decode
1773673388236212919,38596964756,post_depay
1773673388247661484,38597321863,post_decode
1773673388260407463,38621322055,post_depay
1773673388267957843,38621612066,post_decode
1773673388310971300,38664458936,post_depay
1773673388321631477,38671792729,post_decode
1773673388346761978,38707231858,post_depay
1773673388354151741,38707679728,post_decode
1773673388392490982,38747897257,post_depay
1773673388402631614,38753561698,post_decode
1773673388427332626,38788027281,post_depay
1773673388436306350,38788434713,post_decode
1773673388464035462,38824622479,post_depay
1773673388473886472,38825203663,post_decode
1773673388507547631,38868391558,post_depay
1773673388518424402,38868683162,post_decode
1773673388552820930,38907927104,post_depay
1773673388563672309,38913695870,post_decode
1773673388580149779,38940894747,post_depay
1773673388588678244,38941270472,post_decode
1773673388624581542,38985100609,post_depay
1773673388632559209,38985499174,post_decode
1773673388681255870,39042094724,post_depay
1773673388690256196,39042372908,post_decode
1773673388713144891,39073994853,post_depay
1773673388720402183,39074287696,post_decode
1773673388756768743,39100157966,post_depay
1773673388768254536,39117700736,post_decode
1773673388809336876,39170063632,post_depay
1773673388821687217,39170390117,post_decode
1773673388857975229,39218364660,post_depay
1773673388869694391,39219121135,post_decode
1773673388871949190,39233195155,post_depay
1773673388877102656,39233264226,post_decode
1773673388900871009,39261599192,post_depay
1773673388911306277,39261999422,post_decode
1773673388977409303,39337521170,post_depay
1773673388984965332,39338418693,post_decode
1773673388987747272,39348947016,post_depay
1773673388994125584,39349039046,post_decode
1773673389029033666,39389910518,post_depay
1773673389041137124,39390162801,post_decode
1773673389059324256,39420078981,post_depay
1773673389067252426,39420430247,post_decode
1773673389126566572,39487185113,post_depay
1773673389139156033,39487534288,post_decode
1773673389146489856,39507491520,post_depay
1773673389156383070,39507722184,post_decode
1773673389189347339,39549973700,post_depay
1773673389201528703,39550423815,post_decode
1773673389224328808,39585062572,post_depay
1773673389234399705,39585421186,post_decode
1773673389276082484,39636544651,post_depay
1773673389283318643,39637224081,post_decode
1773673389310358040,39671088064,post_depay
1773673389320204418,39671475588,post_decode
1773673389349597948,39710068843,post_depay
1773673389361179305,39710488296,post_decode
1773673389387062844,39747740148,post_depay
1773673389395560987,39748232843,post_decode
1773673389444895721,39805325503,post_depay
1773673389455592695,39805749577,post_decode
1773673389466027029,39826995417,post_depay
1773673389474851741,39827229071,post_decode
1773673389509329640,39870073386,post_depay
1773673389520030393,39870404402,post_decode
1773673389539126610,39900117800,post_depay
1773673389549136572,39900313123,post_decode
1773673389586980413,39947265994,post_depay
1773673389600169352,39947797270,post_decode
1773673389633255699,39986999634,post_depay
1773673389644273402,39994408717,post_decode
1773673389731454605,40054581946,post_depay
1773673389747375964,40092341838,post_decode
1773673389749235801,40110551192,post_depay
1773673389752123895,40110578967,post_decode
1773673389753465926,40114771774,post_depay
1773673389756582724,40114807376,post_decode
1773673389783901629,40144953872,post_depay
1773673389791776038,40145151988,post_decode
1773673389843145963,40199688127,post_depay
1773673389853997820,40204266035,post_decode
1773673389871008186,40231764546,post_depay
1773673389881589077,40232133492,post_decode
1773673389909177959,40270012773,post_depay
1773673389921187289,40270320886,post_decode
1773673389948893270,40305031193,post_depay
1773673389958580660,40309803066,post_decode
1773673389985362282,40346088355,post_depay
1773673389995604113,40346474556,post_decode
1773673390026066490,40386760436,post_depay
1773673390037190023,40387236243,post_decode
1773673390073585121,40434351838,post_depay
1773673390084621603,40434610387,post_decode
1773673390101677748,40462519653,post_depay
1773673390111931315,40462838229,post_decode
1773673390146073712,40506586715,post_depay
1773673390157722939,40507203292,post_decode
1773673390192560241,40553226202,post_depay
1773673390203794944,40553596203,post_decode
1773673390230765949,40591516458,post_depay
1773673390241287169,40591881892,post_decode
1773673390261678537,40622508306,post_depay
1773673390272810424,40622858274,post_decode
1773673390306303108,40667015139,post_depay
1773673390317738987,40667369628,post_decode
1773673390354941485,40715292522,post_depay
1773673390366652161,40715765389,post_decode
1773673390393575563,40754123695,post_depay
1773673390401327189,40754509805,post_decode
1773673390423459576,40780287861,post_depay
1773673390432256538,40784510353,post_decode
1773673390471338235,40831726299,post_depay
1773673390478691365,40832395071,post_decode
1773673390513941216,40869203199,post_depay
1773673390521179574,40874758748,post_decode
1773673390548064310,40908603158,post_depay
1773673390556374210,40909219327,post_decode
1773673390598927565,40959773883,post_depay
1773673390610286865,40960104096,post_decode
1773673390634021598,40994581737,post_depay
1773673390645360098,40995200827,post_decode
1773673390666979029,41027498370,post_depay
1773673390677407206,41028141851,post_decode
1773673390713330209,41074000782,post_depay
1773673390721424960,41074377592,post_decode
1773673390741956717,41102917574,post_depay
1773673390753866050,41103139289,post_decode
1773673390804151099,41164352925,post_depay
1773673390815983440,41165245825,post_decode
1773673390841162594,41201441883,post_depay
1773673390852558607,41202277702,post_decode
1773673390874121392,41232059560,post_depay
1773673390882594310,41235242723,post_decode
1773673390903913893,41260563485,post_depay
1773673390915884261,41265005644,post_decode
1773673390945187221,41305911642,post_depay
1773673390955695123,41306302878,post_decode
1773673390987573379,41348281851,post_depay
1773673390998906996,41348727893,post_decode
1773673391037377760,41398034553,post_depay
1773673391047920952,41398418995,post_decode
1773673391067722357,41419969276,post_depay
1773673391077580973,41428824686,post_decode
1773673391105023304,41465950416,post_depay
1773673391115296365,41466168039,post_decode
1773673391147397835,41508087556,post_depay
1773673391158933461,41508501147,post_decode
1773673391190058530,41550934410,post_depay
1773673391199077444,41551222048,post_decode
1773673391223224944,41580895085,post_depay
1773673391235092014,41584279282,post_decode
1773673391266060976,41626702275,post_depay
1773673391276623994,41627223650,post_decode
1773673391315099363,41671717350,post_depay
1773673391324338140,41676186559,post_decode
1773673391349059021,41709981769,post_depay
1773673391358185028,41710233393,post_decode
1773673391387599116,41748405531,post_depay
1773673391395339526,41748749465,post_decode
1773673391425635781,41786400813,post_depay
1773673391436452616,41786777476,post_decode
1773673391468034605,41828335024,post_depay
1773673391475948590,41829173150,post_decode
1773673391509410321,41869972044,post_depay
1773673391518991259,41870400140,post_decode
1773673391539744510,41900418719,post_depay
1773673391549127651,41900875220,post_decode
1773673391595736146,41952059612,post_depay
1773673391604408510,41956523761,post_decode
1773673391629890202,41990737005,post_depay
1773673391640476898,41991030986,post_decode
1773673391726197779,42063526494,post_depay
1773673391747895772,42087121114,post_decode
1773673391750150496,42111409040,post_depay
1773673391754112798,42111475381,post_decode
1773673391755902993,42117132999,post_depay
1773673391761554789,42117219927,post_decode
1773673391790746164,42144528879,post_depay
1773673391799325303,42151563643,post_decode
1773673391825643912,42186332921,post_depay
1773673391834767932,42186738406,post_decode
1773673391869832619,42230374841,post_depay
1773673391880402643,42230764062,post_decode
1773673391916157844,42276712587,post_depay
1773673391926956194,42277303131,post_decode
1773673391946364847,42303044260,post_depay
1773673391957831971,42307461213,post_decode
1773673391993728067,42354250627,post_depay
1773673392005010462,42354671635,post_decode
1773673392029947581,42390393360,post_depay
1773673392038762289,42391117630,post_decode
1773673392070429073,42431273152,post_depay
1773673392080792284,42431536097,post_decode
1773673392100209940,42461046602,post_depay
1773673392110742705,42461361056,post_decode
1773673392148941377,42505586454,post_depay
1773673392158631831,42510073878,post_decode
1773673392194072614,42546967797,post_depay
1773673392205219702,42555191796,post_decode
1773673392237340482,42591737205,post_depay
1773673392247037910,42598392577,post_decode
1773673392265154232,42622016604,post_depay
1773673392276564094,42626279833,post_decode
1773673392311067036,42671501807,post_depay
1773673392322778520,42672214667,post_decode
1773673392347868532,42708614004,post_depay
1773673392358903724,42709025471,post_decode
1773673392389849169,42750547485,post_depay
1773673392399730673,42750968971,post_decode
1773673392428636526,42789419461,post_depay
1773673392438685386,42789789932,post_decode
1773673392464335648,42825187545,post_depay
1773673392473737626,42825474447,post_decode
1773673392507188053,42867962008,post_depay
1773673392516030646,42868276368,post_decode
1773673392549397509,42910044021,post_depay
1773673392558647248,42910419215,post_decode
1773673392578798252,42939664477,post_depay
1773673392587776352,42939956756,post_decode
1773673392624831238,42985428552,post_depay
1773673392631569432,42985759677,post_decode
1773673392676038236,43032665732,post_depay
1773673392687248413,43037162787,post_decode
1773673392720166884,43080665994,post_depay
1773673392730868963,43081285862,post_decode
1773673392770299010,43115277213,post_depay
1773673392781380870,43131340518,post_decode
1773673392783968359,43145214965,post_depay
1773673392789362120,43145276845,post_decode
1773673392845191323,43185705433,post_depay
1773673392856207005,43206301648,post_decode
1773673392867174688,43228087658,post_depay
1773673392875505292,43228333019,post_decode
1773673392938318725,43271952577,post_depay
1773673392945527409,43299347964,post_decode
1773673392947726019,43308945562,post_depay
1773673392953455300,43309020939,post_decode
1773673392985152861,43345680786,post_depay
1773673392992548297,43346268138,post_decode
1773673393030092615,43390461530,post_depay
1773673393042793340,43391141918,post_decode
1773673393069998286,43430350582,post_depay
1773673393078729875,43431134295,post_decode
1773673393120238419,43480819120,post_depay
1773673393133883481,43481310895,post_decode
1773673393141028142,43502112707,post_depay
1773673393149855931,43502294592,post_decode
1773673393187375300,43548006299,post_depay
1773673393198350685,43548406689,post_decode
1773673393235236983,43596048637,post_depay
1773673393245097333,43596355188,post_decode
1773673393270332848,43630784775,post_depay
1773673393282562076,43631406031,post_decode
1773673393302426396,43662987234,post_depay
1773673393314942743,43663502823,post_decode
1773673393359154041,43719371261,post_depay
1773673393371144175,43720260466,post_decode
1773673393389451384,43749983154,post_depay
1773673393399080583,43750520055,post_decode
1773673393432645719,43793180925,post_depay
1773673393442566634,43793715598,post_decode
1773673393474660297,43825693259,post_depay
1773673393483562153,43835491120,post_decode
1773673393510197618,43870954846,post_depay
1773673393523282950,43871300258,post_decode
1773673393552948648,43908218288,post_depay
1773673393563970066,43914050757,post_decode
1773673393597750790,43958231177,post_depay
1773673393605566753,43958714349,post_decode
1773673393621601193,43982481990,post_depay
1773673393632002790,43982796737,post_decode
1773673393733943385,44051944276,post_depay
1773673393749502166,44094910476,post_decode
1773673393751328507,44112646201,post_depay
1773673393754146769,44112670812,post_decode
1773673393755513454,44116814878,post_depay
1773673393758947060,44116851391,post_decode
1773673393789497741,44150248172,post_depay
1773673393800670974,44150600440,post_decode
1773673393832184006,44193022161,post_depay
1773673393843144484,44193335383,post_decode
1773673393870363902,44231126532,post_depay
1773673393881035864,44231455768,post_decode
1773673393904817045,44265301699,post_depay
1773673393914542841,44265746725,post_decode
1773673393948680798,44309311436,post_depay
1773673393958294400,44309778418,post_decode
1773673393988221321,44348666725,post_depay
1773673393999192418,44349313869,post_decode
1773673394040098367,44391720752,post_depay
1773673394052067841,44401112164,post_decode
1773673394062004074,44422926881,post_depay
1773673394071419767,44423180261,post_decode
1773673394122236578,44483027317,post_depay
1773673394129197491,44483334373,post_decode
1773673394147539462,44508219642,post_depay
1773673394158534891,44508583272,post_decode
1773673394191902853,44552300190,post_depay
1773673394199000888,44552950606,post_decode
1773673394224455843,44585060192,post_depay
1773673394233669443,44585503968,post_decode
1773673394266168551,44626944119,post_depay
1773673394278016265,44627311152,post_decode
1773673394309304881,44669591966,post_depay
1773673394317084017,44670391972,post_decode
1773673394349304760,44709911473,post_depay
1773673394358375046,44710372764,post_decode
1773673394388020383,44748895716,post_depay
1773673394400096871,44749179667,post_decode
1773673394447169439,44807975000,post_depay
1773673394458544170,44808280239,post_decode
1773673394468796829,44829760659,post_depay
1773673394475882313,44830063236,post_decode
1773673394510341129,44871021677,post_depay
1773673394522548308,44871419299,post_decode
1773673394559347758,44919975430,post_depay
1773673394569575895,44920385234,post_decode
1773673394591095452,44951838594,post_depay
1773673394603942071,44952255125,post_decode
1773673394652172373,45012433734,post_depay
1773673394664023518,45013276715,post_decode
1773673394670407769,45031517700,post_depay
1773673394681030828,45031684623,post_decode
1773673394705707195,45066190320,post_depay
1773673394717457108,45066795470,post_decode
1773673394747149583,45107681925,post_depay
1773673394759994093,45108309356,post_decode
1773673394787864252,45148420779,post_depay
1773673394800223847,45148947657,post_decode
1773673394833827959,45191115514,post_depay
1773673394844478163,45194910397,post_decode
1773673394862692832,45223390122,post_depay
1773673394873610951,45223786200,post_decode
1773673394908186870,45268944301,post_depay
1773673394917169847,45269324882,post_decode
1773673394950065320,45310579247,post_depay
1773673394961865082,45311227559,post_decode
1773673394992745581,45353171006,post_depay
1773673395004660785,45353618363,post_decode
1773673395028688587,45389435775,post_depay
1773673395036357871,45389837248,post_decode
1773673395069929465,45430603850,post_depay
1773673395081137302,45431056506,post_decode
1773673395109656081,45470149161,post_depay
1773673395118836706,45470547329,post_decode
1773673395166981901,45512670530,post_depay
1773673395176915559,45528051461,post_decode
1773673395182675014,45543595195,post_depay
1773673395190503040,45543954975,post_decode
1773673395233150851,45593982147,post_depay
1773673395245058976,45594280956,post_decode
1773673395269353419,45630013630,post_depay
1773673395279986045,45630418781,post_decode
1773673395312096527,45672530225,post_depay
1773673395321465422,45673232195,post_decode
1773673395349586835,45705688124,post_depay
1773673395357529397,45710731078,post_decode
1773673395389245585,45749971381,post_depay
1773673395398227810,45750386891,post_decode
1773673395445112089,45805941840,post_depay
1773673395457806432,45806246417,post_decode
1773673395481201884,45832409476,post_depay
1773673395489833562,45842289455,post_decode
1773673395501605419,45862385023,post_depay
1773673395514181795,45862747346,post_decode
1773673395547628326,45908106240,post_depay
1773673395560034258,45908525802,post_decode
1773673395595398756,45952001174,post_depay
1773673395604455640,45956462767,post_decode
1773673395633856918,45991479368,post_depay
1773673395641948306,45994945237,post_decode
1773673395694319718,46046377293,post_depay
1773673395706381147,46055326719,post_decode
1773673395709653838,46070919958,post_depay
1773673395713660343,46070980302,post_decode
1773673395749159793,46109982607,post_depay
1773673395759397913,46110263050,post_decode
1773673395782862304,46142001059,post_depay
1773673395791147643,46143979344,post_decode
1773673395826249408,46187119309,post_depay
1773673395834089362,46187387230,post_decode
1773673395868380636,46229080572,post_depay
1773673395875978685,46229426489,post_decode
1773673395912452981,46273071236,post_depay
1773673395922635687,46273497945,post_decode
1773673395945049091,46303718487,post_depay
1773673395954849211,46306169258,post_decode
1773673395987030960,46347619883,post_depay
1773673395996005157,46348203455,post_decode
1773673396035666176,46390414934,post_depay
1773673396045760333,46396691810,post_decode
1773673396070084656,46430552320,post_depay
1773673396080455150,46431251169,post_decode
1773673396114398949,46475050947,post_depay
1773673396123351550,46475437386,post_decode
1773673396149062214,46509604535,post_depay
1773673396157311278,46510126568,post_decode
1773673396217829285,46549899498,post_depay
1773673396227454754,46578699410,post_decode
1773673396232493189,46591044280,post_depay
1773673396239735991,46593753013,post_decode
1773673396272198170,46632894227,post_depay
1773673396286434649,46633283382,post_decode
1773673396320948318,46667029385,post_depay
1773673396329198371,46681755336,post_decode
1773673396361180185,46721752818,post_depay
1773673396374524680,46722340533,post_decode
1773673396395531030,46756148268,post_depay
1773673396405764690,46756586600,post_decode
1773673396462419383,46823113366,post_depay
1773673396471422341,46823418406,post_decode
1773673396473345731,46834525585,post_depay
1773673396479172147,46834610196,post_decode
1773673396508799769,46868207475,post_depay
1773673396522913697,46869915751,post_decode
