wall_time,cam_index,decoder_ms,dropped
15:47:46.304,1,18.9632,0
15:47:54.180,0,14.4225,0
15:48:06.253,2,19.7623,0
15:48:06.255,0,208.2683,295
15:48:06.257,1,213.8463,479
15:48:06.280,2,4.2104,0
15:48:06.284,2,3.8381,0
15:48:06.290,2,4.8203,0
15:48:06.297,2,6.8118,0
15:48:06.301,1,22.0894,0
15:48:06.302,2,4.5951,0
15:48:06.306,0,21.6261,0
15:48:06.307,1,5.0753,0
15:48:06.312,0,3.7738,0
15:48:06.314,1,6.2250,0
15:48:06.317,0,4.4593,0
15:48:06.321,1,5.7731,0
15:48:06.321,2,6.4099,0
15:48:06.327,0,9.3409,0
15:48:06.333,0,3.0668,0
15:48:06.349,1,3.3181,0
15:48:06.352,2,5.4862,0
15:48:06.374,0,4.0150,0
15:48:06.390,1,3.4348,0
15:48:06.397,2,5.4048,0
15:48:06.409,0,3.2479,0
15:48:06.446,1,3.6199,0
15:48:06.447,2,4.2918,0
15:48:06.452,0,6.6043,0
15:48:06.468,2,3.3752,0
15:48:06.469,1,3.5237,0
15:48:06.501,0,3.3953,0
15:48:06.508,1,2.8917,0
15:48:06.513,2,4.6168,0
15:48:06.521,0,3.4843,0
15:48:06.557,1,3.3557,0
15:48:06.562,2,4.7430,0
15:48:06.567,0,5.0849,0
15:48:06.591,1,2.9672,0
15:48:06.610,2,4.1474,0
15:48:06.610,0,3.9950,0
15:48:06.629,1,3.1362,0
15:48:06.629,2,3.3012,0
15:48:06.668,0,3.2792,0
15:48:06.673,2,4.8006,0
15:48:06.673,1,4.9202,0
15:48:06.686,0,3.6024,0
15:48:06.728,2,4.0471,0
15:48:06.728,1,4.0098,0
15:48:06.731,0,4.9369,0
15:48:06.761,2,4.4057,0
15:48:06.761,1,4.4191,0
15:48:06.812,1,3.2040,0
15:48:06.812,0,3.0592,0
15:48:06.822,2,3.6320,0
15:48:06.823,0,3.4866,0
15:48:06.830,2,3.4908,0
15:48:06.831,1,4.1502,0
15:48:06.842,0,3.8233,0
15:48:06.886,1,3.3584,0
15:48:06.887,2,3.2951,0
15:48:06.890,0,4.2301,0
15:48:06.913,1,3.2846,0
15:48:06.913,2,3.4276,0
15:48:06.944,0,2.9794,0
15:48:06.945,1,3.6630,0
15:48:06.950,2,5.0435,0
15:48:06.973,0,3.9362,0
15:48:06.998,1,2.8934,0
15:48:06.998,2,3.0559,0
15:48:07.004,0,5.2941,0
15:48:07.028,1,3.0711,0
15:48:07.033,2,4.6447,0
15:48:07.047,0,2.9117,0
15:48:07.094,1,3.0398,0
15:48:07.095,2,3.3901,0
15:48:07.104,1,3.5747,0
15:48:07.108,2,5.0581,0
15:48:07.229,1,2.9982,0
15:48:07.230,2,3.8037,0
15:48:07.236,1,5.4404,0
15:48:07.237,2,5.8629,0
15:48:07.243,1,6.2668,0
15:48:07.244,2,4.2818,0
15:48:07.252,0,23.0960,0
15:48:07.256,0,3.8538,0
15:48:07.262,0,5.2308,0
15:48:07.267,0,4.7191,0
15:48:07.268,1,4.5751,0
15:48:07.276,2,2.9998,0
15:48:07.290,0,3.6692,0
15:48:07.309,1,3.5184,0
15:48:07.312,2,3.5483,0
15:48:07.330,0,2.8068,0
15:48:07.350,1,2.8473,0
15:48:07.353,2,4.0526,0
15:48:07.362,0,3.7342,0
15:48:07.395,1,4.1944,0
15:48:07.395,2,4.0665,0
15:48:07.408,0,3.6360,0
15:48:07.457,1,3.2718,0
15:48:07.460,2,5.1282,0
15:48:07.460,0,4.6403,0
15:48:07.471,1,3.3384,0
15:48:07.471,2,3.4871,0
15:48:07.504,0,3.6729,0
15:48:07.511,1,3.6003,0
15:48:07.514,2,4.4841,0
15:48:07.524,0,3.5649,0
15:48:07.553,1,3.1414,0
15:48:07.554,2,3.1680,0
15:48:07.577,0,3.6479,0
15:48:07.584,1,3.4966,0
15:48:07.586,2,4.4396,0
15:48:07.609,0,3.0650,0
15:48:07.641,1,3.7206,0
15:48:07.643,2,4.0680,0
15:48:07.651,0,2.7784,0
15:48:07.674,1,3.4588,0
15:48:07.703,0,3.8669,0
15:48:07.704,2,4.5757,0
15:48:07.712,1,3.3222,0
15:48:07.715,2,3.5073,0
15:48:07.726,0,3.7622,0
15:48:07.750,1,3.3239,0
15:48:07.750,2,3.5015,0
15:48:07.770,0,3.7869,0
15:48:07.801,2,3.1282,0
15:48:07.801,1,3.3698,0
15:48:07.817,0,3.0354,0
15:48:07.833,1,3.2929,0
15:48:07.835,2,3.5298,0
15:48:07.853,0,3.3080,0
15:48:07.876,1,3.5753,0
15:48:07.876,2,3.8693,0
15:48:07.881,0,3.2716,0
15:48:07.917,1,3.3927,0
15:48:07.917,2,3.5225,0
15:48:07.924,0,3.3656,0
15:48:07.951,1,2.9414,0
15:48:07.956,2,4.5413,0
15:48:07.969,0,3.6450,0
15:48:07.992,1,3.7092,0
15:48:07.993,2,3.6884,0
15:48:08.010,0,3.7822,0
15:48:08.050,2,3.2799,0
15:48:08.050,1,3.5291,0
15:48:08.054,0,4.1510,0
15:48:08.268,2,19.2474,0
15:48:08.312,1,18.8002,0
15:48:08.316,2,4.4161,0
15:48:08.328,0,17.6206,0
15:48:08.331,0,2.8104,0
15:48:08.346,2,3.8751,0
15:48:08.346,1,3.5001,0
15:48:08.353,1,3.7576,0
15:48:08.353,2,3.3778,0
15:48:08.357,0,6.3329,0
15:48:08.360,1,6.6700,0
15:48:08.360,2,6.7728,0
15:48:08.364,0,6.4713,0
15:48:08.367,1,5.3379,0
15:48:08.367,2,5.3637,0
15:48:08.370,0,5.8074,0
15:48:08.373,1,5.7016,0
15:48:08.375,0,4.2958,0
15:48:08.395,1,3.0260,0
15:48:08.395,2,2.9981,0
15:48:08.411,0,3.9917,0
15:48:08.423,1,3.2268,0
15:48:08.524,2,3.6154,0
15:48:08.525,0,4.2206,0
15:48:08.528,1,6.4290,0
15:48:08.532,0,6.6576,0
15:48:08.532,2,6.7471,0
15:48:08.536,1,7.4043,0
15:48:08.539,0,5.5469,0
15:48:08.539,2,5.6713,0
15:48:08.552,2,2.9017,0
15:48:08.556,1,3.7524,0
15:48:08.580,0,3.4385,0
15:48:08.584,1,3.3185,0
15:48:08.594,2,3.0019,0
15:48:08.609,0,3.9708,0
15:48:08.631,2,3.5536,0
15:48:08.633,1,4.3929,0
15:48:08.650,0,3.3533,0
15:48:08.675,1,3.5700,0
15:48:08.676,2,4.0171,0
15:48:08.705,0,3.1249,0
15:48:08.712,2,3.6031,0
15:48:08.715,1,3.9902,0
15:48:08.721,0,3.1177,0
15:48:08.774,1,4.3728,0
15:48:08.777,2,4.1695,0
15:48:08.777,0,4.3229,0
15:48:08.790,1,3.5386,0
15:48:08.794,2,3.9804,0
15:48:08.807,0,3.0016,0
15:48:08.834,2,3.8573,0
15:48:08.837,1,4.1137,0
15:48:08.854,0,2.8263,0
15:48:08.884,2,3.2923,0
15:48:08.887,1,4.0256,0
15:48:08.891,0,4.0318,0
15:48:08.903,1,2.9041,0
15:48:08.912,2,4.4431,0
15:48:08.921,0,2.7314,0
15:48:08.949,1,3.5119,0
15:48:08.957,2,2.9752,0
15:48:08.961,0,2.7839,0
15:48:08.993,2,3.3147,0
15:48:08.996,1,3.5725,0
15:48:09.008,0,3.3321,0
15:48:09.031,2,3.0902,0
15:48:09.047,1,3.0648,0
15:48:09.051,0,4.1199,0
15:48:09.065,1,3.3899,0
15:48:09.070,2,3.1362,0
15:48:09.122,1,3.4132,0
15:48:09.122,2,3.2862,0
15:48:09.178,2,3.3448,0
15:48:09.188,1,3.9930,0
15:48:09.198,2,3.7488,0
15:48:09.198,1,3.6084,0
15:48:09.203,0,19.6320,0
15:48:09.208,0,4.1071,0
15:48:09.213,0,4.4471,0
15:48:09.217,0,4.0417,0
15:48:09.237,1,3.1480,0
15:48:09.239,2,3.8277,0
15:48:09.256,0,4.1454,0
15:48:09.272,1,3.6241,0
15:48:09.274,2,4.7370,0
15:48:09.291,0,2.8506,0
15:48:09.327,2,3.3715,0
15:48:09.328,0,3.8443,0
15:48:09.331,1,7.3881,0
15:48:09.354,1,3.5034,0
15:48:09.354,2,3.2837,0
15:48:09.371,0,3.8249,0
15:48:09.402,1,3.4266,0
15:48:09.405,2,3.7650,0
15:48:09.410,0,3.3251,0
15:48:09.430,1,3.4097,0
15:48:09.435,2,3.9221,0
15:48:09.454,0,3.3172,0
15:48:09.467,2,3.2301,0
15:48:09.472,1,3.4619,0
15:48:09.491,0,3.5813,0
15:48:09.521,2,3.4867,0
15:48:09.526,1,3.7414,0
15:48:09.526,0,3.7963,0
15:48:09.552,2,3.2636,0
15:48:09.569,0,2.9901,0
15:48:09.569,1,3.2522,0
15:48:09.589,1,3.3142,0
15:48:09.593,2,3.5584,0
15:48:09.616,0,3.6455,0
15:48:09.626,2,3.3025,0
15:48:09.631,1,4.5286,0
15:48:09.650,0,3.5038,0
15:48:09.686,2,3.1365,0
15:48:09.686,1,3.0959,0
15:48:09.693,0,5.6934,0
15:48:09.712,1,3.1568,0
15:48:09.713,2,3.3127,0
15:48:09.786,1,3.4342,0
15:48:09.786,2,3.6311,0
15:48:09.786,0,4.0766,0
15:48:09.794,0,6.8681,0
15:48:09.794,1,7.1525,0
15:48:09.794,2,7.4734,0
15:48:09.810,0,3.6367,0
15:48:09.842,2,3.5967,0
15:48:09.844,1,4.2510,0
15:48:09.849,0,3.8491,0
15:48:09.872,1,3.5572,0
15:48:09.872,2,3.8988,0
15:48:09.896,0,3.5540,0
15:48:09.906,1,4.4195,0
15:48:09.914,2,3.1678,0
15:48:09.921,0,2.8352,0
15:48:09.951,2,2.9544,0
15:48:09.958,1,2.9335,0
15:48:09.965,0,3.6198,0
15:48:09.995,1,3.9269,0
15:48:09.995,2,4.2372,0
15:48:10.020,0,3.5318,0
15:48:10.034,1,3.8725,0
15:48:10.034,2,3.9111,0
15:48:10.049,0,3.7152,0
15:48:10.337,2,18.2540,0
15:48:10.341,2,3.7041,0
15:48:10.346,2,4.1236,0
15:48:10.365,2,4.2200,0
15:48:10.371,1,18.9829,0
15:48:10.372,0,16.3386,0
15:48:10.374,2,4.1915,0
15:48:10.377,0,4.7560,0
15:48:10.378,1,5.6679,0
15:48:10.382,2,7.2648,0
15:48:10.384,0,6.1964,0
15:48:10.385,1,6.5461,0
15:48:10.391,0,5.9496,0
15:48:10.391,1,5.6886,0
15:48:10.397,0,5.1949,0
15:48:10.397,1,5.7200,0
15:48:10.403,1,4.3272,0
15:48:10.403,2,4.2614,0
15:48:10.406,0,5.9950,0
15:48:10.428,1,3.2007,0
15:48:10.434,2,3.8118,0
15:48:10.451,0,3.4620,0
15:48:10.471,2,3.6188,0
15:48:10.473,1,4.4714,0
15:48:10.491,0,3.6018,0
15:48:10.513,2,3.3354,0
15:48:10.516,1,4.6932,0
15:48:10.532,0,3.5204,0
15:48:10.561,1,3.0326,0
15:48:10.564,2,3.2757,0
15:48:10.572,0,3.5471,0
15:48:10.588,1,3.2149,0
15:48:10.610,0,3.4882,0
15:48:10.610,2,3.8244,0
15:48:10.631,1,3.2422,0
15:48:10.631,2,3.2636,0
15:48:10.651,0,3.6440,0
15:48:10.676,1,3.2861,0
15:48:10.676,2,3.3799,0
15:48:10.690,0,3.7815,0
15:48:10.713,1,3.1281,0
15:48:10.715,2,3.0248,0
15:48:10.731,0,3.7870,0
15:48:10.749,1,3.3805,0
15:48:10.778,0,3.0442,0
15:48:10.778,2,3.1583,0
15:48:10.786,2,3.1502,0
15:48:10.798,1,3.8050,0
15:48:10.808,0,3.6045,0
15:48:10.832,2,3.3260,0
15:48:10.837,1,3.2203,0
15:48:10.850,0,3.8485,0
15:48:10.865,1,3.3321,0
15:48:10.883,2,3.1145,0
15:48:10.891,0,4.0051,0
15:48:10.910,1,3.7369,0
15:48:10.915,2,5.1348,0
15:48:10.945,0,3.5518,0
15:48:10.947,2,4.1805,0
15:48:10.953,1,4.6352,0
15:48:10.964,0,4.0048,0
15:48:10.994,2,3.4681,0
15:48:10.997,1,4.0748,0
15:48:11.008,0,3.4744,0
15:48:11.026,1,2.8225,0
15:48:11.031,2,3.2207,0
15:48:11.049,0,3.2579,0
15:48:11.096,1,3.2166,0
15:48:11.098,2,2.9371,0
15:48:11.110,2,3.9679,0
15:48:11.114,1,4.6848,0
15:48:11.220,2,4.2426,0
15:48:11.221,1,5.0044,0
15:48:11.227,1,4.8308,0
15:48:11.227,2,4.7857,0
15:48:11.234,1,6.2315,0
15:48:11.237,0,19.0424,0
15:48:11.240,2,3.8639,0
15:48:11.240,0,3.2043,0
15:48:11.245,0,4.4795,0
15:48:11.250,0,3.2146,0
15:48:11.287,2,2.9972,0
15:48:11.290,1,5.4525,0
15:48:11.292,0,5.4267,0
15:48:11.314,1,3.6481,0
15:48:11.317,2,6.0649,0
15:48:11.331,0,2.9369,0
15:48:11.367,1,3.9327,0
15:48:11.367,2,4.1908,0
15:48:11.375,0,3.8846,0
15:48:11.392,1,3.5581,0
15:48:11.396,2,4.1358,0
15:48:11.414,0,3.8232,0
15:48:11.426,2,3.6073,0
15:48:11.431,1,2.9074,0
15:48:11.447,0,3.4530,0
15:48:11.495,2,3.5590,0
15:48:11.495,1,3.5664,0
15:48:11.495,0,3.1383,0
15:48:11.520,2,3.4426,0
15:48:11.520,1,3.5042,0
15:48:11.545,0,2.9804,0
15:48:11.549,1,3.9972,0
15:48:11.554,2,3.1311,0
15:48:11.574,0,3.8276,0
15:48:11.608,2,3.6303,0
15:48:11.610,1,5.1784,0
15:48:11.612,0,3.5482,0
15:48:11.632,1,3.1462,0
15:48:11.633,2,3.1860,0
15:48:11.661,0,3.1935,0
15:48:11.675,1,4.2622,0
15:48:11.675,2,4.3079,0
15:48:11.696,0,2.5690,0
15:48:11.739,1,3.9413,0
15:48:11.744,0,4.3467,0
15:48:11.744,2,4.8483,0
15:48:11.750,1,5.6635,0
15:48:11.753,2,3.1637,0
15:48:11.786,0,3.4648,0
15:48:11.793,2,3.1740,0
15:48:11.793,1,3.4622,0
15:48:11.803,0,2.9593,0
15:48:11.835,1,3.1152,0
15:48:11.836,2,3.2238,0
15:48:11.844,0,3.1418,0
15:48:11.867,1,2.9963,0
15:48:11.884,2,4.5144,0
15:48:11.889,0,3.3363,0
15:48:11.910,1,2.8939,0
15:48:11.916,2,4.8241,0
15:48:11.936,0,3.3545,0
15:48:11.950,1,3.1245,0
15:48:11.955,2,3.9092,0
15:48:11.973,0,3.3418,0
15:48:11.990,2,3.1344,0
15:48:11.999,1,2.9434,0
15:48:12.005,0,3.1317,0
15:48:12.026,1,2.8860,0
15:48:12.048,2,4.1508,0
15:48:12.050,0,3.6816,0
15:48:12.319,0,16.8628,0
15:48:12.324,0,4.7769,0
15:48:12.357,0,3.6200,0
15:48:12.362,0,4.2786,0
15:48:12.365,1,21.2970,0
15:48:12.368,0,5.7735,0
15:48:12.371,1,4.8004,0
15:48:12.374,0,5.5178,0
15:48:12.376,1,4.8750,0
15:48:12.382,1,5.0517,0
15:48:12.387,1,4.5593,0
15:48:12.393,1,5.6239,0
15:48:12.411,0,3.1995,0
15:48:12.429,1,3.1413,0
15:48:12.454,0,3.4525,0
15:48:12.474,1,3.1556,0
15:48:12.489,0,3.3380,0
15:48:12.515,1,2.7763,0
15:48:12.531,0,3.4549,0
15:48:12.547,1,2.9439,0
15:48:12.573,0,3.0678,0
15:48:12.596,1,3.9828,0
15:48:12.603,0,3.4937,0
15:48:12.649,1,3.3652,0
15:48:12.653,0,3.6815,0
15:48:12.675,1,2.6495,0
15:48:12.691,0,3.4023,0
15:48:12.710,1,3.5209,0
15:48:12.731,0,3.7171,0
15:48:12.761,1,3.7137,0
15:48:12.773,0,3.1550,0
15:48:12.792,1,3.7227,0
15:48:12.821,0,2.7616,0
15:48:12.836,1,4.2714,0
15:48:12.849,0,3.4226,0
15:48:12.875,1,3.5079,0
15:48:12.891,0,3.4767,0
15:48:12.905,1,3.1542,0
15:48:12.934,0,3.4488,0
15:48:12.952,1,3.3243,0
15:48:12.981,0,3.4741,0
15:48:12.992,1,3.2719,0
15:48:13.003,0,2.9180,0
15:48:13.043,1,3.4091,0
15:48:13.054,0,2.8200,0
15:48:13.073,1,3.0160,0
15:48:13.106,1,3.5003,0
15:48:13.198,1,3.2406,0
15:48:13.204,1,5.3836,0
15:48:13.211,0,18.2281,0
15:48:13.215,0,3.1657,0
15:48:13.219,0,3.8535,0
15:48:13.235,0,3.6543,0
15:48:13.241,1,3.5871,0
15:48:13.247,0,4.9059,0
15:48:13.275,1,3.2878,0
15:48:13.289,0,3.8315,0
15:48:13.307,1,3.6234,0
15:48:13.330,0,3.2708,0
15:48:13.348,1,3.9567,0
15:48:13.372,0,3.8257,0
15:48:13.394,1,3.7303,0
15:48:13.422,0,3.9006,0
15:48:13.440,1,3.9052,0
15:48:13.449,0,3.4001,0
15:48:13.474,1,3.0447,0
15:48:13.486,0,3.5427,0
15:48:13.510,1,3.2504,0
15:48:13.531,0,3.3468,0
15:48:13.555,1,4.0350,0
15:48:13.625,1,3.7408,0
15:48:13.625,0,3.9450,0
15:48:13.632,0,6.1509,0
15:48:13.637,1,5.0599,0
15:48:13.643,0,2.7653,0
15:48:13.679,1,3.4303,0
15:48:13.689,0,3.4038,0
15:48:13.713,1,4.0826,0
15:48:13.734,0,2.6457,0
15:48:13.752,1,3.2267,0
15:48:13.781,0,3.4204,0
15:48:13.793,1,3.0882,0
15:48:13.814,0,3.0005,0
15:48:13.840,1,3.7174,0
15:48:13.846,0,2.8830,0
15:48:13.871,1,3.4514,0
15:48:13.889,0,3.2070,0
15:48:13.910,1,3.6591,0
15:48:13.938,0,3.1057,0
15:48:13.953,1,2.9646,0
15:48:13.975,0,3.7547,0
15:48:14.000,1,3.1492,0
15:48:14.005,0,3.6528,0
15:48:14.027,1,3.1725,0
15:48:14.030,2,4.6654,46
15:48:14.049,0,3.3336,0
15:48:14.315,2,18.4039,0
15:48:14.319,2,3.4740,0
15:48:14.326,2,5.5140,0
15:48:14.338,0,22.1142,0
15:48:14.342,0,3.3717,0
15:48:14.344,1,28.6369,0
15:48:14.347,2,5.9589,0
15:48:14.347,0,5.5519,0
15:48:14.351,1,5.5462,0
15:48:14.353,0,5.8129,0
15:48:14.356,1,4.6304,0
15:48:14.359,0,5.2370,0
15:48:14.362,2,4.4811,0
15:48:14.362,1,5.1719,0
15:48:14.369,0,5.8799,0
15:48:14.369,1,5.9348,0
15:48:14.386,1,3.0232,0
15:48:14.391,2,3.5573,0
15:48:14.409,0,2.9216,0
15:48:14.441,1,4.4692,0
15:48:14.441,2,4.4561,0
15:48:14.456,0,2.8753,0
15:48:14.474,1,3.9843,0
15:48:14.474,2,4.3446,0
15:48:14.492,0,3.6184,0
15:48:14.515,2,3.6359,0
15:48:14.516,1,4.5835,0
15:48:14.558,0,3.1289,0
15:48:14.560,1,3.4486,0
15:48:14.561,2,3.5660,0
15:48:14.567,0,5.6294,0
15:48:14.590,2,3.0886,0
15:48:14.591,1,3.8326,0
15:48:14.608,0,3.2845,0
15:48:14.634,1,4.3217,0
15:48:14.636,2,3.0378,0
15:48:14.653,0,3.1793,0
15:48:14.675,1,3.4938,0
15:48:14.680,2,3.8034,0
15:48:14.701,0,3.2840,0
15:48:14.707,2,3.6534,0
15:48:14.715,1,3.7595,0
15:48:14.739,0,3.6410,0
15:48:14.765,1,3.1691,0
15:48:14.769,0,2.9656,0
15:48:14.772,2,6.0843,0
15:48:14.796,1,3.3283,0
15:48:14.797,2,3.2361,0
15:48:14.820,0,2.9037,0
15:48:14.835,2,3.2835,0
15:48:14.835,1,3.3455,0
15:48:14.850,0,3.2155,0
15:48:14.902,0,3.1729,0
15:48:14.902,2,3.2980,0
15:48:14.902,1,3.3336,0
15:48:14.909,1,6.7014,0
15:48:14.910,2,6.7640,0
15:48:14.933,0,3.0143,0
15:48:14.981,0,3.4869,0
15:48:14.981,1,3.7918,0
15:48:14.982,2,4.0346,0
15:48:14.998,1,3.7279,0
15:48:14.998,2,4.0067,0
15:48:15.009,0,3.0269,0
15:48:15.037,2,3.6092,0
15:48:15.037,1,3.4996,0
15:48:15.051,0,3.4893,0
15:48:15.080,1,3.7850,0
15:48:15.080,2,4.0883,0
15:48:15.115,2,3.2315,0
15:48:15.115,1,3.6175,0
15:48:15.163,1,4.0043,0
15:48:15.165,2,4.4990,0
15:48:15.168,0,15.3461,0
15:48:15.172,0,3.1062,0
15:48:15.188,0,4.2431,0
15:48:15.198,1,3.0777,0
15:48:15.198,2,3.1968,0
15:48:15.206,0,3.9931,0
15:48:15.227,1,3.2737,0
15:48:15.253,2,3.0906,0
15:48:15.258,0,4.5923,0
15:48:15.273,1,3.4443,0
15:48:15.276,2,3.2431,0
15:48:15.292,0,3.0895,0
15:48:15.313,1,2.7585,0
15:48:15.316,2,3.6132,0
15:48:15.335,0,3.8396,0
15:48:15.370,1,3.0828,0
15:48:15.370,2,3.0378,0
15:48:15.376,0,5.5033,0
15:48:15.391,1,3.4934,0
15:48:15.391,2,3.6127,0
15:48:15.418,0,2.7909,0
15:48:15.435,1,3.3109,0
15:48:15.437,2,4.0343,0
15:48:15.452,0,3.5975,0
15:48:15.481,2,3.9077,0
15:48:15.481,1,3.9420,0
15:48:15.493,0,3.2965,0
15:48:15.545,0,3.2255,0
15:48:15.545,1,3.7034,0
15:48:15.546,2,4.4377,0
15:48:15.554,2,5.7680,0
15:48:15.559,1,4.6533,0
15:48:15.567,0,2.9806,0
15:48:15.607,1,3.2590,0
15:48:15.609,2,3.2167,0
15:48:15.615,0,3.6489,0
15:48:15.630,1,3.0446,0
15:48:15.634,2,3.3753,0
15:48:15.656,0,2.9090,0
15:48:15.680,2,2.8186,0
15:48:15.680,1,2.8793,0
15:48:15.716,0,3.8731,0
15:48:15.717,2,4.3013,0
15:48:15.727,0,3.2517,0
15:48:15.728,1,3.4452,0
15:48:15.767,1,3.1361,0
15:48:15.768,2,3.4012,0
15:48:15.774,0,5.5659,0
15:48:15.788,1,3.4625,0
15:48:15.793,2,3.0540,0
15:48:15.824,0,3.4742,0
15:48:15.831,1,3.0681,0
15:48:15.838,2,3.1841,0
15:48:15.856,0,3.6932,0
15:48:15.888,2,3.2413,0
15:48:15.888,1,3.2524,0
15:48:15.893,0,4.9743,0
15:48:15.918,1,3.2738,0
15:48:15.918,2,3.5409,0
15:48:15.939,0,3.6833,0
15:48:15.957,1,4.0069,0
15:48:15.957,2,4.0214,0
15:48:15.973,0,2.7393,0
15:48:15.995,2,3.1377,0
15:48:15.995,1,3.0323,0
15:48:16.014,0,3.6346,0
15:48:16.029,2,3.1365,0
15:48:16.032,1,3.9299,0
15:48:16.048,0,4.0697,0
15:48:16.261,2,16.1629,0
15:48:16.265,2,3.7075,0
15:48:16.268,0,16.3344,0
15:48:16.270,2,4.7192,0
15:48:16.276,0,2.8156,0
15:48:16.282,0,3.7784,0
15:48:16.285,2,4.6915,0
15:48:16.289,0,3.0746,0
15:48:16.292,2,3.9022,0
15:48:16.295,0,5.6291,0
15:48:16.298,2,5.3185,0
15:48:16.300,0,4.5540,0
15:48:16.303,1,18.7043,0
15:48:16.306,1,2.9337,0
15:48:16.311,1,5.2387,0
15:48:16.317,1,4.7673,0
15:48:16.334,0,3.8116,0
15:48:16.334,2,4.0654,0
15:48:16.348,1,3.2391,0
15:48:16.354,2,2.9770,0
15:48:16.387,0,3.5587,0
15:48:16.396,1,3.3296,0
15:48:16.401,2,4.0523,0
15:48:16.413,0,3.6678,0
15:48:16.449,2,2.9720,0
15:48:16.449,1,3.0789,0
15:48:16.454,0,3.9560,0
15:48:16.466,1,2.9814,0
15:48:16.471,2,3.0098,0
15:48:16.485,0,3.0543,0
15:48:16.514,1,2.9866,0
15:48:16.515,2,3.0636,0
15:48:16.535,0,2.6564,0
15:48:16.554,1,3.1105,0
15:48:16.572,0,3.6469,0
15:48:16.573,2,4.3351,0
15:48:16.594,2,7.9462,0
15:48:16.605,1,11.9455,0
15:48:16.622,0,3.7538,0
15:48:16.631,1,6.7241,0
15:48:16.637,2,5.1374,0
15:48:16.646,0,3.6831,0
15:48:16.672,1,3.2696,0
15:48:16.675,2,3.5085,0
15:48:16.689,0,3.2871,0
15:48:16.725,1,3.3159,0
15:48:16.730,2,5.7583,0
15:48:16.733,0,4.4766,0
15:48:16.758,1,4.0282,0
15:48:16.758,2,4.0741,0
15:48:16.775,0,3.3547,0
15:48:16.811,1,3.7544,0
15:48:16.811,2,3.9751,0
15:48:16.816,0,3.4419,0
15:48:16.831,1,3.7416,0
15:48:16.834,2,4.1480,0
15:48:16.845,0,3.1372,0
15:48:16.878,1,3.0496,0
15:48:16.881,2,5.0601,0
15:48:16.888,0,3.3213,0
15:48:16.935,1,3.9748,0
15:48:16.935,2,3.8634,0
15:48:16.939,0,5.7321,0
15:48:16.947,1,3.6973,0
15:48:16.950,2,3.7220,0
15:48:16.977,0,2.9500,0
15:48:17.011,1,3.4884,0
15:48:17.015,2,3.0969,0
15:48:17.018,0,5.3787,0
15:48:17.035,1,3.5849,0
15:48:17.037,2,5.9949,0
15:48:17.048,0,3.7802,0
15:48:17.078,1,4.3524,0
15:48:17.078,2,4.3832,0
15:48:17.108,2,3.8530,0
15:48:17.109,1,4.4119,0
15:48:17.184,1,3.5131,0
15:48:17.187,2,4.7990,0
15:48:17.198,1,4.1018,0
15:48:17.198,2,4.3902,0
15:48:17.198,0,17.4413,0
15:48:17.203,0,4.4174,0
15:48:17.207,0,4.3357,0
15:48:17.216,0,3.4242,0
15:48:17.240,2,4.0162,0
15:48:17.240,1,4.5324,0
15:48:17.249,0,3.8418,0
15:48:17.270,1,4.1461,0
15:48:17.270,2,4.3622,0
15:48:17.293,0,3.8338,0
15:48:17.313,1,4.1424,0
15:48:17.316,2,3.8951,0
15:48:17.338,0,3.8370,0
15:48:17.357,2,3.8816,0
15:48:17.358,1,4.2149,0
15:48:17.375,0,3.7042,0
15:48:17.406,2,3.9797,0
15:48:17.406,1,4.0571,0
15:48:17.410,0,5.8048,0
15:48:17.427,1,3.1367,0
15:48:17.428,2,3.9046,0
15:48:17.491,1,3.6523,0
15:48:17.491,0,4.0257,0
15:48:17.495,2,6.3042,0
15:48:17.497,0,3.3125,0
15:48:17.520,2,3.3029,0
15:48:17.520,1,3.2771,0
15:48:17.543,0,3.9224,0
15:48:17.561,1,3.5560,0
15:48:17.561,2,3.5661,0
15:48:17.567,0,5.5825,0
15:48:17.596,2,3.1810,0
15:48:17.596,1,3.2735,0
15:48:17.608,0,3.9455,0
15:48:17.641,1,4.0475,0
15:48:17.641,2,3.6778,0
15:48:17.653,0,3.4915,0
15:48:17.676,1,3.5173,0
15:48:17.676,2,3.4882,0
15:48:17.705,0,3.7255,0
15:48:17.723,2,3.4339,0
15:48:17.723,1,3.6288,0
15:48:17.739,0,3.9591,0
15:48:17.762,1,3.5696,0
15:48:17.762,2,3.7012,0
15:48:17.768,0,5.4723,0
15:48:17.786,1,2.9577,0
15:48:17.791,2,3.2781,0
15:48:17.811,0,3.4590,0
15:48:17.837,1,3.2086,0
15:48:17.839,2,3.5539,0
15:48:17.876,1,3.3944,0
15:48:17.876,0,3.5995,0
15:48:17.883,2,6.9299,0
15:48:17.892,0,3.3888,0
15:48:17.909,2,3.4502,0
15:48:17.926,1,3.3995,0
15:48:17.934,0,3.2026,0
15:48:17.952,2,3.8168,0
15:48:17.957,1,4.9891,0
15:48:17.985,0,2.7954,0
15:48:17.990,1,5.2213,0
15:48:17.996,2,5.4800,0
15:48:18.010,0,3.3465,0
15:48:18.048,1,3.0341,0
15:48:18.053,2,3.4804,0
15:48:18.053,0,3.7292,0
15:48:18.252,2,16.2821,0
15:48:18.260,1,18.0512,0
15:48:18.261,2,3.2839,0
15:48:18.264,1,3.7142,0
15:48:18.267,2,5.8562,0
15:48:18.269,1,4.7389,0
15:48:18.274,1,4.4488,0
15:48:18.275,0,17.7851,0
15:48:18.279,0,3.7505,0
15:48:18.284,0,4.4729,0
15:48:18.290,1,4.0114,0
15:48:18.290,2,5.3182,0
15:48:18.294,0,9.1910,0
15:48:18.297,2,6.2198,0
15:48:18.299,0,4.1740,0
15:48:18.315,1,3.4404,0
15:48:18.317,2,5.2368,0
15:48:18.344,0,4.1914,0
15:48:18.356,2,3.8840,0
15:48:18.358,1,4.9247,0
15:48:18.367,0,3.8845,0
15:48:18.408,1,3.9706,0
15:48:18.409,2,4.2903,0
15:48:18.414,0,5.9597,0
15:48:18.431,1,3.3763,0
15:48:18.432,2,3.5826,0
15:48:18.461,0,3.6302,0
15:48:18.474,2,3.3679,0
15:48:18.478,1,4.4420,0
15:48:18.495,0,3.6344,0
15:48:18.515,1,3.2509,0
15:48:18.516,2,3.3032,0
15:48:18.528,0,3.8100,0
15:48:18.564,1,3.5046,0
15:48:18.566,2,3.4039,0
15:48:18.570,0,3.8873,0
15:48:18.589,2,3.1852,0
15:48:18.589,1,3.4265,0
15:48:18.614,0,3.7464,0
15:48:18.645,1,3.4045,0
15:48:18.648,2,4.1806,0
15:48:18.653,0,3.0923,0
15:48:18.675,1,3.5700,0
15:48:18.675,2,3.2793,0
15:48:18.749,0,3.4938,0
15:48:18.752,1,6.3617,0
15:48:18.752,2,5.8899,0
15:48:18.757,0,7.0343,0
15:48:18.760,2,5.7644,0
15:48:18.760,1,5.5728,0
15:48:18.774,0,3.3100,0
15:48:18.804,1,4.1386,0
15:48:18.806,2,3.3541,0
15:48:18.820,0,3.5848,0
15:48:18.836,1,3.1053,0
15:48:18.839,2,3.6095,0
15:48:18.860,0,3.7720,0
15:48:18.877,1,4.0627,0
15:48:18.878,2,4.3268,0
15:48:18.887,0,3.3972,0
15:48:18.910,2,3.4832,0
15:48:18.918,1,4.3046,0
15:48:18.937,0,3.5777,0
15:48:18.950,1,3.4363,0
15:48:18.955,2,4.2659,0
15:48:18.983,0,2.6779,0
15:48:18.995,1,3.4922,0
15:48:18.995,2,3.6586,0
15:48:19.019,0,3.3985,0
15:48:19.046,2,3.1548,0
15:48:19.046,1,3.2887,0
15:48:19.055,0,3.5290,0
15:48:19.069,2,2.9668,0
15:48:19.077,1,3.6864,0
15:48:19.116,2,2.7913,0
15:48:19.116,1,3.0849,0
15:48:19.159,1,3.7858,0
15:48:19.163,2,6.6313,0
15:48:19.163,0,14.8683,0
15:48:19.167,0,3.2786,0
15:48:19.183,0,3.0638,0
15:48:19.208,2,3.9787,0
15:48:19.209,1,3.8903,0
15:48:19.214,0,5.0125,0
15:48:19.228,2,2.8866,0
15:48:19.238,1,2.9804,0
15:48:19.268,0,3.7810,0
15:48:19.270,1,4.7670,0
15:48:19.273,2,3.6704,0
15:48:19.297,0,3.6817,0
15:48:19.322,1,3.4115,0
15:48:19.324,2,4.1894,0
15:48:19.335,0,3.4288,0
15:48:19.356,2,3.2406,0
15:48:19.356,1,3.3838,0
15:48:19.382,0,3.2596,0
15:48:19.399,1,2.9757,0
15:48:19.404,2,2.8814,0
15:48:19.412,0,3.4469,0
15:48:19.438,1,3.2115,0
15:48:19.438,2,3.1324,0
15:48:19.453,0,3.5936,0
15:48:19.467,1,2.9828,0
15:48:19.471,2,3.3377,0
15:48:19.496,0,3.4190,0
15:48:19.514,1,2.9832,0
15:48:19.518,2,4.4127,0
15:48:19.547,0,3.3057,0
15:48:19.553,1,3.0046,0
15:48:19.558,2,3.7782,0
15:48:19.566,0,3.3438,0
15:48:19.605,2,3.0334,0
15:48:19.605,1,2.9042,0
15:48:19.611,0,4.1598,0
15:48:19.635,2,3.0807,0
15:48:19.640,1,4.2681,0
15:48:19.666,0,3.6210,0
15:48:19.668,1,3.2792,0
15:48:19.676,2,3.1435,0
15:48:19.693,0,2.4930,0
15:48:19.722,1,3.3572,0
15:48:19.723,2,3.3712,0
15:48:19.737,0,3.5924,0
15:48:19.749,2,3.0480,0
15:48:19.754,1,3.9944,0
15:48:19.778,0,2.8530,0
15:48:19.795,1,3.3834,0
15:48:19.795,2,3.4933,0
15:48:19.813,0,3.6614,0
15:48:19.838,2,3.1678,0
15:48:19.839,1,3.2535,0
15:48:19.854,0,3.6788,0
15:48:19.880,1,3.1480,0
15:48:19.885,2,4.5849,0
15:48:19.894,0,3.3998,0
15:48:19.911,2,3.1821,0
15:48:19.917,1,4.5239,0
15:48:19.942,0,3.0277,0
15:48:19.957,2,4.0771,0
15:48:19.957,1,4.1238,0
15:48:19.966,0,3.7082,0
15:48:20.026,0,3.6505,0
15:48:20.027,1,3.9209,0
15:48:20.027,2,4.0928,0
15:48:20.039,1,4.0201,0
15:48:20.039,2,4.2350,0
15:48:20.054,0,3.6843,0
15:48:20.216,2,14.4480,0
15:48:20.220,2,3.1445,0
15:48:20.235,2,3.5406,0
15:48:20.280,2,3.0408,0
15:48:20.287,2,3.1738,0
15:48:20.296,2,4.1256,0
15:48:20.299,0,16.0415,0
15:48:20.303,0,3.1952,0
15:48:20.307,0,3.8308,0
15:48:20.307,1,18.5119,0
15:48:20.311,1,3.7551,0
15:48:20.313,0,5.9663,0
15:48:20.316,1,4.3541,0
15:48:20.324,1,3.7340,0
15:48:20.325,2,3.8733,0
15:48:20.336,0,3.7353,0
15:48:20.372,1,3.9740,0
15:48:20.373,2,4.5853,0
15:48:20.377,0,5.0089,0
15:48:20.401,1,3.0608,0
15:48:20.401,2,2.8716,0
15:48:20.424,0,4.0909,0
15:48:20.429,1,4.7387,0
15:48:20.432,2,3.2426,0
15:48:20.453,0,2.7629,0
15:48:20.482,1,3.8976,0
15:48:20.482,2,4.0394,0
15:48:20.493,0,2.7961,0
15:48:20.535,2,3.0400,0
15:48:20.535,1,3.0168,0
15:48:20.541,0,5.1817,0
15:48:20.558,1,3.3252,0
15:48:20.558,2,3.7089,0
15:48:20.566,0,2.9935,0
15:48:20.593,1,2.4259,0
15:48:20.593,2,2.6362,0
15:48:20.610,0,2.5277,0
15:48:20.630,1,2.4801,0
15:48:20.649,2,3.0774,0
15:48:20.653,0,3.3071,0
15:48:20.674,1,2.8003,0
15:48:20.675,2,2.9734,0
15:48:20.704,0,3.5072,0
15:48:20.714,1,2.4871,0
15:48:20.718,2,3.3833,0
15:48:20.736,0,3.5700,0
15:48:20.759,1,2.9104,0
15:48:20.759,2,3.0497,0
15:48:20.773,0,3.6662,0
15:48:20.788,1,2.9347,0
15:48:20.788,2,3.1462,0
15:48:20.812,0,3.5358,0
15:48:20.833,1,3.2455,0
15:48:20.838,2,4.7690,0
15:48:20.863,0,3.4944,0
15:48:20.876,2,3.3895,0
15:48:20.878,1,5.1860,0
15:48:20.894,0,2.9060,0
15:48:20.918,1,4.0579,0
15:48:20.923,2,4.9157,0
15:48:20.939,0,3.7241,0
15:48:20.983,2,2.6243,0
15:48:20.985,1,4.3487,0
15:48:20.995,2,3.0582,0
15:48:20.995,1,3.0144,0
15:48:20.996,0,3.6064,0
15:48:21.011,0,3.4402,0
15:48:21.042,2,3.2938,0
15:48:21.043,1,3.7980,0
15:48:21.054,0,3.8050,0
15:48:21.076,1,3.8133,0
15:48:21.091,2,3.0728,0
15:48:21.109,2,2.7667,0
15:48:21.115,1,2.8493,0
15:48:21.167,2,3.0178,0
15:48:21.170,1,3.8053,0
15:48:21.179,0,16.0617,0
15:48:21.182,0,2.9595,0
15:48:21.186,0,3.9239,0
15:48:21.203,1,2.8061,0
15:48:21.206,2,3.4235,0
15:48:21.219,0,4.0845,0
15:48:21.238,1,2.9915,0
15:48:21.256,2,3.5472,0
15:48:21.262,0,3.6820,0
15:48:21.277,2,4.5079,0
15:48:21.283,1,4.1543,0
15:48:21.294,0,3.9202,0
15:48:21.338,2,4.4725,0
15:48:21.339,1,4.5695,0
15:48:21.347,0,3.8023,0
15:48:21.352,1,5.0266,0
15:48:21.356,2,4.2735,0
15:48:21.381,0,3.7592,0
15:48:21.402,2,2.9770,0
15:48:21.402,1,3.2345,0
15:48:21.408,0,3.2139,0
15:48:21.438,1,3.2200,0
15:48:21.439,2,3.4576,0
15:48:21.454,0,2.8687,0
15:48:21.490,2,3.0787,0
15:48:21.500,1,3.5283,0
15:48:21.500,0,3.3753,0
15:48:21.509,1,4.1446,0
15:48:21.516,2,3.4352,0
15:48:21.565,0,3.0159,0
15:48:21.567,2,5.2822,0
15:48:21.567,1,5.1275,0
15:48:21.577,0,3.7624,0
15:48:21.595,2,2.9856,0
15:48:21.598,1,4.7225,0
15:48:21.629,0,2.8990,0
15:48:21.638,2,2.9112,0
15:48:21.640,1,4.8961,0
15:48:21.656,0,3.5659,0
15:48:21.671,1,4.5526,0
15:48:21.678,2,4.1320,0
15:48:21.705,0,3.6547,0
15:48:21.721,1,3.5791,0
15:48:21.724,2,3.8298,0
15:48:21.736,0,3.8140,0
15:48:21.766,1,3.1777,0
15:48:21.766,2,3.4542,0
15:48:21.781,0,4.2647,0
15:48:21.796,1,3.1083,0
15:48:21.796,2,3.2241,0
15:48:21.822,0,3.9562,0
15:48:21.829,1,3.1702,0
15:48:21.837,2,3.2192,0
15:48:21.860,0,3.7826,0
15:48:21.874,1,3.3114,0
15:48:21.879,2,3.9759,0
15:48:21.897,0,3.9145,0
15:48:21.917,2,3.4720,0
15:48:21.919,1,3.0197,0
15:48:21.937,0,3.8912,0
15:48:21.955,2,3.1452,0
15:48:21.974,1,3.2292,0
15:48:21.988,0,2.5589,0
15:48:21.998,2,3.0946,0
15:48:22.000,1,3.4131,0
15:48:22.012,0,3.7598,0
15:48:22.032,1,3.1377,0
15:48:22.037,2,3.0630,0
15:48:22.054,0,3.3430,0
15:48:22.263,2,15.5668,0
15:48:22.291,2,3.9950,0
15:48:22.294,0,17.1460,0
15:48:22.298,0,3.9105,0
15:48:22.301,2,5.1725,0
15:48:22.304,0,4.6697,0
15:48:22.306,2,3.4927,0
15:48:22.309,0,4.7450,0
15:48:22.311,2,4.9064,0
15:48:22.314,0,4.9684,0
15:48:22.317,2,5.2495,0
15:48:22.320,0,4.5807,0
15:48:22.323,1,20.3887,0
15:48:22.326,1,2.9928,0
15:48:22.331,1,4.9520,0
15:48:22.342,1,2.7102,0
15:48:22.349,2,3.9344,0
15:48:22.349,0,3.8129,0
15:48:22.357,2,4.0915,0
15:48:22.362,1,4.5835,0
15:48:22.375,0,3.0608,0
15:48:22.400,2,3.9851,0
15:48:22.403,1,4.1204,0
15:48:22.423,0,3.0201,0
15:48:22.428,1,2.8907,0
15:48:22.435,2,3.9819,0
15:48:22.449,0,3.3884,0
15:48:22.476,1,2.6433,0
15:48:22.478,2,4.2159,0
15:48:22.495,0,2.4703,0
15:48:22.544,1,3.9182,0
15:48:22.547,2,3.9175,0
15:48:22.547,0,3.4973,0
15:48:22.557,1,3.7996,0
15:48:22.560,2,4.0755,0
15:48:22.577,0,3.8273,0
15:48:22.606,2,4.2995,0
15:48:22.606,1,4.4771,0
15:48:22.610,0,5.5313,0
15:48:22.634,1,3.5693,0
15:48:22.636,2,4.3739,0
15:48:22.655,0,3.6361,0
15:48:22.676,1,3.2514,0
15:48:22.680,2,3.4170,0
15:48:22.693,0,2.5327,0
15:48:22.716,1,3.1454,0
15:48:22.720,2,3.6111,0
15:48:22.748,0,3.3026,0
15:48:22.751,2,3.8945,0
15:48:22.756,1,3.6341,0
15:48:22.778,0,2.8294,0
15:48:22.803,2,3.9786,0
15:48:22.803,1,4.5059,0
15:48:22.809,0,5.4979,0
15:48:22.837,2,4.1711,0
15:48:22.837,1,4.2667,0
15:48:22.855,0,3.6174,0
15:48:22.877,1,4.0257,0
15:48:22.883,2,5.3820,0
15:48:22.895,0,3.6608,0
15:48:22.929,2,3.3194,0
15:48:22.934,1,3.6356,0
15:48:22.941,0,3.2117,0
15:48:22.964,1,3.8273,0
15:48:22.964,2,3.8290,0
15:48:22.989,0,2.6563,0
15:48:22.992,1,4.5972,0
15:48:22.996,2,3.2362,0
15:48:23.009,0,3.6073,0
15:48:23.043,1,3.7457,0
15:48:23.044,2,4.1372,0
15:48:23.052,0,3.5159,0
15:48:23.072,2,3.0392,0
15:48:23.076,1,3.6550,0
15:48:23.117,1,2.7562,0
15:48:23.117,2,2.9344,0
15:48:23.174,1,3.7511,0
15:48:23.180,2,5.9568,0
15:48:23.186,0,16.4825,0
15:48:23.189,0,3.0699,0
15:48:23.192,1,5.2189,0
15:48:23.195,0,5.5614,0
15:48:23.198,2,3.4709,0
15:48:23.243,0,2.9632,0
15:48:23.248,1,3.0440,0
15:48:23.248,2,3.0476,0
15:48:23.257,0,3.1150,0
15:48:23.278,2,3.7081,0
15:48:23.278,1,3.9694,0
15:48:23.319,0,3.6776,0
15:48:23.325,1,5.3152,0
15:48:23.325,2,5.4158,0
15:48:23.334,0,3.9017,0
15:48:23.350,1,2.8837,0
15:48:23.381,2,3.3003,0
15:48:23.381,0,3.3488,0
15:48:23.394,2,3.7679,0
15:48:23.405,1,3.1677,0
15:48:23.430,0,4.1678,0
15:48:23.442,1,2.7887,0
15:48:23.442,2,3.4836,0
15:48:23.450,0,3.8015,0
15:48:23.487,2,3.0689,0
15:48:23.488,1,2.7311,0
15:48:23.496,0,3.9478,0
15:48:23.510,1,3.9944,0
15:48:23.520,2,3.2128,0
15:48:23.542,0,3.7339,0
15:48:23.551,2,3.1985,0
15:48:23.556,1,4.5119,0
15:48:23.578,0,3.6880,0
15:48:23.618,1,3.6720,0
15:48:23.618,2,4.0737,0
15:48:23.621,0,5.9616,0
15:48:23.654,1,2.8919,0
15:48:23.654,2,3.2129,0
15:48:23.658,0,5.0054,0
15:48:23.680,2,3.8127,0
15:48:23.681,1,3.6793,0
15:48:23.716,0,3.3233,0
15:48:23.717,1,3.7580,0
15:48:23.717,2,3.5234,0
15:48:23.736,0,2.7630,0
15:48:23.760,1,3.1685,0
15:48:23.764,2,3.7941,0
15:48:23.770,0,3.0746,0
15:48:23.797,1,2.8968,0
15:48:23.798,2,2.9512,0
15:48:23.863,0,2.7852,0
15:48:23.863,1,2.8478,0
15:48:23.867,2,6.9645,0
15:48:23.870,0,6.8325,0
15:48:23.872,2,4.6947,0
15:48:23.877,1,2.8706,0
15:48:23.897,0,3.7903,0
15:48:23.917,1,2.8533,0
15:48:23.920,2,5.0797,0
15:48:23.932,0,3.0579,0
15:48:23.954,1,2.9922,0
15:48:23.967,2,2.7018,0
15:48:23.972,0,3.1349,0
15:48:23.997,1,2.9566,0
15:48:24.002,2,4.6782,0
15:48:24.025,0,2.8686,0
15:48:24.029,2,3.0654,0
15:48:24.036,1,2.9426,0
15:48:24.060,0,3.5597,0
15:48:24.160,2,11.9279,0
15:48:24.214,2,2.6905,0
15:48:24.220,2,5.8204,0
15:48:24.224,0,12.7136,0
15:48:24.229,0,3.5781,0
15:48:24.230,2,4.0344,0
15:48:24.234,1,15.2521,0
15:48:24.237,0,6.4311,0
15:48:24.238,1,3.1623,0
15:48:24.243,0,4.1997,0
15:48:24.244,1,4.4120,0
15:48:24.244,2,4.6331,0
15:48:24.251,1,6.6256,0
15:48:24.266,0,4.0192,0
15:48:24.280,1,3.9993,0
15:48:24.283,2,4.4136,0
15:48:24.296,0,3.9441,0
15:48:24.318,2,3.5227,0
15:48:24.321,1,3.4622,0
15:48:24.338,0,3.5215,0
15:48:24.352,1,3.3604,0
15:48:24.358,2,5.2690,0
15:48:24.373,0,3.5269,0
15:48:24.407,2,2.9450,0
15:48:24.408,1,3.3264,0
15:48:24.423,0,3.8376,0
15:48:24.438,2,3.1616,0
15:48:24.439,1,3.3448,0
15:48:24.457,0,4.4070,0
15:48:24.481,2,2.8089,0
15:48:24.481,1,3.0807,0
15:48:24.496,0,3.7520,0
15:48:24.512,1,3.9116,0
15:48:24.529,2,3.1709,0
15:48:24.537,0,3.4989,0
15:48:24.559,2,4.0603,0
15:48:24.559,1,4.1015,0
15:48:24.571,0,3.8579,0
15:48:24.600,2,4.2636,0
15:48:24.603,1,4.3234,0
15:48:24.618,0,3.7706,0
15:48:24.645,1,3.4201,0
15:48:24.649,2,4.3633,0
15:48:24.654,0,2.7917,0
15:48:24.672,2,3.1743,0
15:48:24.676,1,3.6946,0
15:48:24.721,0,3.9445,0
15:48:24.721,1,3.9840,0
15:48:24.726,2,5.7699,0
15:48:24.729,0,3.7300,0
15:48:24.779,1,3.9125,0
15:48:24.779,0,4.1688,0
15:48:24.780,2,4.2783,0
15:48:24.798,1,3.2105,0
15:48:24.799,2,3.3157,0
15:48:24.837,1,2.8492,0
15:48:24.839,2,5.0619,0
15:48:24.839,0,5.2076,0
15:48:24.856,0,3.2491,0
15:48:24.885,1,2.9797,0
15:48:24.885,2,3.1685,0
15:48:24.898,0,4.0453,0
15:48:24.917,1,3.0313,0
15:48:24.917,2,3.1341,0
15:48:24.932,0,3.8147,0
15:48:24.958,1,3.1931,0
15:48:24.958,2,2.9679,0
15:48:24.986,0,3.9723,0
15:48:24.992,2,3.9042,0
15:48:25.000,1,3.3526,0
15:48:25.016,0,3.1360,0
15:48:25.076,1,3.9507,0
15:48:25.077,0,4.2124,0
15:48:25.077,2,4.9345,0
15:48:25.084,2,5.0250,0
15:48:25.084,1,6.5420,0
15:48:25.160,2,3.0455,0
15:48:25.160,1,3.2746,0
15:48:25.167,2,6.2634,0
15:48:25.209,1,4.2100,0
15:48:25.211,2,3.4570,0
15:48:25.214,1,4.5270,0
15:48:25.217,0,12.9409,0
15:48:25.221,0,2.8768,0
15:48:25.226,0,5.4519,0
15:48:25.231,0,3.5490,0
15:48:25.247,1,3.2669,0
15:48:25.252,2,4.7503,0
15:48:25.257,0,5.4482,0
15:48:25.277,1,4.1338,0
15:48:25.281,2,4.0785,0
15:48:25.305,0,3.6045,0
15:48:25.318,2,2.9323,0
15:48:25.325,1,2.9751,0
15:48:25.339,0,3.8166,0
15:48:25.356,1,3.2933,0
15:48:25.359,2,3.7788,0
15:48:25.370,0,3.7089,0
15:48:25.417,1,3.1222,0
15:48:25.418,2,3.7148,0
15:48:25.421,0,3.9068,0
15:48:25.442,1,3.4595,0
15:48:25.442,2,3.5808,0
15:48:25.458,0,3.2034,0
15:48:25.507,0,3.8684,0
15:48:25.508,1,4.1213,0
15:48:25.508,2,5.1740,0
15:48:25.516,2,3.0039,0
15:48:25.516,1,7.8592,0
15:48:25.532,0,3.8539,0
15:48:25.565,1,3.7105,0
15:48:25.566,2,4.2636,0
15:48:25.575,0,3.5951,0
15:48:25.596,1,2.9578,0
15:48:25.623,2,3.7366,0
15:48:25.626,0,4.2614,0
15:48:25.630,2,2.8181,0
15:48:25.641,1,3.0415,0
15:48:25.659,0,2.8935,0
15:48:25.673,1,3.7025,0
15:48:25.679,2,4.8826,0
15:48:25.708,0,3.6784,0
15:48:25.717,2,3.1632,0
15:48:25.717,1,3.2992,0
15:48:25.736,0,3.0543,0
15:48:25.763,2,2.8625,0
15:48:25.765,1,5.0764,0
15:48:25.776,0,3.9524,0
15:48:25.793,2,4.3971,0
15:48:25.811,1,4.0676,0
15:48:25.818,0,3.8081,0
15:48:25.837,1,3.9935,0
15:48:25.840,2,5.5649,0
15:48:25.861,0,3.0070,0
15:48:25.878,1,3.8151,0
15:48:25.880,2,4.0358,0
15:48:25.897,0,3.4036,0
15:48:25.920,1,3.6643,0
15:48:25.921,2,3.4440,0
15:48:25.945,0,3.5227,0
15:48:25.953,2,3.1696,0
15:48:25.966,1,3.1446,0
15:48:25.979,0,3.8289,0
15:48:25.990,1,2.8625,0
15:48:25.997,2,4.0605,0
15:48:26.021,0,3.9241,0
15:48:26.035,1,3.0058,0
15:48:26.038,2,2.9947,0
15:48:26.057,0,4.2218,0
15:48:26.182,1,12.5520,0
15:48:26.186,1,3.9731,0
15:48:26.221,1,3.7160,0
15:48:26.224,2,14.0786,0
15:48:26.229,2,4.0353,0
15:48:26.232,0,12.5065,0
15:48:26.235,2,4.8134,0
15:48:26.237,0,4.5481,0
15:48:26.256,1,4.0588,0
15:48:26.256,0,3.7979,0
15:48:26.265,1,3.7590,0
15:48:26.265,2,3.4417,0
15:48:26.266,0,3.7803,0
15:48:26.278,1,4.1650,0
15:48:26.281,2,4.9525,0
15:48:26.296,0,3.7687,0
15:48:26.334,2,3.2830,0
15:48:26.334,1,3.5198,0
15:48:26.340,0,6.1911,0
15:48:26.352,2,3.3620,0
15:48:26.360,1,3.7752,0
15:48:26.422,0,3.8464,0
15:48:26.422,1,4.4219,0
15:48:26.426,2,6.6461,0
15:48:26.428,0,5.8251,0
15:48:26.439,1,4.5795,0
15:48:26.439,2,3.5223,0
15:48:26.455,0,3.7336,0
15:48:26.482,1,4.1196,0
15:48:26.483,2,4.2041,0
15:48:26.496,0,3.7638,0
15:48:26.514,2,3.2735,0
15:48:26.543,1,3.9303,0
15:48:26.546,0,3.7730,0
15:48:26.551,1,3.0194,0
15:48:26.558,2,3.6711,0
15:48:26.572,0,3.8034,0
15:48:26.596,1,3.2668,0
15:48:26.601,2,4.3514,0
15:48:26.614,0,3.5414,0
15:48:26.648,1,3.0354,0
15:48:26.654,2,3.3059,0
15:48:26.659,0,4.1254,0
15:48:26.673,2,3.1457,0
15:48:26.678,1,3.2077,0
15:48:26.699,0,4.1342,0
15:48:26.729,1,3.3467,0
15:48:26.734,2,3.8233,0
15:48:26.734,0,3.8890,0
15:48:26.756,1,3.4601,0
15:48:26.760,2,3.3167,0
15:48:26.782,0,3.8660,0
15:48:26.797,1,2.8959,0
15:48:26.802,2,4.5351,0
15:48:26.834,0,3.8194,0
15:48:26.840,2,3.7836,0
15:48:26.840,1,3.9231,0
15:48:26.859,0,3.6067,0
15:48:26.886,1,3.0948,0
15:48:26.892,2,4.5349,0
15:48:26.892,0,4.2448,0
15:48:26.919,1,3.3762,0
15:48:26.924,2,5.0259,0
15:48:26.945,0,4.0671,0
15:48:26.958,1,3.0394,0
15:48:26.963,2,4.5758,0
15:48:26.979,0,3.2470,0
15:48:27.000,1,2.9909,0
15:48:27.000,2,3.0878,0
15:48:27.023,0,3.8787,0
15:48:27.029,1,2.9395,0
15:48:27.037,2,4.1927,0
15:48:27.057,0,3.3071,0
15:48:27.082,1,3.3511,0
15:48:27.083,2,3.3433,0
15:48:27.119,1,3.1837,0
15:48:27.119,2,3.1391,0
15:48:27.190,2,4.0056,0
15:48:27.193,1,4.6362,0
15:48:27.198,0,15.9230,0
15:48:27.199,1,3.7295,0
15:48:27.202,0,3.7672,0
15:48:27.202,2,7.0907,0
15:48:27.208,0,5.4592,0
15:48:27.213,0,4.3743,0
15:48:27.238,1,3.4828,0
15:48:27.241,2,4.2809,0
15:48:27.257,0,4.4953,0
15:48:27.304,2,3.0187,0
15:48:27.304,1,3.4581,0
15:48:27.308,0,5.1010,0
15:48:27.312,2,4.6069,0
15:48:27.320,1,3.4567,0
15:48:27.374,0,4.0503,0
15:48:27.389,1,4.4097,0
15:48:27.390,2,4.5815,0
15:48:27.394,0,4.8319,0
15:48:27.396,1,4.0774,0
15:48:27.401,2,3.8897,0
15:48:27.427,0,2.9749,0
15:48:27.446,2,3.5978,0
15:48:27.446,1,3.5777,0
15:48:27.459,0,4.2984,0
15:48:27.491,2,3.4966,0
15:48:27.493,1,3.5173,0
15:48:27.500,0,3.7851,0
15:48:27.512,1,4.1591,0
15:48:27.517,2,4.4228,0
15:48:27.566,2,3.2030,0
15:48:27.566,1,3.3610,0
15:48:27.567,0,4.0236,0
15:48:27.575,0,4.8603,0
15:48:27.598,1,4.1218,0
15:48:27.611,2,3.4488,0
15:48:27.617,0,4.2296,0
15:48:27.633,2,3.2390,0
15:48:27.643,1,3.2989,0
15:48:27.700,0,3.2792,0
15:48:27.701,2,3.3678,0
15:48:27.701,1,4.2217,0
15:48:27.708,0,7.5791,0
15:48:27.717,1,3.3966,0
15:48:27.717,2,3.4535,0
15:48:27.736,0,3.8916,0
15:48:27.759,1,3.7184,0
15:48:27.759,2,3.5837,0
15:48:27.777,0,3.5675,0
15:48:27.811,2,3.7771,0
15:48:27.812,1,4.2666,0
15:48:27.822,0,3.8488,0
15:48:27.833,1,4.3257,0
15:48:27.833,2,4.3345,0
15:48:27.863,0,3.7552,0
15:48:27.877,2,3.0434,0
15:48:27.878,1,4.4339,0
15:48:27.898,0,3.7045,0
15:48:27.924,1,3.6998,0
15:48:27.924,2,3.7295,0
15:48:27.937,0,3.2980,0
15:48:27.970,2,3.4816,0
15:48:27.973,1,5.5602,0
15:48:27.984,0,4.0515,0
15:48:27.992,1,3.5029,0
15:48:27.995,2,4.6742,0
15:48:28.016,0,4.2739,0
15:48:28.040,1,3.4919,0
15:48:28.040,2,4.2093,0
15:48:28.056,0,3.1716,0
15:48:28.187,0,9.7597,0
15:48:28.225,1,12.7329,0
15:48:28.229,1,3.5460,0
15:48:28.230,0,3.1858,0
15:48:28.236,2,14.2199,0
15:48:28.237,0,6.5312,0
15:48:28.238,1,8.4594,0
15:48:28.243,2,6.3737,0
15:48:28.245,0,5.7157,0
15:48:28.246,1,6.1859,0
15:48:28.250,2,6.1925,0
15:48:28.253,1,6.1663,0
15:48:28.263,0,3.2195,0
15:48:28.280,1,4.5449,0
15:48:28.282,2,4.6738,0
15:48:28.290,0,3.3943,0
15:48:28.321,1,3.4390,0
15:48:28.323,2,4.3689,0
15:48:28.337,0,3.8497,0
15:48:28.370,2,2.7863,0
15:48:28.370,1,3.1153,0
15:48:28.377,0,3.5335,0
15:48:28.393,1,3.6232,0
15:48:28.395,2,3.2215,0
15:48:28.422,0,3.5974,0
15:48:28.441,2,2.9863,0
15:48:28.443,1,4.9289,0
15:48:28.450,0,3.9592,0
15:48:28.489,1,3.4602,0
15:48:28.489,2,3.4993,0
15:48:28.495,0,3.7078,0
15:48:28.523,2,3.6683,0
15:48:28.523,1,3.8420,0
15:48:28.538,0,4.0868,0
15:48:28.569,1,3.0860,0
15:48:28.569,2,3.0407,0
15:48:28.578,0,3.9298,0
15:48:28.599,2,3.4566,0
15:48:28.599,1,3.5778,0
15:48:28.624,0,4.0134,0
15:48:28.640,1,3.4627,0
15:48:28.640,2,3.6394,0
15:48:28.656,0,3.4795,0
15:48:28.684,1,3.0859,0
15:48:28.686,2,4.1378,0
15:48:28.701,0,4.2008,0
15:48:28.714,2,3.4254,0
15:48:28.717,1,5.9567,0
15:48:28.738,0,3.1905,0
15:48:28.761,1,3.4791,0
15:48:28.761,2,3.6563,0
15:48:28.784,0,4.2941,0
15:48:28.808,2,3.6157,0
15:48:28.809,1,4.2471,0
15:48:28.820,0,4.1572,0
15:48:28.845,1,4.3479,0
15:48:28.848,2,5.0051,0
15:48:28.859,0,3.3392,0
15:48:28.873,1,3.8090,0
15:48:28.874,2,3.7000,0
15:48:28.900,0,4.0829,0
15:48:28.918,1,3.5155,0
15:48:28.923,2,3.7778,0
15:48:28.932,0,4.0457,0
15:48:28.987,1,3.9061,0
15:48:28.987,2,3.3470,0
15:48:28.991,0,4.9856,0
15:48:29.003,2,3.6384,0
15:48:29.003,1,4.1087,0
15:48:29.018,0,4.2482,0
15:48:29.044,2,3.5826,0
15:48:29.046,1,3.8762,0
15:48:29.060,0,3.8844,0
15:48:29.078,2,4.3807,0
15:48:29.079,1,4.7091,0
15:48:29.137,1,4.0025,0
15:48:29.144,2,5.6957,0
15:48:29.146,0,13.4223,0
15:48:29.150,0,3.2336,0
15:48:29.197,1,3.4583,0
15:48:29.198,2,3.9522,0
15:48:29.201,0,6.0381,0
15:48:29.203,1,5.3961,0
15:48:29.205,2,5.5200,0
15:48:29.212,0,4.2422,0
15:48:29.237,1,3.4412,0
15:48:29.241,2,4.7419,0
15:48:29.258,0,4.2275,0
15:48:29.285,1,3.6561,0
15:48:29.286,2,4.0544,0
15:48:29.298,0,4.1296,0
15:48:29.344,1,4.2268,0
15:48:29.344,2,4.8385,0
15:48:29.345,0,4.6953,0
15:48:29.353,2,3.2706,0
15:48:29.362,1,3.2981,0
15:48:29.373,0,4.1338,0
15:48:29.403,1,4.0432,0
15:48:29.406,2,5.9954,0
15:48:29.417,0,4.1097,0
15:48:29.453,1,4.2461,0
15:48:29.453,2,4.6159,0
15:48:29.457,0,4.8838,0
15:48:29.486,1,3.3766,0
15:48:29.486,2,3.5258,0
15:48:29.510,0,3.6383,0
15:48:29.513,2,3.4463,0
15:48:29.520,1,3.4262,0
15:48:29.538,0,4.0966,0
15:48:29.552,1,3.4418,0
15:48:29.558,2,3.7440,0
15:48:29.598,0,4.1192,0
15:48:29.601,1,4.9633,0
15:48:29.606,2,5.3955,0
15:48:29.618,0,3.7800,0
15:48:29.653,1,3.4507,0
15:48:29.653,2,3.5520,0
15:48:29.659,0,4.2020,0
15:48:29.675,2,3.5050,0
15:48:29.680,1,3.7654,0
15:48:29.701,0,3.9154,0
15:48:29.712,1,3.2485,0
15:48:29.719,2,4.0785,0
15:48:29.753,0,4.2283,0
15:48:29.757,1,4.5036,0
15:48:29.760,2,3.5000,0
15:48:29.777,0,2.9268,0
15:48:29.818,2,2.7078,0
15:48:29.821,1,5.0649,0
15:48:29.823,0,5.3475,0
15:48:29.833,2,2.7633,0
15:48:29.840,1,3.8950,0
15:48:29.858,0,2.9331,0
15:48:29.872,1,3.0447,0
15:48:29.877,2,4.9161,0
15:48:29.897,0,4.1304,0
15:48:29.917,1,3.3036,0
15:48:29.922,2,5.3178,0
15:48:29.939,0,3.7179,0
15:48:29.966,1,3.0901,0
15:48:29.972,2,3.6970,0
15:48:29.982,0,3.5207,0
15:48:30.002,1,3.3359,0
15:48:30.002,2,3.0732,0
15:48:30.028,0,4.4275,0
15:48:30.033,1,5.3769,0
15:48:30.043,2,3.0664,0
15:48:30.056,0,3.2315,0
15:48:30.217,1,16.1255,0
15:48:30.233,2,13.0321,0
15:48:30.236,2,3.0656,0
15:48:30.256,1,3.6234,0
15:48:30.259,2,4.7860,0
15:48:30.262,1,5.1890,0
15:48:30.271,0,13.3270,0
15:48:30.274,0,2.8889,0
15:48:30.312,2,3.4903,0
15:48:30.312,0,4.0121,0
15:48:30.313,1,3.6632,0
15:48:30.319,0,6.0718,0
15:48:30.322,2,3.5268,0
15:48:30.322,1,3.7544,0
15:48:30.329,1,4.5482,0
15:48:30.329,0,5.4507,0
15:48:30.332,2,6.8028,0
15:48:30.335,0,5.3320,0
15:48:30.335,1,6.2661,0
15:48:30.339,2,5.9172,0
15:48:30.341,0,5.7296,0
15:48:30.361,1,3.0699,0
15:48:30.363,2,4.2984,0
15:48:30.381,0,3.9983,0
15:48:30.407,1,3.3705,0
15:48:30.409,2,3.3519,0
15:48:30.414,0,5.2717,0
15:48:30.452,1,2.9185,0
15:48:30.452,2,3.0075,0
15:48:30.460,0,4.3157,0
15:48:30.475,2,3.2614,0
15:48:30.475,1,3.3626,0
15:48:30.524,0,4.2213,0
15:48:30.524,1,4.2091,0
15:48:30.525,2,4.0723,0
15:48:30.543,0,4.5746,0
15:48:30.572,1,3.4547,0
15:48:30.578,2,3.8547,0
15:48:30.583,0,3.5171,0
15:48:30.605,2,3.6673,0
15:48:30.605,1,3.8367,0
15:48:30.629,0,4.3292,0
15:48:30.635,1,5.6624,0
15:48:30.638,2,3.5190,0
15:48:30.659,0,3.6583,0
15:48:30.686,1,3.6198,0
15:48:30.686,2,3.6291,0
15:48:30.701,0,4.1745,0
15:48:30.721,1,3.6214,0
15:48:30.726,2,4.1994,0
15:48:30.741,0,3.6487,0
15:48:30.762,1,3.4733,0
15:48:30.766,2,4.7875,0
15:48:30.776,0,3.9778,0
15:48:30.800,1,3.7500,0
15:48:30.803,2,5.1479,0
15:48:30.818,0,4.0589,0
15:48:30.857,1,4.2898,0
15:48:30.858,2,5.3086,0
15:48:30.861,0,5.3008,0
15:48:30.881,1,3.1571,0
15:48:30.882,2,3.2299,0
15:48:30.891,0,3.4121,0
15:48:30.921,1,3.0215,0
15:48:30.924,2,4.3753,0
15:48:30.935,0,2.9746,0
15:48:30.961,1,3.7297,0
15:48:30.961,2,3.4070,0
15:48:30.978,0,3.2215,0
15:48:31.011,1,3.5219,0
15:48:31.011,2,3.5454,0
15:48:31.020,0,3.6700,0
15:48:31.040,1,3.3111,0
15:48:31.040,2,3.3923,0
15:48:31.072,0,3.6293,0
15:48:31.082,1,4.0726,0
15:48:31.085,2,3.1688,0
15:48:31.123,1,3.1131,0
15:48:31.123,2,3.1972,0
15:48:31.160,2,3.6860,0
15:48:31.160,1,3.5305,0
15:48:31.167,0,14.3804,0
15:48:31.170,0,3.1205,0
15:48:31.180,0,4.1539,0
15:48:31.201,2,3.8910,0
15:48:31.201,1,4.2851,0
15:48:31.236,0,6.8743,0
15:48:31.244,1,7.8815,0
15:48:31.244,2,5.7832,0
15:48:31.264,0,6.7238,0
15:48:31.296,2,3.3117,0
15:48:31.297,1,3.5316,0
15:48:31.303,0,5.5200,0
15:48:31.320,1,3.3210,0
15:48:31.320,2,3.9859,0
15:48:31.341,0,3.4225,0
15:48:31.362,1,3.4127,0
15:48:31.364,2,4.6254,0
15:48:31.381,0,4.0817,0
15:48:31.401,1,3.4086,0
15:48:31.403,2,4.0561,0
15:48:31.422,0,3.3461,0
15:48:31.450,1,3.6251,0
15:48:31.452,2,4.7351,0
15:48:31.460,0,3.5157,0
15:48:31.476,1,4.0637,0
15:48:31.478,2,3.8046,0
15:48:31.517,0,3.4909,0
15:48:31.524,2,3.8660,0
15:48:31.525,1,4.4484,0
15:48:31.539,0,4.5731,0
15:48:31.569,1,4.4742,0
15:48:31.572,2,3.7295,0
15:48:31.579,0,4.2941,0
15:48:31.610,2,4.1235,0
15:48:31.610,1,4.7462,0
15:48:31.622,0,4.0100,0
15:48:31.642,2,3.5709,0
15:48:31.643,1,3.8113,0
15:48:31.654,0,3.7125,0
15:48:31.693,2,3.0349,0
15:48:31.695,1,5.4153,0
15:48:31.698,0,4.8081,0
15:48:31.721,1,3.2597,0
15:48:31.721,2,3.3725,0
15:48:31.749,0,3.4797,0
15:48:31.763,2,3.4230,0
15:48:31.763,1,3.4781,0
15:48:31.780,0,3.5374,0
15:48:31.798,2,3.2146,0
15:48:31.801,1,4.9009,0
15:48:31.811,0,3.3564,0
15:48:31.849,2,2.8911,0
15:48:31.855,1,5.4220,0
15:48:31.857,0,4.7820,0
15:48:31.880,2,3.4693,0
15:48:31.880,1,3.4209,0
15:48:31.918,0,2.5504,0
15:48:31.922,2,4.0034,0
15:48:31.924,1,3.3337,0
15:48:31.941,0,2.6274,0
15:48:31.952,1,2.8798,0
15:48:31.976,0,3.4329,0
15:48:31.976,2,3.5508,0
15:48:31.995,2,3.6825,0
15:48:32.000,1,5.0209,0
15:48:32.025,0,3.1368,0
15:48:32.038,2,2.8791,0
15:48:32.046,1,3.7923,0
15:48:32.057,0,3.5347,0
15:48:32.265,2,14.7431,0
15:48:32.269,2,3.7373,0
15:48:32.280,2,4.8976,0
15:48:32.290,2,4.5359,0
15:48:32.293,0,15.2501,0
15:48:32.296,2,4.4890,0
15:48:32.298,0,4.0447,0
15:48:32.302,1,21.4561,0
15:48:32.304,0,6.0705,0
15:48:32.307,1,4.9721,0
15:48:32.307,2,4.8974,0
15:48:32.310,0,5.6887,0
15:48:32.313,1,5.5783,0
15:48:32.315,0,4.3772,0
15:48:32.334,1,3.9641,0
15:48:32.335,2,4.4452,0
15:48:32.338,0,4.8864,0
15:48:32.354,1,3.2104,0
15:48:32.364,2,3.7972,0
15:48:32.406,0,3.7595,0
15:48:32.407,2,4.2894,0
15:48:32.413,0,3.8026,0
15:48:32.413,1,3.8155,0
15:48:32.453,2,3.5369,0
15:48:32.453,1,3.6403,0
15:48:32.465,0,4.1036,0
15:48:32.485,1,3.3610,0
15:48:32.487,2,5.5408,0
15:48:32.509,0,3.8248,0
15:48:32.515,1,5.3333,0
15:48:32.524,2,3.5440,0
15:48:32.542,0,4.3137,0
15:48:32.569,2,3.9585,0
15:48:32.571,1,3.9453,0
15:48:32.582,0,4.0475,0
15:48:32.617,2,4.1293,0
15:48:32.619,0,4.9321,0
15:48:32.619,1,5.9674,0
15:48:32.642,2,3.5130,0
15:48:32.643,1,3.3967,0
15:48:32.675,0,3.9602,0
15:48:32.675,1,3.9559,0
15:48:32.682,2,3.2916,0
15:48:32.703,0,4.3742,0
15:48:32.726,2,3.9524,0
15:48:32.732,1,4.4168,0
15:48:32.742,0,3.7331,0
15:48:32.764,2,4.0727,0
15:48:32.765,1,4.2260,0
15:48:32.830,2,3.2606,0
15:48:32.831,0,3.4849,0
15:48:32.831,1,3.7149,0
15:48:32.839,1,6.5520,0
15:48:32.839,0,7.8683,0
15:48:32.846,2,4.3414,0
15:48:32.862,0,3.1048,0
15:48:32.892,2,3.5293,0
15:48:32.899,0,2.9252,0
15:48:32.899,1,2.9936,0
15:48:32.916,2,3.1720,0
15:48:32.920,1,3.6544,0
15:48:32.941,0,3.8492,0
15:48:32.961,1,3.0908,0
15:48:32.961,2,3.2622,0
15:48:32.976,0,2.7532,0
15:48:33.008,2,3.1856,0
15:48:33.009,1,3.4007,0
15:48:33.022,0,3.7959,0
15:48:33.034,1,3.8684,0
15:48:33.054,2,2.9265,0
15:48:33.060,0,2.9878,0
15:48:33.074,2,3.4877,0
15:48:33.079,1,4.9062,0
15:48:33.115,2,2.7869,0
15:48:33.121,1,3.1053,0
15:48:33.166,0,11.8574,0
15:48:33.166,1,3.0763,0
15:48:33.170,0,3.0744,0
15:48:33.184,0,4.4028,0
15:48:33.209,2,3.8524,0
15:48:33.212,1,4.4031,0
15:48:33.223,0,3.1354,0
15:48:33.236,1,4.3387,0
15:48:33.243,2,3.5301,0
15:48:33.275,0,3.9160,0
15:48:33.277,1,4.0985,0
15:48:33.277,2,5.1502,0
15:48:33.300,0,4.3610,0
15:48:33.322,2,4.5845,0
15:48:33.328,1,5.3982,0
15:48:33.341,0,3.7482,0
15:48:33.385,1,3.1809,0
15:48:33.386,2,3.8182,0
15:48:33.389,0,6.2170,0
15:48:33.407,1,3.5893,0
15:48:33.408,2,4.4268,0
15:48:33.415,0,6.2922,0
15:48:33.440,1,3.8531,0
15:48:33.440,2,4.0027,0
15:48:33.460,0,4.0221,0
15:48:33.494,2,3.5060,0
15:48:33.494,1,3.6373,0
15:48:33.501,0,5.2408,0
15:48:33.531,1,3.3090,0
15:48:33.532,2,3.5463,0
15:48:33.553,0,4.3868,0
15:48:33.571,2,4.5906,0
15:48:33.571,1,4.5985,0
15:48:33.575,0,4.7123,0
15:48:33.609,1,3.5125,0
15:48:33.610,2,4.5488,0
15:48:33.617,0,3.9823,0
15:48:33.638,1,3.1884,0
15:48:33.641,2,3.6886,0
15:48:33.660,0,3.8350,0
15:48:33.680,1,3.3159,0
15:48:33.696,2,3.3838,0
15:48:33.705,0,3.8162,0
15:48:33.741,1,3.6243,0
15:48:33.744,2,4.8256,0
15:48:33.744,0,4.2543,0
15:48:33.754,1,3.6791,0
15:48:33.754,2,3.7315,0
15:48:33.807,0,4.0609,0
15:48:33.813,2,3.2612,0
15:48:33.814,1,3.5577,0
15:48:33.819,0,4.9955,0
15:48:33.843,1,3.2631,0
15:48:33.854,2,3.1341,0
15:48:33.863,0,3.9282,0
15:48:33.885,1,3.3985,0
15:48:33.890,2,4.6342,0
15:48:33.892,0,3.2942,0
15:48:33.915,1,3.5551,0
15:48:33.915,2,3.6021,0
15:48:33.941,0,3.5947,0
15:48:33.963,1,3.7593,0
15:48:33.966,2,4.5286,0
15:48:33.978,0,3.0224,0
15:48:34.020,2,3.3267,0
15:48:34.020,1,3.8623,0
15:48:34.024,0,4.7613,0
15:48:34.043,1,3.2165,0
15:48:34.053,0,3.8673,0
15:48:34.054,2,4.1653,0
15:48:34.165,1,12.7943,0
15:48:34.185,1,2.5933,0
15:48:34.192,1,3.9260,0
15:48:34.196,0,13.6896,0
15:48:34.200,0,3.4351,0
15:48:34.202,2,16.2259,0
15:48:34.205,2,2.7474,0
15:48:34.210,2,4.8039,0
15:48:34.213,0,5.1086,0
15:48:34.216,2,3.6988,0
15:48:34.216,1,3.7522,0
15:48:34.220,0,6.1575,0
15:48:34.242,1,4.0414,0
15:48:34.242,2,4.1473,0
15:48:34.265,0,3.0862,0
15:48:34.287,2,3.5200,0
15:48:34.287,1,3.5711,0
15:48:34.318,0,3.1726,0
15:48:34.324,1,3.1370,0
15:48:34.327,2,4.0029,0
15:48:34.341,0,4.2187,0
15:48:34.354,1,3.0112,0
15:48:34.357,2,3.6078,0
15:48:34.375,0,4.2383,0
15:48:34.400,1,3.1513,0
15:48:34.402,2,3.8208,0
15:48:34.432,0,3.6372,0
15:48:34.444,2,3.0314,0
15:48:34.444,1,3.4297,0
15:48:34.461,0,3.9840,0
15:48:34.491,1,3.4494,0
15:48:34.503,2,3.1167,0
15:48:34.505,0,5.4403,0
15:48:34.515,1,3.4836,0
15:48:34.518,2,3.8539,0
15:48:34.534,0,3.8641,0
15:48:34.568,1,3.2177,0
15:48:34.568,2,3.7072,0
15:48:34.580,0,4.1212,0
15:48:34.625,1,3.4586,0
15:48:34.627,2,4.8151,0
15:48:34.628,0,4.6890,0
15:48:34.643,1,3.3805,0
15:48:34.646,2,3.8793,0
15:48:34.661,0,3.9250,0
15:48:34.675,1,3.8146,0
15:48:34.676,2,3.6996,0
15:48:34.694,0,4.0859,0
15:48:34.734,1,3.3277,0
15:48:34.735,2,3.9966,0
15:48:34.738,0,4.9920,0
15:48:34.764,2,3.2889,0
15:48:34.764,1,3.3033,0
15:48:34.791,0,4.2299,0
15:48:34.802,1,3.2831,0
15:48:34.805,2,3.4162,0
15:48:34.821,0,3.6264,0
15:48:34.843,2,3.1376,0
15:48:34.843,1,3.2159,0
15:48:34.853,0,3.7218,0
15:48:34.881,2,3.3971,0
15:48:34.881,1,3.5098,0
15:48:34.897,0,3.7037,0
15:48:34.939,2,3.1876,0
15:48:34.939,1,3.2985,0
15:48:34.943,0,5.2453,0
15:48:34.966,1,3.4693,0
15:48:34.966,2,3.4645,0
15:48:34.995,1,3.5615,0
15:48:34.996,0,4.0165,0
15:48:35.003,2,3.4803,0
15:48:35.015,0,4.0040,0
15:48:35.068,2,3.6124,0
15:48:35.071,1,3.4293,0
15:48:35.074,0,5.4331,0
15:48:35.082,1,3.2934,0
15:48:35.082,2,3.4294,0
15:48:35.123,2,3.6029,0
15:48:35.127,1,4.9887,0
15:48:35.182,0,14.4148,0
15:48:35.187,1,3.4688,0
15:48:35.187,0,3.5901,0
15:48:35.187,2,3.6751,0
15:48:35.195,0,7.4768,0
15:48:35.203,2,3.6087,0
15:48:35.203,1,3.6146,0
15:48:35.237,0,4.6326,0
15:48:35.244,2,7.0295,0
15:48:35.245,1,4.8174,0
15:48:35.254,0,4.0053,0
15:48:35.299,1,3.3214,0
15:48:35.299,2,4.0453,0
15:48:35.299,0,3.4782,0
15:48:35.315,1,3.3788,0
15:48:35.323,2,3.3646,0
15:48:35.383,0,3.8422,0
15:48:35.384,1,3.4823,0
15:48:35.384,2,3.8558,0
15:48:35.391,0,6.9735,0
15:48:35.402,1,3.4533,0
15:48:35.402,2,3.7230,0
15:48:35.415,0,4.3111,0
15:48:35.443,1,3.3630,0
15:48:35.443,2,3.4548,0
15:48:35.461,0,4.1749,0
15:48:35.501,1,3.3576,0
15:48:35.501,2,3.5931,0
15:48:35.507,0,3.8576,0
15:48:35.517,2,3.6978,0
15:48:35.522,1,4.8211,0
15:48:35.544,0,4.3150,0
15:48:35.584,1,3.6448,0
15:48:35.584,2,3.7557,0
15:48:35.587,0,4.7952,0
15:48:35.611,2,4.1790,0
15:48:35.611,1,4.0783,0
15:48:35.620,0,4.2082,0
15:48:35.640,1,3.4034,0
15:48:35.645,2,3.5804,0
15:48:35.661,0,4.2788,0
15:48:35.675,2,3.0445,0
15:48:35.696,1,3.1703,0
15:48:35.702,0,3.8646,0
15:48:35.720,2,3.0869,0
15:48:35.723,1,3.3186,0
15:48:35.733,0,3.3233,0
15:48:35.764,2,3.9340,0
15:48:35.764,1,3.8037,0
15:48:35.778,0,2.8954,0
15:48:35.807,1,3.7977,0
15:48:35.816,2,4.0528,0
15:48:35.821,0,3.9266,0
15:48:35.836,2,3.3174,0
15:48:35.841,1,3.9420,0
15:48:35.868,0,2.7523,0
15:48:35.881,1,3.3215,0
15:48:35.881,2,3.3256,0
15:48:35.894,0,3.8535,0
15:48:35.923,1,3.3592,0
15:48:35.923,2,3.3913,0
15:48:35.945,0,4.0074,0
15:48:35.957,1,3.3355,0
15:48:35.963,2,4.3447,0
15:48:35.980,0,3.7192,0
15:48:36.015,2,4.1072,0
15:48:36.015,1,4.0753,0
15:48:36.027,0,3.3453,0
15:48:36.036,2,4.3923,0
15:48:36.040,1,4.4576,0
15:48:36.053,0,3.8297,0
15:48:36.155,2,11.0099,0
15:48:36.210,2,4.1420,0
15:48:36.215,0,9.8960,0
15:48:36.220,2,4.7653,0
15:48:36.224,0,5.6816,0
15:48:36.227,2,5.4001,0
15:48:36.227,1,14.2143,0
15:48:36.231,0,6.2896,0
15:48:36.231,1,3.5697,0
15:48:36.237,0,5.3423,0
15:48:36.237,1,5.6173,0
15:48:36.260,1,3.8752,0
15:48:36.260,2,4.2235,0
15:48:36.264,0,5.4861,0
15:48:36.284,1,3.5861,0
15:48:36.286,2,3.6640,0
15:48:36.311,0,4.0859,0
15:48:36.317,2,5.9063,0
15:48:36.323,1,3.3718,0
15:48:36.345,0,4.0928,0
15:48:36.368,2,3.3123,0
15:48:36.368,1,3.4605,0
15:48:36.374,0,4.3239,0
15:48:36.418,1,2.8693,0
15:48:36.418,2,3.1428,0
15:48:36.424,0,3.9662,0
15:48:36.445,1,3.0843,0
15:48:36.445,2,3.2652,0
15:48:36.473,0,4.4263,0
15:48:36.477,2,4.6934,0
15:48:36.484,1,4.3471,0
15:48:36.503,0,3.8310,0
15:48:36.536,1,3.2773,0
15:48:36.539,2,5.1798,0
15:48:36.539,0,5.3746,0
15:48:36.560,1,3.4868,0
15:48:36.565,2,5.1386,0
15:48:36.592,0,3.6597,0
15:48:36.602,1,3.3010,0
15:48:36.607,2,3.8808,0
15:48:36.622,0,4.1915,0
15:48:36.687,1,3.2801,0
15:48:36.688,2,3.6322,0
15:48:36.691,0,5.1223,0
15:48:36.695,1,6.3899,0
15:48:36.697,0,5.4043,0
15:48:36.698,2,6.1444,0
15:48:36.721,1,3.5340,0
15:48:36.725,2,3.4495,0
15:48:36.750,0,4.5626,0
15:48:36.763,1,3.2722,0
15:48:36.763,2,3.3905,0
15:48:36.782,0,4.3902,0
15:48:36.802,1,2.9277,0
15:48:36.810,2,3.5555,0
15:48:36.825,0,4.3903,0
15:48:36.834,1,3.1419,0
15:48:36.861,0,4.6597,0
15:48:36.861,2,4.3984,0
15:48:36.881,1,3.3884,0
15:48:36.884,2,3.9922,0
15:48:36.910,0,3.4894,0
15:48:36.921,2,2.8286,0
15:48:36.922,1,3.3509,0
15:48:36.940,0,3.2445,0
15:48:36.973,1,3.0197,0
15:48:36.973,2,3.0651,0
15:48:36.983,0,3.9323,0
15:48:36.995,1,3.4863,0
15:48:36.995,2,3.5953,0
15:48:37.026,0,4.0696,0
15:48:37.042,2,3.1992,0
15:48:37.042,1,3.3856,0
15:48:37.062,0,3.7933,0
15:48:37.084,1,3.7381,0
15:48:37.084,2,3.8236,0
15:48:37.155,1,4.0892,0
15:48:37.155,2,3.6094,0
15:48:37.162,2,6.3287,0
15:48:37.163,0,12.2037,0
15:48:37.166,1,4.9776,0
15:48:37.169,0,5.0444,0
15:48:37.192,0,4.8559,0
15:48:37.195,1,3.6531,0
15:48:37.201,2,3.2037,0
15:48:37.225,0,4.3460,0
15:48:37.242,1,3.6606,0
15:48:37.244,2,3.6605,0
15:48:37.254,0,4.2152,0
15:48:37.283,1,3.1278,0
15:48:37.287,2,4.1012,0
15:48:37.300,0,3.9332,0
15:48:37.345,2,3.5594,0
15:48:37.345,0,3.3552,0
15:48:37.348,1,5.9284,0
15:48:37.355,1,3.3613,0
15:48:37.361,2,3.8391,0
15:48:37.415,0,4.2132,0
15:48:37.415,1,3.6995,0
15:48:37.415,2,3.7106,0
15:48:37.425,0,3.6967,0
15:48:37.456,2,3.2239,0
15:48:37.457,1,4.2682,0
15:48:37.463,0,5.8687,0
15:48:37.485,1,3.8073,0
15:48:37.485,2,3.8948,0
15:48:37.514,0,4.1009,0
15:48:37.520,1,3.6574,0
15:48:37.524,2,3.6347,0
15:48:37.543,0,2.9640,0
15:48:37.584,1,3.2264,0
15:48:37.587,0,5.0416,0
15:48:37.587,2,5.0371,0
15:48:37.605,1,3.9410,0
15:48:37.608,2,3.8616,0
15:48:37.622,0,3.8283,0
15:48:37.637,2,4.1653,0
15:48:37.643,1,3.4460,0
15:48:37.662,0,3.9002,0
15:48:37.676,1,3.6386,0
15:48:37.692,2,3.6259,0
15:48:37.706,0,4.1090,0
15:48:37.719,1,3.3206,0
15:48:37.724,2,4.1924,0
15:48:37.754,0,3.7212,0
15:48:37.762,1,3.6796,0
15:48:37.766,2,4.1105,0
15:48:37.781,0,4.3890,0
15:48:37.803,2,3.8344,0
15:48:37.805,1,5.3894,0
15:48:37.822,0,4.0346,0
15:48:37.864,1,3.8140,0
15:48:37.864,2,3.8729,0
15:48:37.868,0,6.0651,0
15:48:37.877,1,3.9145,0
15:48:37.885,2,3.4875,0
15:48:37.894,0,3.4262,0
15:48:37.952,2,3.6855,0
15:48:37.952,1,3.8481,0
15:48:37.958,0,4.5071,0
15:48:37.966,2,3.3499,0
15:48:37.968,1,5.4800,0
15:48:37.982,0,4.0346,0
15:48:38.005,1,3.5416,0
15:48:38.005,2,3.5159,0
15:48:38.024,0,4.1837,0
15:48:38.037,1,3.4199,0
15:48:38.054,2,2.8995,0
15:48:38.060,0,4.3312,0
15:48:38.113,1,6.2572,0
15:48:38.166,1,3.7133,0
15:48:38.176,2,13.3895,0
15:48:38.179,2,3.2695,0
15:48:38.197,1,4.7161,0
15:48:38.202,2,4.4200,0
15:48:38.206,1,5.0789,0
15:48:38.208,2,5.1761,0
15:48:38.208,0,17.1273,0
15:48:38.214,0,4.6958,0
15:48:38.219,0,5.0634,0
15:48:38.225,0,4.9673,0
15:48:38.244,2,3.1509,0
15:48:38.251,1,6.5026,0
15:48:38.260,0,3.2024,0
15:48:38.295,2,3.1113,0
15:48:38.298,1,5.6946,0
15:48:38.301,0,3.4451,0
15:48:38.325,2,3.2805,0
15:48:38.327,1,4.9951,0
15:48:38.371,2,3.0965,0
15:48:38.374,0,5.2776,0
15:48:38.374,1,5.2807,0
15:48:38.380,0,5.5758,0
15:48:38.428,1,3.8883,0
15:48:38.430,0,4.0893,0
15:48:38.430,2,6.0072,0
15:48:38.448,2,4.4398,0
15:48:38.449,1,4.9297,0
15:48:38.463,0,4.2718,0
15:48:38.486,2,4.5485,0
15:48:38.486,1,4.8373,0
15:48:38.496,0,4.0541,0
15:48:38.533,1,4.7033,0
15:48:38.536,2,4.8761,0
15:48:38.539,0,4.0343,0
15:48:38.556,2,3.4106,0
15:48:38.565,1,4.3383,0
15:48:38.584,0,4.2316,0
15:48:38.601,2,3.5370,0
15:48:38.609,1,4.5048,0
15:48:38.627,0,4.1428,0
15:48:38.646,2,3.5501,0
15:48:38.648,1,5.5454,0
15:48:38.664,0,4.5543,0
15:48:38.678,1,3.8408,0
15:48:38.690,2,3.6084,0
15:48:38.698,0,4.1941,0
15:48:38.716,2,4.1985,0
15:48:38.723,1,6.5040,0
15:48:38.739,0,4.1046,0
15:48:38.778,2,3.3636,0
15:48:38.780,1,5.2786,0
15:48:38.783,0,5.9016,0
15:48:38.806,1,3.4649,0
15:48:38.809,2,5.9385,0
15:48:38.836,0,4.3865,0
15:48:38.842,1,5.9811,0
15:48:38.845,2,4.1668,0
15:48:38.856,0,3.4973,0
15:48:38.882,2,3.4655,0
15:48:38.888,1,5.7851,0
15:48:38.900,0,4.2872,0
15:48:38.934,2,3.5232,0
15:48:38.940,1,3.4999,0
15:48:38.946,0,5.3939,0
15:48:38.967,1,4.0387,0
15:48:38.970,2,6.9780,0
15:48:38.991,0,4.7054,0
15:48:38.997,1,4.7821,0
15:48:39.004,2,3.0575,0
15:48:39.016,0,4.1197,0
15:48:39.071,1,4.5176,0
15:48:39.071,2,4.3896,0
15:48:39.071,0,4.5644,0
15:48:39.084,2,4.4471,0
15:48:39.085,1,4.6193,0
15:48:39.120,0,7.4542,0
15:48:39.125,2,5.0319,0
15:48:39.129,1,6.6208,0
15:48:39.144,0,3.4919,0
15:48:39.223,2,4.6796,0
15:48:39.224,1,5.6968,0
15:48:39.224,0,4.2955,0
15:48:39.231,2,7.3483,0
15:48:39.231,1,6.7375,0
15:48:39.232,0,6.8325,0
15:48:39.243,2,3.4858,0
15:48:39.244,1,3.9788,0
15:48:39.273,0,4.6234,0
15:48:39.285,2,3.3865,0
15:48:39.286,1,4.0453,0
15:48:39.306,0,5.2013,0
15:48:39.342,1,3.9898,0
15:48:39.347,2,5.6813,0
15:48:39.347,0,4.8917,0
15:48:39.358,2,4.1798,0
15:48:39.358,1,4.2761,0
15:48:39.384,0,4.4311,0
15:48:39.419,2,4.5895,0
15:48:39.420,1,5.1831,0
15:48:39.423,0,4.9167,0
15:48:39.446,2,3.6373,0
15:48:39.447,1,4.1165,0
15:48:39.488,0,4.5645,0
15:48:39.489,1,5.0996,0
15:48:39.493,2,6.4796,0
15:48:39.495,0,4.3279,0
15:48:39.532,1,4.0294,0
15:48:39.535,2,5.1490,0
15:48:39.541,0,4.1891,0
15:48:39.562,2,3.2730,0
15:48:39.569,1,6.7185,0
15:48:39.595,0,3.9866,0
15:48:39.605,2,3.3055,0
15:48:39.605,1,5.0027,0
15:48:39.625,0,4.2882,0
15:48:39.649,2,3.7173,0
15:48:39.649,1,4.0965,0
15:48:39.655,0,4.5701,0
15:48:39.680,2,3.5417,0
15:48:39.687,1,6.5665,0
15:48:39.701,0,4.1112,0
15:48:39.725,1,3.6446,0
15:48:39.731,2,3.4149,0
15:48:39.755,0,4.3914,0
15:48:39.766,1,4.7539,0
15:48:39.766,2,3.3049,0
15:48:39.788,0,4.7854,0
15:48:39.808,1,4.4431,0
15:48:39.809,2,4.9514,0
15:48:39.830,0,4.9174,0
15:48:39.839,1,4.2605,0
15:48:39.844,2,4.6726,0
15:48:39.866,0,4.1814,0
15:48:39.887,2,3.5749,0
15:48:39.887,1,4.2583,0
15:48:39.901,0,4.1851,0
15:48:39.945,2,4.1626,0
15:48:39.947,0,5.5217,0
15:48:39.948,1,6.3145,0
15:48:39.966,1,3.9631,0
15:48:39.969,2,3.1423,0
15:48:39.978,0,4.5440,0
15:48:39.997,2,3.6606,0
15:48:40.004,1,3.8019,0
15:48:40.022,0,4.4455,0
15:48:40.049,1,5.4122,0
15:48:40.049,2,3.5944,0
15:48:40.062,0,3.6745,0
15:48:40.126,1,6.9098,0
15:48:40.134,2,9.1664,0
15:48:40.142,2,3.0027,0
15:48:40.144,1,3.9079,0
15:48:40.147,0,8.0405,0
15:48:40.150,0,2.9867,0
15:48:40.188,2,3.6923,0
15:48:40.190,1,5.3346,0
15:48:40.197,0,4.6926,0
15:48:40.203,1,6.1063,0
15:48:40.206,2,3.7915,0
15:48:40.252,2,3.3569,0
15:48:40.254,1,6.1090,0
15:48:40.254,0,6.3169,0
15:48:40.265,0,4.0125,0
15:48:40.278,2,4.2697,0
15:48:40.284,1,4.9829,0
15:48:40.305,0,4.9020,0
15:48:40.325,2,4.4508,0
15:48:40.328,1,4.8332,0
15:48:40.342,0,4.1829,0
15:48:40.360,1,4.2135,0
15:48:40.363,2,4.0553,0
15:48:40.383,0,4.0312,0
15:48:40.407,2,3.2213,0
15:48:40.409,1,5.2739,0
15:48:40.426,0,4.1808,0
15:48:40.438,2,3.6378,0
15:48:40.444,1,3.8178,0
15:48:40.503,0,5.0647,0
15:48:40.510,2,4.5535,0
15:48:40.513,1,4.0434,0
15:48:40.514,0,4.7374,0
15:48:40.530,2,3.8264,0
15:48:40.530,1,3.8373,0
15:48:40.564,0,5.0501,0
15:48:40.567,1,3.9568,0
15:48:40.568,2,4.7478,0
15:48:40.584,0,4.1584,0
15:48:40.599,2,2.8300,0
15:48:40.618,1,4.2353,0
15:48:40.621,0,4.1570,0
15:48:40.650,2,3.1841,0
15:48:40.652,1,4.9998,0
15:48:40.672,0,3.8451,0
15:48:40.681,1,5.0112,0
15:48:40.684,2,4.2611,0
15:48:40.704,0,4.5702,0
15:48:40.724,1,3.8926,0
15:48:40.727,2,3.9425,0
15:48:40.750,0,4.3374,0
15:48:40.758,2,3.5760,0
15:48:40.764,1,3.9241,0
15:48:40.778,0,4.5506,0
15:48:40.821,2,3.0299,0
15:48:40.824,1,5.0404,0
15:48:40.828,0,6.4078,0
15:48:40.839,1,4.6219,0
15:48:40.844,2,4.6662,0
15:48:40.876,0,4.6394,0
15:48:40.881,1,3.3053,0
15:48:40.887,2,4.8830,0
15:48:40.907,0,3.8065,0
15:48:40.917,2,3.4726,0
15:48:40.922,1,4.1196,0
15:48:40.945,0,2.9663,0
15:48:40.966,2,3.4648,0
15:48:40.968,1,3.5061,0
15:48:40.981,0,4.1191,0
15:48:41.007,2,3.3414,0
15:48:41.007,1,3.5890,0
15:48:41.023,0,4.1995,0
15:48:41.061,2,3.6764,0
15:48:41.061,1,3.8977,0
15:48:41.067,0,4.9876,0
15:48:41.080,2,3.5987,0
15:48:41.085,1,4.7885,0
15:48:41.142,2,4.2587,0
15:48:41.149,1,7.3981,0
15:48:41.152,0,13.7383,0
15:48:41.154,0,2.3994,0
15:48:41.169,1,3.5016,0
15:48:41.169,2,3.6200,0
15:48:41.183,0,3.4111,0
15:48:41.237,0,4.4501,0
15:48:41.237,2,4.6294,0
15:48:41.237,1,5.3708,0
15:48:41.245,2,7.2962,0
15:48:41.246,1,4.2972,0
15:48:41.257,0,3.2806,0
15:48:41.299,2,4.6837,0
15:48:41.299,1,4.9660,0
15:48:41.302,0,4.9663,0
15:48:41.316,1,3.0140,0
15:48:41.325,2,3.0936,0
15:48:41.342,0,4.1030,0
15:48:41.383,2,3.8523,0
15:48:41.384,1,5.2042,0
15:48:41.387,0,4.9970,0
15:48:41.397,2,3.0741,0
15:48:41.409,1,4.5308,0
15:48:41.461,0,4.1769,0
15:48:41.465,2,6.8526,0
15:48:41.471,0,5.9055,0
15:48:41.472,1,7.5657,0
15:48:41.486,2,4.2454,0
15:48:41.488,1,6.4607,0
15:48:41.512,0,3.4888,0
15:48:41.533,2,3.9455,0
15:48:41.534,1,4.5124,0
15:48:41.546,0,4.5397,0
15:48:41.569,1,3.1100,0
15:48:41.569,2,3.4488,0
15:48:41.585,0,3.2379,0
15:48:41.605,2,3.2409,0
15:48:41.616,1,5.8710,0
15:48:41.623,0,3.4437,0
15:48:41.648,1,3.2800,0
15:48:41.648,2,3.4548,0
15:48:41.664,0,4.3149,0
15:48:41.702,2,3.6314,0
15:48:41.704,1,5.9275,0
15:48:41.709,0,5.0226,0
15:48:41.723,2,4.4151,0
15:48:41.730,1,2.9931,0
15:48:41.736,0,4.1890,0
15:48:41.798,2,3.7215,0
15:48:41.801,1,3.6352,0
15:48:41.804,0,5.6411,0
15:48:41.810,1,4.7060,0
15:48:41.810,2,4.7407,0
15:48:41.825,0,3.3058,0
15:48:41.837,1,3.3785,0
15:48:41.847,2,3.5329,0
15:48:41.872,0,3.9814,0
15:48:41.878,2,4.1533,0
15:48:41.883,1,4.5378,0
15:48:41.899,0,4.2717,0
15:48:41.933,2,4.7247,0
15:48:41.937,1,5.5160,0
15:48:41.942,0,4.1878,0
15:48:41.987,1,3.9383,0
15:48:41.987,2,3.5803,0
15:48:41.990,0,5.9968,0
15:48:41.995,1,3.4256,0
15:48:42.008,2,3.7144,0
15:48:42.033,0,3.5232,0
15:48:42.039,2,4.6481,0
15:48:42.042,1,3.8505,0
15:48:42.069,0,4.2434,0
15:48:42.114,1,7.8500,0
15:48:42.187,1,1.7562,0
15:48:42.196,1,2.5562,0
15:48:42.234,2,12.4718,0
15:48:42.237,1,4.0040,0
15:48:42.238,0,14.0538,0
15:48:42.240,2,5.2230,0
15:48:42.244,0,4.8026,0
15:48:42.247,2,5.5007,0
15:48:42.247,1,6.0081,0
15:48:42.250,0,6.1825,0
15:48:42.253,2,6.0763,0
15:48:42.255,0,4.8575,0
15:48:42.276,0,4.3737,0
15:48:42.289,1,3.4491,0
15:48:42.292,2,4.5333,0
15:48:42.305,0,4.2254,0
15:48:42.351,2,4.3822,0
15:48:42.351,1,4.8534,0
15:48:42.351,0,4.1782,0
15:48:42.363,1,3.7015,0
15:48:42.363,2,3.7943,0
15:48:42.384,0,4.2652,0
15:48:42.410,1,3.9170,0
15:48:42.412,2,4.8543,0
15:48:42.422,0,3.7588,0
15:48:42.449,2,3.3188,0
15:48:42.451,1,3.8271,0
15:48:42.465,0,3.6338,0
15:48:42.500,1,3.4269,0
15:48:42.507,2,3.5655,0
15:48:42.507,0,4.0006,0
15:48:42.520,2,3.6006,0
15:48:42.522,1,3.9104,0
15:48:42.553,0,4.3436,0
15:48:42.566,2,3.6405,0
15:48:42.566,1,3.7413,0
15:48:42.584,0,3.8849,0
15:48:42.628,1,3.5989,0
15:48:42.628,2,3.9934,0
15:48:42.632,0,6.3717,0
15:48:42.650,2,3.4633,0
15:48:42.651,1,4.4970,0
15:48:42.667,0,4.0713,0
15:48:42.683,2,4.1158,0
15:48:42.683,1,4.7130,0
15:48:42.701,0,4.1650,0
15:48:42.725,1,3.7628,0
15:48:42.728,2,5.0721,0
15:48:42.772,0,4.2418,0
15:48:42.772,1,4.4555,0
15:48:42.772,2,4.3164,0
15:48:42.783,0,4.1413,0
15:48:42.844,1,4.4562,0
15:48:42.844,2,4.2118,0
15:48:42.852,0,4.2867,0
15:48:42.858,2,4.0930,0
15:48:42.861,0,5.4649,0
15:48:42.861,1,5.5292,0
15:48:42.874,1,2.3760,0
15:48:42.893,2,3.8039,0
15:48:42.902,0,3.6966,0
15:48:42.924,2,3.4432,0
15:48:42.925,1,3.7426,0
15:48:42.955,0,4.2085,0
15:48:42.967,2,3.6792,0
15:48:42.967,1,3.7606,0
15:48:42.997,0,4.4513,0
15:48:43.064,2,3.6961,0
15:48:43.066,1,5.0254,0
15:48:43.067,0,4.6494,0
15:48:43.071,2,6.2254,0
15:48:43.074,1,6.6973,0
15:48:43.074,0,6.7874,0
15:48:43.085,1,4.1124,0
15:48:43.087,2,4.2550,0
15:48:43.142,1,3.6385,0
15:48:43.147,2,3.6266,0
15:48:43.169,0,12.1459,0
15:48:43.184,0,3.3323,0
15:48:43.187,2,5.9824,0
15:48:43.190,1,4.4371,0
15:48:43.193,0,4.5153,0
15:48:43.196,1,3.6127,0
15:48:43.206,2,3.7527,0
15:48:43.242,0,3.8113,0
15:48:43.248,1,5.3752,0
15:48:43.250,2,5.0178,0
15:48:43.260,0,3.3322,0
15:48:43.286,1,2.6091,0
15:48:43.292,2,3.2443,0
15:48:43.302,0,4.6256,0
15:48:43.320,2,4.4363,0
15:48:43.326,1,4.4816,0
15:48:43.355,0,3.9303,0
15:48:43.362,1,3.9360,0
15:48:43.367,2,3.4113,0
15:48:43.388,0,4.0807,0
15:48:43.405,2,3.5505,0
15:48:43.405,1,3.6281,0
15:48:43.431,0,3.1738,0
15:48:43.446,1,3.4824,0
15:48:43.450,2,4.2969,0
15:48:43.464,0,4.1238,0
15:48:43.495,1,3.6260,0
15:48:43.497,2,5.9934,0
15:48:43.503,0,3.7967,0
15:48:43.518,1,3.4793,0
15:48:43.523,2,4.2700,0
15:48:43.545,0,4.2211,0
15:48:43.568,2,4.3010,0
15:48:43.568,1,4.5547,0
15:48:43.578,0,4.1203,0
15:48:43.614,1,3.4102,0
15:48:43.620,2,3.4509,0
15:48:43.627,0,4.2684,0
15:48:43.640,2,3.6586,0
15:48:43.646,1,3.5022,0
15:48:43.672,0,3.8327,0
15:48:43.676,1,3.6018,0
15:48:43.689,2,3.6636,0
15:48:43.705,0,3.9113,0
15:48:43.730,1,4.0295,0
15:48:43.731,2,4.3130,0
15:48:43.737,0,3.9611,0
15:48:43.764,1,2.9352,0
15:48:43.786,2,3.3761,0
15:48:43.786,0,3.4150,0
15:48:43.806,1,3.3326,0
15:48:43.817,2,3.2541,0
15:48:43.836,0,4.1027,0
15:48:43.841,1,5.2295,0
15:48:43.844,2,4.2095,0
15:48:43.866,0,3.9078,0
15:48:43.897,2,3.8945,0
15:48:43.897,1,4.1230,0
15:48:43.898,0,3.8518,0
15:48:43.923,1,3.9060,0
15:48:43.928,2,5.5196,0
15:48:43.962,0,4.0090,0
15:48:43.964,1,4.2983,0
15:48:43.965,2,5.7687,0
15:48:43.983,0,3.3562,0
15:48:44.004,1,3.0465,0
15:48:44.005,2,3.3478,0
15:48:44.035,0,3.6566,0
15:48:44.038,1,3.9032,0
15:48:44.044,2,3.1713,0
15:48:44.058,0,3.7592,0
15:48:44.164,1,13.7195,0
15:48:44.176,1,3.1534,0
15:48:44.234,1,3.3815,0
15:48:44.251,2,16.3033,0
15:48:44.256,2,4.0455,0
15:48:44.262,2,4.2963,0
15:48:44.271,1,3.5356,0
15:48:44.273,2,4.5832,0
15:48:44.274,0,14.9493,0
15:48:44.278,0,3.4387,0
15:48:44.280,2,5.8525,0
15:48:44.280,1,6.4337,0
15:48:44.284,0,6.2907,0
15:48:44.288,2,5.9429,0
15:48:44.291,0,5.8865,0
15:48:44.294,1,4.0520,0
15:48:44.345,0,4.2542,0
15:48:44.350,0,3.9337,0
15:48:44.350,2,4.0201,0
15:48:44.350,1,5.1798,0
15:48:44.362,2,3.3735,0
15:48:44.363,1,3.5333,0
15:48:44.381,0,3.9380,0
15:48:44.405,1,3.8988,0
15:48:44.406,2,3.7792,0
15:48:44.424,0,3.0918,0
15:48:44.451,2,3.3408,0
15:48:44.453,1,4.7245,0
15:48:44.465,0,2.8841,0
15:48:44.480,1,3.3690,0
15:48:44.505,2,3.1529,0
15:48:44.505,0,3.2611,0
15:48:44.529,1,3.5410,0
15:48:44.529,2,3.5335,0
15:48:44.549,0,3.6779,0
15:48:44.566,1,3.2525,0
15:48:44.567,2,4.0102,0
15:48:44.586,0,3.7279,0
15:48:44.621,1,4.8218,0
15:48:44.621,2,4.7720,0
15:48:44.625,0,4.9924,0
15:48:44.640,1,3.8384,0
15:48:44.648,2,3.8056,0
15:48:44.675,0,3.9687,0
15:48:44.688,2,3.6288,0
15:48:44.692,1,3.7742,0
15:48:44.703,0,3.6247,0
15:48:44.728,2,4.1718,0
15:48:44.728,1,4.0949,0
15:48:44.750,0,3.3648,0
15:48:44.772,2,3.9801,0
15:48:44.772,1,4.1337,0
15:48:44.787,0,4.0483,0
15:48:44.801,1,3.4050,0
15:48:44.812,2,3.0903,0
15:48:44.816,0,3.6963,0
15:48:44.850,2,3.0000,0
15:48:44.856,1,3.4190,0
15:48:44.865,0,3.5811,0
15:48:44.886,2,3.4587,0
15:48:44.886,1,3.4124,0
15:48:44.907,0,3.7542,0
15:48:44.927,2,3.5607,0
15:48:44.934,1,3.0197,0
15:48:44.944,0,2.8186,0
15:48:44.960,1,3.4157,0
15:48:44.967,2,3.3531,0
15:48:44.982,0,3.7545,0
15:48:45.020,1,4.2457,0
15:48:45.025,2,3.5710,0
15:48:45.026,0,3.9804,0
15:48:45.044,2,3.8854,0
15:48:45.050,1,3.4798,0
15:48:45.088,0,2.9848,0
15:48:45.088,2,3.0973,0
15:48:45.091,1,5.3250,0
15:48:45.120,1,4.2594,0
15:48:45.125,2,3.5703,0
15:48:45.196,1,3.9373,0
15:48:45.211,2,2.9851,0
15:48:45.215,2,3.2191,0
15:48:45.217,1,4.8212,0
15:48:45.267,2,3.5067,0
15:48:45.267,1,3.4428,0
15:48:45.279,1,3.6468,0
15:48:45.284,2,3.2804,0
15:48:45.324,1,3.9839,0
15:48:45.329,2,4.0674,0
15:48:45.373,2,3.3164,0
15:48:45.377,1,4.8990,0
15:48:45.427,1,3.8668,0
15:48:45.427,2,4.2793,0
15:48:45.440,1,3.5246,0
15:48:45.445,2,3.3756,0
15:48:45.487,1,4.8320,0
15:48:45.489,2,4.2844,0
15:48:45.519,2,3.1957,0
15:48:45.539,1,3.6605,0
15:48:45.565,2,3.2582,0
15:48:45.565,1,3.0376,0
15:48:45.634,1,4.1020,0
15:48:45.634,2,4.0371,0
15:48:45.645,1,3.6352,0
15:48:45.651,2,4.2757,0
15:48:45.701,2,4.6189,0
15:48:45.701,1,4.4266,0
15:48:45.727,2,4.6995,0
15:48:45.729,1,4.7622,0
15:48:45.761,1,4.6850,0
15:48:45.766,2,3.2767,0
15:48:45.804,1,3.5079,0
15:48:45.813,2,2.9652,0
15:48:45.841,2,3.6872,0
15:48:45.846,1,4.6300,0
15:48:45.886,2,3.5700,0
15:48:45.886,1,3.7934,0
15:48:45.927,2,3.2985,0
15:48:45.927,1,3.4619,0
15:48:45.986,2,3.2088,0
15:48:45.987,1,3.4854,0
15:48:45.999,2,3.9007,0
15:48:46.008,1,3.6268,0
15:48:46.047,2,3.4924,0
15:48:46.050,1,5.6186,0
15:48:46.064,0,3.6397,23
15:48:46.213,1,16.8988,0
15:48:46.218,1,3.8691,0
15:48:46.251,1,3.5907,0
15:48:46.266,2,20.6619,0
15:48:46.270,1,5.2728,0
15:48:46.272,2,5.1454,0
15:48:46.277,1,6.3465,0
15:48:46.280,2,6.7920,0
15:48:46.286,2,5.2819,0
15:48:46.290,2,4.3489,0
15:48:46.299,1,3.1128,0
15:48:46.318,1,3.5345,0
15:48:46.325,2,3.1013,0
15:48:46.366,1,4.5161,0
15:48:46.368,2,2.8795,0
15:48:46.405,2,3.1271,0
15:48:46.413,1,3.0063,0
15:48:46.446,1,3.7063,0
15:48:46.447,2,3.8748,0
15:48:46.482,1,3.4824,0
15:48:46.487,2,4.5192,0
15:48:46.531,1,3.0691,0
15:48:46.536,2,3.9109,0
15:48:46.566,2,3.2959,0
15:48:46.567,1,3.3780,0
15:48:46.611,2,3.3773,0
15:48:46.611,1,3.5947,0
15:48:46.647,2,3.4657,0
15:48:46.649,1,3.7808,0
15:48:46.699,1,3.5799,0
15:48:46.699,2,3.4965,0
15:48:46.720,2,3.1801,0
15:48:46.725,1,4.4952,0
15:48:46.772,2,3.5027,0
15:48:46.772,1,3.5918,0
15:48:46.811,2,3.5808,0
15:48:46.812,1,4.1031,0
15:48:46.838,1,3.0650,0
15:48:46.869,2,3.2692,0
15:48:46.885,2,3.3890,0
15:48:46.888,1,5.4424,0
15:48:46.926,2,3.4058,0
15:48:46.926,1,3.5665,0
15:48:46.968,2,3.2492,0
15:48:46.969,1,3.6326,0
15:48:46.998,1,3.4025,0
15:48:47.007,2,3.0874,0
15:48:47.046,1,3.3642,0
15:48:47.051,2,2.9851,0
15:48:47.056,0,3.5590,23
15:48:47.100,1,3.5209,0
15:48:47.100,2,3.6525,0
15:48:47.126,2,3.2586,0
15:48:47.129,1,3.7931,0
15:48:47.183,1,3.3590,0
15:48:47.203,0,14.9928,0
15:48:47.207,0,3.4627,0
15:48:47.210,1,5.8748,0
15:48:47.210,2,6.5769,0
15:48:47.214,0,5.8390,0
15:48:47.217,2,6.4550,0
15:48:47.226,0,3.1053,0
15:48:47.265,1,3.1881,0
15:48:47.265,2,3.3093,0
15:48:47.271,0,4.2347,0
15:48:47.281,2,3.2397,0
15:48:47.287,1,3.4129,0
15:48:47.298,0,2.8619,0
15:48:47.324,1,3.4057,0
15:48:47.326,2,3.5185,0
15:48:47.342,0,3.2095,0
15:48:47.386,1,4.3827,0
15:48:47.391,0,4.3064,0
15:48:47.392,2,5.4203,0
15:48:47.408,2,4.0152,0
15:48:47.409,1,3.9980,0
15:48:47.437,0,3.8362,0
15:48:47.448,1,3.5070,0
15:48:47.450,2,4.4738,0
15:48:47.463,0,3.7337,0
15:48:47.488,2,3.1657,0
15:48:47.490,1,3.4143,0
15:48:47.503,0,3.4048,0
15:48:47.525,1,4.2034,0
15:48:47.542,2,3.2365,0
15:48:47.547,0,5.0677,0
15:48:47.567,1,4.6396,0
15:48:47.570,2,4.1082,0
15:48:47.588,0,3.3323,0
15:48:47.622,2,3.7289,0
15:48:47.622,0,3.5288,0
15:48:47.622,1,3.8178,0
15:48:47.639,2,3.2780,0
15:48:47.651,1,4.0022,0
15:48:47.685,0,3.5903,0
15:48:47.685,2,3.2787,0
15:48:47.692,1,5.9611,0
15:48:47.704,0,3.2122,0
15:48:47.747,1,3.9155,0
15:48:47.747,0,3.6760,0
15:48:47.747,2,4.0118,0
15:48:47.771,1,3.5055,0
15:48:47.771,2,3.5984,0
15:48:47.777,0,4.1111,0
15:48:47.799,1,3.4043,0
15:48:47.821,0,2.8882,0
15:48:47.822,2,3.4278,0
15:48:47.844,1,3.3400,0
15:48:47.849,2,4.2722,0
15:48:47.875,0,2.9220,0
15:48:47.888,1,3.2727,0
15:48:47.890,2,3.1341,0
15:48:47.906,0,3.8243,0
15:48:47.929,2,3.0451,0
15:48:47.934,1,5.5301,0
15:48:47.940,0,4.5883,0
15:48:47.965,2,3.2371,0
15:48:47.982,1,3.4854,0
15:48:47.988,0,4.6435,0
15:48:48.003,1,3.7613,0
15:48:48.007,2,4.5511,0
15:48:48.034,0,3.5025,0
15:48:48.047,1,3.7081,0
15:48:48.050,2,5.6674,0
15:48:48.066,0,3.8922,0
15:48:48.306,0,15.2574,0
15:48:48.309,2,17.2955,0
15:48:48.313,2,2.9491,0
15:48:48.317,0,3.5473,0
15:48:48.323,0,3.3422,0
15:48:48.326,2,4.1786,0
15:48:48.329,0,4.6551,0
15:48:48.334,1,20.5990,0
15:48:48.334,2,4.6597,0
15:48:48.334,0,4.6746,0
15:48:48.338,1,4.2212,0
15:48:48.341,2,6.8357,0
15:48:48.344,1,5.3845,0
15:48:48.347,0,4.7777,0
15:48:48.350,1,5.4003,0
15:48:48.379,1,3.1744,0
15:48:48.385,2,4.3169,0
15:48:48.387,0,3.6705,0
15:48:48.405,2,3.3934,0
15:48:48.412,1,4.0195,0
15:48:48.434,0,3.5821,0
15:48:48.447,2,4.0329,0
15:48:48.448,1,4.7235,0
15:48:48.465,0,3.7009,0
15:48:48.511,1,3.6433,0
15:48:48.511,2,3.9037,0
15:48:48.515,0,5.0013,0
15:48:48.519,1,4.1914,0
15:48:48.530,2,3.4614,0
15:48:48.560,0,3.8232,0
15:48:48.565,2,4.1582,0
15:48:48.565,1,3.9912,0
15:48:48.578,0,3.9234,0
15:48:48.606,1,3.0992,0
15:48:48.606,2,3.1859,0
15:48:48.624,0,3.9230,0
15:48:48.654,2,3.1061,0
15:48:48.654,1,3.1247,0
15:48:48.664,0,3.6546,0
15:48:48.686,1,2.9582,0
15:48:48.723,0,3.5460,0
15:48:48.724,2,4.1154,0
15:48:48.730,1,3.3508,0
15:48:48.730,2,5.5876,0
15:48:48.739,0,3.2274,0
15:48:48.795,2,3.7926,0
15:48:48.798,1,4.0647,0
15:48:48.800,0,3.8474,0
15:48:48.806,2,3.2123,0
15:48:48.812,1,5.0895,0
15:48:48.823,0,2.9576,0
15:48:48.863,1,4.1837,0
15:48:48.863,2,4.2018,0
15:48:48.867,0,4.5707,0
15:48:48.884,1,3.2141,0
15:48:48.897,2,2.9422,0
15:48:48.899,0,3.6983,0
15:48:48.919,2,3.1975,0
15:48:48.928,1,4.2513,0
15:48:48.958,0,3.7753,0
15:48:48.963,2,3.2055,0
15:48:48.969,1,5.2020,0
15:48:48.985,0,3.6323,0
15:48:49.009,1,4.0077,0
15:48:49.009,2,3.9196,0
15:48:49.026,0,3.7099,0
15:48:49.044,1,3.3660,0
15:48:49.068,2,3.2873,0
15:48:49.074,0,3.4708,0
15:48:49.089,2,3.3710,0
15:48:49.089,1,3.5915,0
15:48:49.123,2,3.2724,0
15:48:49.130,1,5.7665,0
15:48:49.188,2,4.5661,0
15:48:49.188,1,4.7881,0
15:48:49.196,0,18.0951,0
15:48:49.200,0,2.9203,0
15:48:49.204,0,3.9774,0
15:48:49.209,2,3.1166,0
15:48:49.209,1,3.1732,0
15:48:49.225,0,3.8854,0
15:48:49.253,2,3.1958,0
15:48:49.253,1,3.1932,0
15:48:49.265,0,3.6255,0
15:48:49.280,2,3.2079,0
15:48:49.286,1,3.3594,0
15:48:49.307,0,3.7756,0
15:48:49.320,1,3.2019,0
15:48:49.325,2,4.5247,0
15:48:49.339,0,3.4023,0
15:48:49.369,1,3.8317,0
15:48:49.372,2,3.2603,0
15:48:49.384,0,3.5059,0
15:48:49.434,1,4.0253,0
15:48:49.434,2,4.0953,0
15:48:49.439,0,6.4233,0
15:48:49.451,2,4.3006,0
15:48:49.451,1,4.3951,0
15:48:49.498,0,3.4979,0
15:48:49.498,1,3.7252,0
15:48:49.499,2,3.9356,0
15:48:49.505,0,6.0191,0
15:48:49.525,1,4.5020,0
15:48:49.527,2,3.7212,0
15:48:49.561,0,3.0580,0
15:48:49.571,1,4.1960,0
15:48:49.571,2,4.2763,0
15:48:49.585,0,3.4651,0
15:48:49.614,1,3.1102,0
15:48:49.615,2,3.3411,0
15:48:49.626,0,3.6495,0
15:48:49.643,1,3.9084,0
15:48:49.643,2,4.0253,0
15:48:49.666,0,3.3824,0
15:48:49.686,1,3.1777,0
15:48:49.686,2,3.4326,0
15:48:49.719,0,3.4214,0
15:48:49.725,1,3.4995,0
15:48:49.728,2,3.0190,0
15:48:49.744,0,3.6565,0
15:48:49.780,1,4.0541,0
15:48:49.780,2,4.3118,0
15:48:49.785,0,4.1183,0
15:48:49.801,2,3.6544,0
15:48:49.801,1,3.8174,0
15:48:49.836,0,3.0339,0
15:48:49.845,1,4.0343,0
15:48:49.848,2,4.6072,0
15:48:49.898,0,2.5672,0
15:48:49.901,1,4.0276,0
15:48:49.901,2,4.7005,0
15:48:49.906,0,5.8073,0
15:48:49.927,1,3.0704,0
15:48:49.932,2,3.1501,0
15:48:49.948,0,3.0015,0
15:48:49.978,2,3.2619,0
15:48:49.982,1,4.7409,0
15:48:49.985,0,4.8413,0
15:48:49.999,1,3.2793,0
15:48:50.004,2,3.3122,0
15:48:50.027,0,3.7376,0
15:48:50.049,1,3.3763,0
15:48:50.050,2,4.0477,0
15:48:50.066,0,3.0539,0
15:48:50.272,2,18.1324,0
15:48:50.276,1,20.4112,0
15:48:50.280,1,3.3644,0
15:48:50.285,1,4.0170,0
15:48:50.298,1,3.5657,0
15:48:50.301,2,4.3508,0
15:48:50.303,0,16.2721,0
15:48:50.307,1,5.4144,0
15:48:50.307,0,3.2173,0
15:48:50.307,2,5.8412,0
15:48:50.314,0,6.1961,0
15:48:50.314,2,6.0995,0
15:48:50.321,0,6.6397,0
15:48:50.336,1,3.3776,0
15:48:50.336,2,3.3508,0
15:48:50.345,0,2.7056,0
15:48:50.360,1,3.3232,0
15:48:50.363,2,5.2060,0
15:48:50.400,0,3.1482,0
15:48:50.415,1,3.9644,0
15:48:50.415,2,4.1234,0
15:48:50.422,0,5.2498,0
15:48:50.447,1,3.9849,0
15:48:50.448,2,4.0007,0
15:48:50.476,0,3.0159,0
15:48:50.489,1,3.4974,0
15:48:50.491,2,4.2071,0
15:48:50.505,0,3.5040,0
15:48:50.550,2,2.7583,0
15:48:50.550,1,3.9219,0
15:48:50.550,0,3.5301,0
15:48:50.566,2,3.4130,0
15:48:50.567,1,3.3753,0
15:48:50.580,0,3.7961,0
15:48:50.616,2,3.2647,0
15:48:50.616,1,3.4183,0
15:48:50.623,0,3.8058,0
15:48:50.649,2,3.1212,0
15:48:50.649,1,3.2612,0
15:48:50.664,0,2.8374,0
15:48:50.740,1,3.0442,0
15:48:50.740,2,3.1204,0
15:48:50.749,0,4.2215,0
15:48:50.749,1,4.4681,0
15:48:50.752,2,4.4199,0
15:48:50.755,0,6.0163,0
15:48:50.772,1,3.3422,0
15:48:50.773,2,3.3651,0
15:48:50.801,0,3.4398,0
15:48:50.806,1,3.2866,0
15:48:50.811,2,4.0421,0
15:48:50.825,0,3.5761,0
15:48:50.845,2,3.5138,0
15:48:50.850,1,4.4453,0
15:48:50.866,0,3.6894,0
15:48:50.880,1,3.2643,0
15:48:50.905,2,3.1095,0
15:48:50.909,0,3.9730,0
15:48:50.927,1,3.3123,0
15:48:50.930,2,3.4759,0
15:48:50.943,0,3.3639,0
15:48:50.975,1,3.2136,0
15:48:50.975,2,3.1382,0
15:48:50.985,0,3.5005,0
15:48:51.002,2,2.9534,0
15:48:51.007,1,3.5577,0
15:48:51.026,0,3.0815,0
15:48:51.046,1,3.3198,0
15:48:51.048,2,3.6273,0
15:48:51.059,0,3.4986,0
15:48:51.092,1,3.2906,0
15:48:51.092,2,3.3892,0
15:48:51.161,2,3.2853,0
15:48:51.161,1,3.3074,0
15:48:51.187,2,6.1955,0
15:48:51.192,1,11.1072,0
15:48:51.205,1,7.9172,0
15:48:51.210,0,33.2521,0
15:48:51.210,2,6.0837,0
15:48:51.217,0,5.4607,0
15:48:51.224,0,6.4907,0
15:48:51.230,0,5.0733,0
15:48:51.254,1,3.5287,0
15:48:51.257,2,3.5990,0
15:48:51.265,0,3.2592,0
15:48:51.286,1,3.3284,0
15:48:51.292,2,4.1518,0
15:48:51.306,0,3.2577,0
15:48:51.320,2,3.2237,0
15:48:51.327,1,3.2471,0
15:48:51.342,0,3.3801,0
15:48:51.360,1,3.9090,0
15:48:51.365,2,3.8029,0
15:48:51.384,0,3.4537,0
15:48:51.414,2,3.1557,0
15:48:51.415,1,3.5575,0
15:48:51.425,0,3.5113,0
15:48:51.447,1,3.7730,0
15:48:51.466,2,2.7277,0
15:48:51.468,0,4.0435,0
15:48:51.480,2,3.0225,0
15:48:51.487,1,3.3342,0
15:48:51.500,0,2.5709,0
15:48:51.562,0,3.4338,0
15:48:51.564,2,5.0763,0
15:48:51.564,1,5.4600,0
15:48:51.570,2,3.9191,0
15:48:51.570,1,4.2091,0
15:48:51.585,0,3.5023,0
15:48:51.610,1,3.7060,0
15:48:51.612,2,4.5717,0
15:48:51.626,0,3.5834,0
15:48:51.640,2,3.1577,0
15:48:51.648,1,4.0936,0
15:48:51.674,0,3.2850,0
15:48:51.681,1,4.0989,0
15:48:51.690,2,3.1289,0
15:48:51.703,0,3.4636,0
15:48:51.730,1,4.0641,0
15:48:51.730,2,4.2001,0
15:48:51.743,0,2.6467,0
15:48:51.797,1,3.2885,0
15:48:51.797,2,3.4170,0
15:48:51.803,0,3.6169,0
15:48:51.804,2,3.8445,0
15:48:51.811,1,5.4207,0
15:48:51.828,0,3.3278,0
15:48:51.864,0,3.6218,0
15:48:51.864,2,4.1072,0
15:48:51.864,1,4.2770,0
15:48:51.886,1,3.4507,0
15:48:51.886,2,3.1843,0
15:48:51.906,0,3.4729,0
15:48:51.929,2,3.9330,0
15:48:51.930,1,3.6807,0
15:48:52.021,0,3.4513,0
15:48:52.021,2,3.2983,0
15:48:52.025,1,7.1804,0
15:48:52.029,0,7.0161,0
15:48:52.029,2,7.3196,0
15:48:52.033,1,7.1069,0
15:48:52.036,0,6.2001,0
15:48:52.044,1,3.0291,0
15:48:52.048,2,3.9854,0
15:48:52.059,0,3.4328,0
15:48:52.214,2,13.3008,0
15:48:52.218,2,3.2487,0
15:48:52.246,2,4.2189,0
15:48:52.251,2,3.3459,0
15:48:52.259,2,4.0380,0
15:48:52.263,0,17.4444,0
15:48:52.267,1,19.1012,0
15:48:52.268,0,3.7109,0
15:48:52.271,1,3.5009,0
15:48:52.273,0,4.9057,0
15:48:52.276,1,4.7941,0
15:48:52.279,0,5.0203,0
15:48:52.281,1,4.6695,0
15:48:52.306,1,4.0880,0
15:48:52.306,2,4.1017,0
15:48:52.310,0,5.2978,0
15:48:52.330,1,3.6014,0
15:48:52.332,2,4.6246,0
15:48:52.365,0,2.6909,0
15:48:52.366,2,2.9641,0
15:48:52.371,1,2.9396,0
15:48:52.379,0,3.2279,0
15:48:52.428,1,4.0894,0
15:48:52.428,2,4.5680,0
15:48:52.435,0,5.0751,0
15:48:52.443,1,3.6699,0
15:48:52.448,2,3.1308,0
15:48:52.475,0,3.3774,0
15:48:52.484,1,3.2202,0
15:48:52.490,2,3.7144,0
15:48:52.507,0,3.3219,0
15:48:52.533,1,3.0050,0
15:48:52.535,2,5.4984,0
15:48:52.538,0,2.8476,0
15:48:52.580,2,3.9985,0
15:48:52.580,1,4.1068,0
15:48:52.586,0,5.9936,0
15:48:52.602,1,3.4018,0
15:48:52.608,2,4.1498,0
15:48:52.646,0,3.6420,0
15:48:52.651,2,4.8101,0
15:48:52.652,1,5.0109,0
15:48:52.668,0,3.5695,0
15:48:52.694,2,3.1478,0
15:48:52.697,1,4.4168,0
15:48:52.700,0,3.4235,0
15:48:52.730,2,3.3311,0
15:48:52.730,1,3.3493,0
15:48:52.744,0,3.5775,0
15:48:52.764,1,4.2479,0
15:48:52.768,2,4.0885,0
15:48:52.795,0,2.6690,0
15:48:52.806,1,3.1572,0
15:48:52.811,2,3.9172,0
15:48:52.828,0,3.7691,0
15:48:52.852,2,3.4621,0
15:48:52.852,1,3.4853,0
15:48:52.868,0,3.4489,0
15:48:52.901,1,3.2300,0
15:48:52.901,2,3.3969,0
15:48:52.905,0,3.7201,0
15:48:52.922,1,3.1145,0
15:48:52.926,2,2.8117,0
15:48:52.967,0,3.6965,0
15:48:52.969,1,3.2925,0
