wall_time,cam_index,rtp_seq,network_ms
15:15:45.653,0,20977,8159.4701
15:15:45.677,0,21043,8163.3847
15:15:45.685,0,21053,8124.1781
15:15:45.694,0,21061,8125.0942
15:15:45.699,0,21068,8129.0986
15:15:45.722,0,21075,8112.7874
15:15:45.729,0,21081,8070.6264
15:15:45.776,0,21087,8063.3241
15:15:45.825,0,21093,8094.1754
15:15:45.844,0,21099,8072.0485
15:15:45.888,0,21106,8086.3750
15:15:45.929,0,21112,8083.0451
15:15:45.980,0,21118,8091.2872
15:15:46.013,0,21124,8084.5934
15:15:46.045,0,21131,8073.1522
15:15:46.088,0,21137,8081.6471
15:15:46.140,0,21143,8092.2873
15:15:46.172,0,21149,8085.7955
15:15:46.213,0,21155,8084.6360
15:15:46.256,0,21161,8089.2906
15:15:46.288,0,21167,8084.5351
15:15:46.331,0,21173,8080.2497
15:15:46.389,0,21179,8101.4802
15:15:46.413,0,21185,8083.1784
15:15:46.565,0,21191,8194.8695
15:15:46.588,0,21197,8179.2068
15:15:46.592,0,21320,8076.9297
15:15:46.596,0,21330,8080.1286
15:15:46.610,0,21340,8080.0037
15:15:46.665,0,21349,8093.1122
15:15:46.742,0,21358,8126.6260
15:15:46.747,0,21366,8092.3502
15:15:46.765,0,21373,8082.7632
15:15:46.809,0,21381,8081.5054
15:15:46.872,0,21389,8102.1367
15:15:46.891,0,21396,8081.4365
15:15:46.956,0,21404,8105.6285
15:15:46.973,0,21412,8084.0804
15:15:47.015,0,21421,8087.7002
15:15:47.074,0,21428,8093.2839
15:15:47.093,0,21435,8077.9822
15:15:47.124,0,21443,8071.2640
15:15:47.169,0,21452,8080.7753
15:15:47.210,0,21459,8083.9067
15:15:47.267,0,21466,8097.1227
15:15:47.293,0,21474,8073.1549
15:15:47.324,0,21482,8067.8976
15:15:47.369,0,21490,8082.9776
15:15:47.426,0,21499,8098.4963
15:15:47.656,0,21506,8288.9060
15:15:47.675,0,21515,8263.1783
15:15:47.678,0,21681,8037.1763
15:15:47.697,0,21710,8055.6997
15:15:47.701,0,21718,8054.7642
15:15:47.707,0,21726,8052.4688
15:15:47.733,0,21734,8044.9643
15:15:47.766,0,21743,8037.0791
15:15:47.822,0,21750,8054.0256
15:15:47.850,0,21759,8033.7348
15:15:47.890,0,21767,8025.7105
15:15:47.941,0,21776,8059.7895
15:15:47.971,0,21785,8037.4971
15:15:48.012,0,21793,8044.1463
15:15:48.052,0,21801,8043.1077
15:15:48.084,0,21809,8032.9142
15:15:48.133,0,21818,8047.0668
15:15:48.170,0,21826,8044.9438
15:15:48.211,0,21835,8042.2988
15:15:48.253,0,21844,8034.7462
15:15:48.291,0,21852,8040.1399
15:15:48.330,0,21859,8046.9155
15:15:48.374,0,21866,8048.3465
15:15:48.415,0,21874,8047.8029
15:15:48.517,0,21883,8087.5999
15:15:48.532,0,22064,7953.2223
15:15:48.538,0,22074,7959.0654
15:15:48.565,0,22084,7984.0288
15:15:48.613,0,22092,8023.0274
15:15:48.659,0,22100,8048.2885
15:15:48.702,0,22108,8051.8377
15:15:48.726,0,22116,8034.2855
15:15:48.771,0,22124,8049.9052
15:15:48.818,0,22132,8051.4149
15:15:48.863,0,22141,8053.6608
15:15:48.887,0,22150,8035.8722
15:15:48.931,0,22158,8039.2001
15:15:48.972,0,22166,8050.0645
15:15:49.016,0,22173,8049.1300
15:15:49.054,0,22182,8042.6599
15:15:49.114,0,22189,8065.4086
15:15:49.131,0,22198,8033.9016
15:15:49.173,0,22205,8042.6333
15:15:49.220,0,22214,8050.6745
15:15:49.252,0,22222,8044.1202
15:15:49.316,0,22230,8056.2526
15:15:49.335,0,22237,8044.8312
15:15:49.375,0,22244,8054.4296
15:15:49.428,0,22252,8058.3590
15:15:49.675,0,22261,8265.5555
15:15:49.692,0,22443,8144.3433
15:15:49.696,0,22453,8067.9352
15:15:49.699,0,22463,8070.1186
15:15:49.703,0,22473,8013.2857
15:15:49.706,0,22481,7997.4161
15:15:49.732,0,22489,8013.4686
15:15:49.741,0,22496,8021.0866
15:15:49.788,0,22504,8061.7409
15:15:49.810,0,22513,8042.0245
15:15:49.855,0,22520,8040.5936
15:15:49.906,0,22527,8055.6196
15:15:49.925,0,22535,8042.8173
15:15:49.971,0,22543,8044.3183
15:15:50.015,0,22551,8041.3973
15:15:50.060,0,22559,8050.7755
15:15:50.088,0,22567,8030.3800
15:15:50.143,0,22575,8051.1143
15:15:50.174,0,22583,8045.3981
15:15:50.213,0,22592,8044.3697
15:15:50.254,0,22599,8044.7917
15:15:50.302,0,22606,8032.9335
15:15:50.334,0,22613,8050.4555
15:15:50.372,0,22620,8035.7551
15:15:50.416,0,22628,8047.9404
15:15:50.613,0,22636,8203.3921
15:15:50.630,0,22817,8057.8429
15:15:50.633,0,22827,8054.3177
15:15:50.636,0,22836,8052.4421
15:15:50.664,0,22845,8079.1887
15:15:50.699,0,22853,8090.6885
15:15:50.737,0,22862,8087.1826
15:15:50.771,0,22870,8066.6270
15:15:50.815,0,22877,8091.7936
15:15:50.855,0,22886,8087.6644
15:15:50.899,0,22893,8084.4188
15:15:50.935,0,22901,8085.0640
15:15:50.971,0,22909,8064.3543
15:15:51.013,0,22917,8088.2856
15:15:51.073,0,22926,8107.0939
15:15:51.095,0,22933,8073.2829
15:15:51.136,0,22941,8086.4509
15:15:51.174,0,22949,8082.5296
15:15:51.225,0,22956,8095.7278
15:15:51.259,0,22964,8077.1762
15:15:51.291,0,22971,8081.0568
15:15:51.340,0,22980,8089.3863
15:15:51.391,0,22989,8086.5186
15:15:51.413,0,22996,8091.7672
15:15:51.544,0,23004,8169.2115
15:15:51.561,0,23012,8149.7453
15:15:51.635,0,23178,8007.8589
15:15:51.644,0,23188,8015.8899
15:15:51.657,0,23197,8028.4214
15:15:51.662,0,23205,8024.1964
15:15:51.706,0,23214,8023.2192
15:15:51.725,0,23223,8022.8044
15:15:51.772,0,23232,8066.1824
15:15:51.852,0,23241,8105.0745
15:15:51.856,0,23250,8091.2962
15:15:51.904,0,23257,8097.3984
15:15:51.930,0,23265,8082.5034
15:15:51.998,0,23273,8093.6856
15:15:52.018,0,23281,8086.6919
15:15:52.057,0,23289,8095.4777
15:15:52.087,0,23297,8068.9747
15:15:52.131,0,23305,8082.0695
15:15:52.174,0,23313,8080.4658
15:15:52.235,0,23322,8044.2937
15:15:52.261,0,23330,8069.1333
15:15:52.291,0,23338,8081.4588
15:15:52.334,0,23347,8080.9604
15:15:52.388,0,23355,8088.9134
15:15:52.413,0,23362,8061.3562
15:15:52.565,0,23370,8201.8044
15:15:52.584,0,23378,8176.0947
15:15:52.586,0,23544,8023.4906
15:15:52.619,0,23554,8055.5398
15:15:52.661,0,23563,8097.7419
15:15:52.694,0,23572,8122.0243
15:15:52.736,0,23581,8132.9967
15:15:52.773,0,23589,8123.0911
15:15:52.842,0,23597,8136.3271
15:15:52.853,0,23605,8121.9265
15:15:52.907,0,23613,8134.6909
15:15:52.928,0,23623,8109.7589
15:15:52.971,0,23631,8120.3712
15:15:53.017,0,23639,8122.9800
15:15:53.053,0,23648,8098.8479
15:15:53.113,0,23656,8141.1254
15:15:53.126,0,23664,8116.8860
15:15:53.174,0,23673,8112.5855
15:15:53.227,0,23682,8131.4879
15:15:53.254,0,23690,8123.1114
15:15:53.302,0,23698,8125.8514
15:15:53.349,0,23706,8144.7179
15:15:53.376,0,23714,8126.9792
15:15:53.425,0,23724,8132.7593
15:15:53.645,0,23732,8308.3909
15:15:53.664,0,23739,8264.0756
15:15:53.667,0,23748,8259.6809
15:15:53.670,0,23929,8018.8905
15:15:53.699,0,23948,8022.6032
15:15:53.704,0,23956,8018.7298
15:15:53.704,2,30418,16136.8920
15:15:53.707,0,23965,8013.7016
15:15:53.730,2,30430,16162.1826
15:15:53.735,2,30440,16165.8423
15:15:53.740,0,23973,8041.1051
15:15:53.741,2,30449,16153.4758
15:15:53.751,2,30459,16109.0592
15:15:53.771,0,23981,8049.8886
15:15:53.802,2,30469,16138.2238
15:15:53.812,0,23989,8082.9131
15:15:53.832,2,30480,16118.8288
15:15:53.872,0,23997,8095.3451
15:15:53.872,2,30491,16102.7911
15:15:53.897,0,24005,8072.0725
15:15:53.926,2,30500,16142.0936
15:15:53.937,0,24013,8093.7152
15:15:53.948,2,30508,16113.9864
15:15:53.977,0,24022,8088.3306
15:15:53.989,2,30514,16125.7075
15:15:54.035,0,24030,8105.8669
15:15:54.038,2,30519,16133.3701
15:15:54.054,0,24038,8074.3547
15:15:54.072,2,30524,16127.6698
15:15:54.096,0,24046,8083.2962
15:15:54.104,2,30528,16126.9144
15:15:54.170,2,30532,16148.7466
15:15:54.170,0,24055,8125.0369
15:15:54.175,0,24062,8086.3453
15:15:54.191,2,30536,16128.7466
15:15:54.236,0,24070,8096.4662
15:15:54.237,2,30540,16133.1124
15:15:54.254,0,24078,8082.1109
15:15:54.269,2,30544,16124.3831
15:15:54.297,0,24087,8083.7972
15:15:54.311,2,30547,16134.7038
15:15:54.326,0,24096,8070.3825
15:15:54.351,2,30550,16130.3683
15:15:54.375,0,24103,8086.6988
15:15:54.391,2,30553,16125.5520
15:15:54.435,0,24112,8104.2201
15:15:54.442,2,30556,16126.7223
15:15:54.470,2,30559,16125.4044
15:15:54.537,2,30562,16140.0930
15:15:54.564,0,24120,8174.6385
15:15:54.571,2,30565,16149.8841
15:15:54.581,0,24129,8168.7919
15:15:54.584,2,30568,16122.2133
15:15:54.584,0,24311,8019.1583
15:15:54.648,0,24321,8059.7853
15:15:54.659,0,24330,8066.9257
15:15:54.662,2,30571,16146.5317
15:15:54.671,2,30574,16125.8813
15:15:54.715,0,24339,8118.8030
15:15:54.715,2,30577,16138.7285
15:15:54.726,0,24347,8115.9406
15:15:54.744,2,30580,16122.2342
15:15:54.772,0,24355,8107.3189
15:15:54.793,2,30583,16131.8008
15:15:54.832,0,24363,8089.8466
15:15:54.832,2,30586,16128.4045
15:15:54.854,0,24371,8107.3655
15:15:54.888,2,30589,16142.8680
15:15:54.894,0,24379,8128.8839
15:15:54.906,2,30592,16121.6217
15:15:54.938,0,24388,8129.2927
15:15:54.948,2,30595,16131.4448
15:15:54.968,0,24395,8096.6749
15:15:55.010,2,30598,16144.0353
15:15:55.016,0,24403,8125.0928
15:15:55.034,2,30602,16130.8552
15:15:55.064,0,24412,8108.4763
15:15:55.069,2,30605,16121.9183
15:15:55.096,0,24419,8122.6938
15:15:55.121,2,30608,16132.9438
15:15:55.130,0,24428,8115.3840
15:15:55.151,2,30611,16133.4401
15:15:55.172,0,24436,8097.7250
15:15:55.195,2,30614,16107.3676
15:15:55.214,0,24445,8120.6929
15:15:55.240,2,30617,16125.8482
15:15:55.255,0,24452,8131.0392
15:15:55.271,2,30620,16119.3172
15:15:55.323,2,30623,16120.7327
15:15:55.323,0,24461,8153.7814
15:15:55.327,0,24468,8117.1140
15:15:55.367,2,30626,16147.2599
15:15:55.371,0,24476,8103.5700
15:15:55.391,2,30629,16122.6375
15:15:55.417,0,24483,8124.4229
15:15:55.420,2,30632,16116.5801
15:15:55.584,0,24493,8259.9986
15:15:55.605,0,24501,8236.2781
15:15:55.634,0,24508,8207.7549
15:15:55.638,0,24674,7982.1935
15:15:55.660,0,24694,7985.0161
15:15:55.666,1,8900,18133.6350
15:15:55.721,2,30634,16377.2461
15:15:55.722,1,8911,18154.8026
15:15:55.725,0,24703,8046.5648
15:15:55.729,1,8922,18159.6993
15:15:55.730,0,24712,8032.6904
15:15:55.736,1,8934,18148.7444
15:15:55.736,0,24721,8034.9375
15:15:55.741,2,30637,16353.6631
15:15:55.749,1,8945,18106.4771
15:15:55.749,2,30640,16321.4058
15:15:55.755,1,8955,18096.9498
15:15:55.755,2,30765,16171.1923
15:15:55.761,2,30773,16173.6271
15:15:55.775,0,24731,8067.7558
15:15:55.787,1,8964,18074.3715
15:15:55.792,2,30786,16161.6405
15:15:55.832,0,24739,8098.8312
15:15:55.835,2,30799,16199.0533
15:15:55.836,1,8974,18066.2289
15:15:55.855,0,24747,8089.4829
15:15:55.860,1,8983,18075.9730
15:15:55.870,2,30813,16223.5926
15:15:55.911,0,24756,8089.2169
15:15:55.914,1,8989,18080.0915
15:15:55.914,2,30826,16236.5254
15:15:55.928,0,24764,8077.1412
15:15:55.956,1,8994,18104.1605
15:15:55.959,2,30837,16259.5803
15:15:55.971,0,24771,8081.0828
15:15:55.984,2,30849,16234.8478
15:15:55.988,1,8999,18095.0867
15:15:56.014,0,24780,8072.4384
15:15:56.019,1,9003,18082.3578
15:15:56.030,2,30862,16215.7340
15:15:56.081,0,24790,8110.3553
15:15:56.082,1,9007,18104.3966
15:15:56.084,2,30875,16249.5223
15:15:56.095,0,24799,8082.6013
15:15:56.107,1,9010,18085.7806
15:15:56.113,2,30889,16241.2826
15:15:56.133,0,24806,8080.7852
15:15:56.145,2,30904,16231.2574
15:15:56.150,1,9014,18094.7568
15:15:56.180,0,24813,8096.1112
15:15:56.185,1,9018,18091.4900
15:15:56.190,2,30916,16242.0354
15:15:56.215,0,24820,8081.7779
15:15:56.235,1,9022,18096.8032
15:15:56.237,2,30928,16249.5836
15:15:56.254,0,24827,8083.7261
15:15:56.269,1,9025,18083.4430
15:15:56.273,2,30940,16252.8445
15:15:56.296,0,24835,8085.2794
15:15:56.304,2,30952,16241.2072
15:15:56.308,1,9028,18087.1514
15:15:56.328,0,24843,8074.9033
15:15:56.343,1,9031,18077.8936
15:15:56.347,2,30967,16238.3294
15:15:56.399,1,9034,18105.0834
15:15:56.400,0,24851,8108.7416
15:15:56.401,2,30981,16252.5404
15:15:56.415,0,24859,8085.0649
15:15:56.427,1,9037,18090.4144
15:15:56.431,2,30994,16249.2265
15:15:56.475,2,31008,16252.3847
15:15:56.476,1,9040,18066.9343
15:15:56.505,1,9043,18083.8346
15:15:56.546,2,31022,16278.3781
15:15:56.584,0,24866,8210.1764
15:15:56.586,2,31036,16277.7367
15:15:56.586,1,9046,18124.6201
15:15:56.592,1,9048,18077.0044
15:15:56.603,0,24874,8187.4217
15:15:56.603,2,31051,16259.1185
15:15:56.607,0,24990,8089.7889
15:15:56.613,0,24997,8080.6469
15:15:56.634,2,31064,16233.1247
15:15:56.638,1,9050,18100.2132
15:15:56.657,0,25009,8118.6220
15:15:56.662,1,9053,18085.5101
15:15:56.669,2,31077,16237.9889
15:15:56.697,0,25019,8131.9511
15:15:56.708,1,9056,18085.7444
15:15:56.711,2,31091,16240.9873
15:15:56.754,0,25029,8141.1393
15:15:56.757,1,9059,18095.2711
15:15:56.757,2,31104,16251.5167
15:15:56.774,0,25038,8115.8212
15:15:56.789,1,9062,18096.3041
15:15:56.814,2,31118,16224.3736
15:15:56.814,0,25048,8112.2698
15:15:56.820,1,9064,18081.8191
15:15:56.831,2,31131,16239.9259
15:15:56.889,0,25057,8162.5461
15:15:56.892,1,9066,18111.6294
15:15:56.893,2,31145,16257.3142
15:15:56.897,0,25068,8125.9999
15:15:56.908,1,9068,18089.2152
15:15:56.912,2,31158,16254.6165
15:15:56.966,2,31173,16258.9251
15:15:56.966,0,25077,8148.7125
15:15:56.967,1,9070,18101.1708
15:15:56.972,0,25085,8109.7554
15:15:56.981,1,9073,18087.7188
15:15:56.985,2,31186,16238.9853
15:15:57.016,0,25094,8128.9902
15:15:57.027,1,9076,18089.2732
15:15:57.030,2,31200,16225.6909
15:15:57.056,0,25103,8124.7202
15:15:57.067,1,9079,18086.5951
15:15:57.071,2,31214,16250.9469
15:15:57.106,0,25112,8133.8627
15:15:57.111,1,9082,18091.7334
15:15:57.114,2,31230,16245.6288
15:15:57.129,0,25121,8112.6131
15:15:57.142,1,9084,18054.1713
15:15:57.148,2,31243,16232.9607
15:15:57.189,1,9086,18075.6227
15:15:57.190,0,25131,8135.9714
15:15:57.192,2,31256,16238.6990
15:15:57.215,0,25141,8101.4539
15:15:57.245,1,9089,18102.1358
15:15:57.245,2,31270,16264.6856
15:15:57.254,0,25149,8123.1239
15:15:57.273,1,9092,18070.4476
15:15:57.273,2,31284,16248.0566
15:15:57.309,0,25158,8135.5669
15:15:57.309,2,31299,16239.9895
15:15:57.309,1,9095,18087.1937
15:15:57.341,0,25167,8120.7224
15:15:57.383,0,25176,8131.3710
15:15:57.383,2,31312,16252.5737
15:15:57.384,1,9098,18114.9475
15:15:57.389,1,9100,18088.6385
15:15:57.390,2,31327,16237.0191
15:15:57.444,0,25186,8127.4303
15:15:57.448,1,9102,18108.7137
15:15:57.452,2,31342,16260.3726
15:15:57.562,0,25197,8227.1951
15:15:57.590,0,25205,8214.9819
15:15:57.595,0,25212,8166.5026
15:15:57.642,0,25374,7967.5819
15:15:57.663,0,25384,7971.0507
15:15:57.663,2,31356,16433.3995
15:15:57.679,1,9104,18301.1585
15:15:57.680,0,25394,7984.0549
15:15:57.684,2,31370,16414.2527
15:15:57.688,2,31383,16383.3752
15:15:57.695,0,25406,7996.2437
15:15:57.695,2,31398,16347.9520
15:15:57.704,1,9106,18277.4689
15:15:57.708,1,9240,18074.2530
15:15:57.719,1,9270,18082.3581
15:15:57.724,2,31414,16337.0305
15:15:57.735,0,25416,8032.3049
15:15:57.756,1,9284,18109.0397
15:15:57.756,2,31428,16329.3742
15:15:57.777,0,25424,8070.4072
15:15:57.801,2,31631,16086.8435
15:15:57.801,1,9299,18129.8646
15:15:57.809,0,25433,8077.1713
15:15:57.822,1,9313,18118.4066
15:15:57.832,2,31682,16113.9091
15:15:57.878,0,25443,8136.6143
15:15:57.880,1,9326,18130.4300
15:15:57.880,2,31695,16159.1332
15:15:57.894,0,25453,8106.2092
15:15:57.908,1,9339,18106.5825
15:15:57.912,2,31709,16189.4567
15:15:57.938,0,25461,8127.6785
15:15:57.944,2,31722,16197.5063
15:15:57.951,1,9353,18129.0454
15:15:58.005,0,25470,8150.7946
15:15:58.009,2,31735,16199.5880
15:15:58.009,1,9367,18136.7794
15:15:58.011,0,25479,8105.6077
15:15:58.026,1,9380,18112.8364
15:15:58.031,2,31748,16211.0233
15:15:58.062,0,25488,8137.1031
15:15:58.070,1,9393,18122.3776
15:15:58.073,2,31759,16208.0135
15:15:58.096,0,25498,8124.8707
15:15:58.115,2,31771,16208.3567
15:15:58.115,1,9406,18130.9855
15:15:58.137,0,25506,8122.4294
15:15:58.142,1,9420,18117.2258
15:15:58.150,2,31784,16193.8043
15:15:58.170,0,25516,8110.1150
15:15:58.186,1,9433,18130.4014
15:15:58.191,2,31795,16202.6232
15:15:58.257,1,9446,18153.2232
15:15:58.257,2,31807,16218.3410
15:15:58.257,0,25526,8169.2819
15:15:58.273,2,31819,16207.5065
15:15:58.273,0,25534,8130.0523
15:15:58.273,1,9461,18128.8489
15:15:58.314,0,25543,8140.6000
15:15:58.314,2,31831,16208.3885
15:15:58.315,1,9475,18127.4920
15:15:58.331,0,25552,8118.2143
15:15:58.370,2,31844,16220.0752
15:15:58.370,1,9488,18152.0870
15:15:58.374,0,25561,8120.4646
15:15:58.389,1,9502,18120.7313
15:15:58.393,2,31858,16183.9544
15:15:58.425,0,25571,8123.0175
15:15:58.432,1,9516,18128.9119
15:15:58.432,2,31871,16213.6518
15:15:58.463,1,9530,18114.8411
15:15:58.501,2,31884,16232.2261
15:15:58.524,0,25579,8189.9908
15:15:58.526,1,9545,18146.7157
15:15:58.526,2,31895,16218.8201
15:15:58.546,0,25589,8173.6534
15:15:58.551,1,9558,18120.2345
15:15:58.554,2,31907,16206.0050
15:15:58.574,0,25597,8157.8070
15:15:58.605,2,31919,16204.4631
15:15:58.605,1,9572,18137.9063
15:15:58.616,0,25761,8003.5831
15:15:58.620,1,9587,18077.1958
15:15:58.625,2,31932,16200.7926
15:15:58.682,0,25781,8051.4700
15:15:58.682,2,31945,16214.6469
15:15:58.682,1,9600,18100.0557
15:15:58.690,0,25791,8056.9136
15:15:58.733,2,31958,16193.3107
15:15:58.733,1,9613,18142.2757
15:15:58.736,0,25801,8099.4787
15:15:58.750,1,9627,18115.1524
15:15:58.754,2,31970,16170.6392
15:15:58.796,0,25809,8131.8624
15:15:58.801,1,9639,18138.1588
15:15:58.801,2,31982,16209.5111
15:15:58.825,0,25819,8125.7535
15:15:58.825,1,9653,18123.5378
15:15:58.829,2,31994,16186.6143
15:15:58.855,0,25829,8118.9386
15:15:58.862,1,9667,18121.1413
15:15:58.872,2,32008,16202.6413
15:15:58.893,0,25836,8121.8686
15:15:58.908,1,9680,18123.4293
15:15:58.936,2,32021,16228.8365
15:15:58.939,0,25845,8124.0928
15:15:58.947,2,32034,16187.0698
15:15:58.952,1,9695,18126.9204
15:15:58.994,0,25854,8138.7348
15:15:59.000,1,9710,18134.9832
15:15:59.001,2,32045,16212.9454
15:15:59.009,0,25862,8110.0776
15:15:59.026,1,9722,18111.5577
15:15:59.050,2,32057,16223.2472
15:15:59.055,0,25871,8120.3617
15:15:59.068,1,9737,18114.8137
15:15:59.075,2,32071,16167.7071
15:15:59.109,0,25879,8138.1251
15:15:59.117,1,9751,18128.6176
15:15:59.117,2,32084,16191.8981
15:15:59.138,0,25888,8124.4945
15:15:59.142,1,9766,18126.1078
15:15:59.164,2,32096,16203.6235
15:15:59.169,0,25897,8095.9902
15:15:59.188,1,9779,18122.8777
15:15:59.192,2,32109,16203.5938
15:15:59.214,0,25905,8119.5097
15:15:59.238,1,9794,18128.1706
15:15:59.241,2,32123,16215.7403
15:15:59.255,0,25913,8119.6931
15:15:59.265,2,32137,16185.6319
15:15:59.270,1,9809,18114.3581
15:15:59.305,0,25921,8131.6471
15:15:59.306,1,9823,18129.8232
15:15:59.310,2,32148,16202.1031
15:15:59.340,0,25929,8115.1986
15:15:59.357,1,9839,18132.5892
15:15:59.360,2,32162,16210.9791
15:15:59.370,0,25937,8111.0960
15:15:59.394,1,9853,18128.9837
15:15:59.394,2,32172,16199.0187
15:15:59.416,0,25946,8124.8725
15:15:59.430,1,9865,18125.5371
15:15:59.434,2,32186,16196.4259
15:15:59.600,0,25955,8259.7903
15:15:59.673,0,25962,8281.8397
15:15:59.678,1,9878,18341.3622
15:15:59.694,1,9893,18312.5011
15:15:59.698,0,25971,8284.6729
15:15:59.699,1,9906,18275.8772
15:15:59.705,2,32197,16437.9565
15:15:59.709,0,26135,8164.9453
15:15:59.711,1,10109,18004.2574
15:15:59.714,0,26146,8152.9419
15:15:59.720,1,10145,18012.5133
15:15:59.722,0,26155,8087.2766
15:15:59.723,2,32211,16409.8229
15:15:59.728,0,26165,8083.6372
15:15:59.728,2,32224,16374.7452
15:15:59.728,1,10159,18018.4678
15:15:59.735,0,26174,8077.9238
15:15:59.738,2,32236,16352.8293
15:15:59.738,1,10173,18018.6018
15:15:59.758,1,10186,18035.0675
15:15:59.758,2,32249,16323.6107
15:15:59.776,0,26184,8113.6520
15:15:59.789,1,10197,18053.7551
15:15:59.806,2,32451,16105.0079
15:15:59.816,0,26193,8110.1273
15:15:59.829,1,10210,18019.6764
15:15:59.834,2,32498,16131.2516
15:15:59.860,0,26201,8134.8309
15:15:59.869,2,32511,16163.3195
15:15:59.872,1,10222,18044.6288
15:15:59.890,0,26209,8117.4687
15:15:59.920,1,10234,18054.2273
15:15:59.920,2,32523,16212.5653
15:15:59.933,0,26217,8080.3994
15:15:59.949,1,10246,18046.5550
15:15:59.971,2,32536,16219.3760
15:15:59.977,0,26225,8120.7597
15:15:59.990,1,10260,18040.4221
15:15:59.994,2,32547,16193.3446
15:16:00.031,0,26235,8127.2493
15:16:00.037,2,32561,16205.6116
15:16:00.038,1,10274,18051.4521
15:16:00.058,0,26243,8127.9338
15:16:00.066,1,10285,18026.7496
15:16:00.081,2,32573,16220.7085
15:16:00.090,0,26252,8091.8839
15:16:00.111,1,10300,18045.7319
15:16:00.111,2,32584,16204.0312
15:16:00.133,0,26260,8114.5713
15:16:00.179,1,10313,18076.1430
15:16:00.182,2,32595,16225.4527
15:16:00.182,0,26269,8125.4215
15:16:00.188,2,32606,16200.5897
15:16:00.191,1,10326,18043.4543
15:16:00.227,0,26278,8139.8054
15:16:00.231,1,10340,18025.0681
15:16:00.231,2,32617,16186.2189
15:16:00.258,0,26286,8127.2218
15:16:00.279,1,10352,18064.2473
15:16:00.282,2,32630,16219.3315
15:16:00.292,0,26294,8117.7731
15:16:00.307,1,10364,18038.1995
15:16:00.313,2,32641,16208.4491
15:16:00.336,0,26303,8100.8495
15:16:00.347,2,32652,16155.6468
15:16:00.351,1,10376,18046.1638
15:16:00.390,0,26313,8129.0061
15:16:00.395,1,10387,18051.3737
15:16:00.396,2,32664,16203.0171
15:16:00.418,0,26321,8127.6484
15:16:00.428,1,10402,18027.4015
15:16:00.432,2,32675,16194.3324
15:16:00.471,1,10413,18050.0914
15:16:00.475,2,32688,16215.6336
15:16:00.558,2,32700,16251.7710
15:16:00.562,0,26329,8228.2318
15:16:00.563,1,10425,18099.4498
15:16:00.566,2,32711,16213.9049
15:16:00.567,1,10437,18028.2707
15:16:00.581,0,26338,8192.8829
15:16:00.585,0,26347,8172.1009
15:16:00.597,0,26527,8032.5618
15:16:00.600,1,10449,18019.9923
15:16:00.600,2,32724,16212.6613
15:16:00.618,0,26547,8034.7003
15:16:00.630,1,10463,18040.6654
15:16:00.639,2,32736,16210.0292
15:16:00.658,0,26556,8071.9473
15:16:00.667,2,32747,16204.9358
15:16:00.671,1,10475,18028.6847
15:16:00.702,0,26565,8083.2311
15:16:00.704,1,10487,18038.6015
15:16:00.709,2,32758,16162.4790
15:16:00.730,0,26573,8069.0492
15:16:00.748,1,10500,18040.4242
15:16:00.751,2,32772,16186.3167
15:16:00.817,1,10515,18056.9157
15:16:00.817,0,26581,8123.3075
15:16:00.817,2,32784,16221.6515
15:16:00.822,0,26589,8085.9288
15:16:00.827,2,32797,16180.6331
15:16:00.832,1,10528,18044.4502
15:16:00.876,0,26596,8103.3980
15:16:00.876,1,10540,18049.7846
15:16:00.877,2,32810,16206.6025
15:16:00.890,0,26605,8048.7831
15:16:00.908,1,10554,18007.9714
15:16:00.914,2,32820,16206.8150
15:16:00.943,0,26613,8090.4398
15:16:00.947,1,10568,18021.9922
15:16:00.953,2,32832,16194.2899
15:16:00.976,0,26622,8069.8964
15:16:00.999,2,32844,16210.5517
15:16:01.002,1,10582,18043.1278
15:16:01.030,0,26630,8101.4438
15:16:01.030,1,10593,18044.6891
15:16:01.045,2,32856,16217.8443
15:16:01.049,0,26638,8078.1165
15:16:01.067,1,10604,18042.5131
15:16:01.072,2,32867,16210.5081
15:16:01.104,0,26646,8086.6562
15:16:01.109,1,10618,18029.5196
15:16:01.115,2,32878,16200.2016
15:16:01.135,0,26654,8082.4794
15:16:01.147,2,32890,16192.2714
15:16:01.153,1,10631,18044.7236
15:16:01.181,0,26663,8068.2125
15:16:01.185,1,10644,18040.5982
15:16:01.196,2,32902,16189.5719
15:16:01.212,0,26671,8086.2563
15:16:01.234,1,10655,18039.3191
15:16:01.237,2,32914,16211.0384
15:16:01.255,0,26680,8081.4773
15:16:01.292,2,32926,16225.9202
15:16:01.292,1,10667,18070.7055
15:16:01.296,0,26688,8069.3601
15:16:01.311,1,10681,18046.9387
15:16:01.316,2,32939,16196.1771
15:16:01.366,0,26696,8112.4393
15:16:01.366,1,10693,18060.8244
15:16:01.368,2,32950,16220.7940
15:16:01.371,0,26704,8069.9933
15:16:01.388,1,10706,18050.7981
15:16:01.393,2,32962,16205.4522
15:16:01.448,1,10718,18062.8209
15:16:01.448,0,26712,8098.8339
15:16:01.450,2,32974,16220.5196
15:16:01.598,0,26722,8222.1937
15:16:01.613,0,26730,8187.8362
15:16:01.616,0,26910,7970.6353
15:16:01.664,0,26919,7999.7882
15:16:01.677,2,32986,16412.8667
15:16:01.679,1,10730,18250.5138
15:16:01.680,0,26929,8012.8150
15:16:01.680,2,32997,16373.1021
15:16:01.683,2,33008,16336.4187
15:16:01.684,0,26937,8014.3703
15:16:01.686,2,33020,16278.8297
15:16:01.699,1,10933,18016.1390
15:16:01.702,1,10968,18018.5363
15:16:01.706,1,10980,18020.1492
15:16:01.719,0,26946,8019.9118
15:16:01.723,2,33032,16301.2431
15:16:01.724,1,10992,18020.9930
15:16:01.744,0,26955,8040.7068
15:16:01.745,1,11008,18038.0845
15:16:01.752,2,33219,16035.9544
15:16:01.771,0,26963,8063.4502
15:16:01.798,1,11018,18046.4667
15:16:01.799,2,33279,16082.5367
15:16:01.815,0,26971,8075.3860
15:16:01.827,2,33291,16105.5668
15:16:01.830,1,11029,18031.7065
15:16:01.859,0,26980,8087.5901
15:16:01.870,2,33302,16111.0630
15:16:01.871,1,11040,18041.3870
15:16:01.922,0,26988,8110.2971
15:16:01.923,1,11052,18067.0919
15:16:01.925,2,33313,16135.9114
15:16:01.929,0,26996,8058.0515
15:16:01.950,1,11065,18042.9584
15:16:01.954,2,33324,16124.5551
15:16:01.977,0,27005,8080.1903
15:16:01.989,1,11076,18032.4546
15:16:01.989,2,33336,16125.2209
15:16:02.039,1,11087,18052.2738
15:16:02.040,0,27012,8102.4479
15:16:02.040,2,33349,16122.1863
15:16:02.061,0,27020,8084.4431
15:16:02.064,1,11098,18045.9543
15:16:02.073,2,33360,16126.5458
15:16:02.090,0,27029,8055.1864
15:16:02.117,1,11111,18054.4489
15:16:02.117,2,33372,16125.5438
15:16:02.135,0,27037,8081.2362
15:16:02.147,2,33384,16113.9298
15:16:02.149,1,11123,18044.1232
15:16:02.179,0,27044,8083.2938
15:16:02.194,1,11134,18002.5614
15:16:02.194,2,33396,16129.0987
15:16:02.238,0,27053,8067.8581
15:16:02.239,1,11146,18046.5297
15:16:02.239,2,33409,16129.6317
15:16:02.252,0,27060,8077.3033
15:16:02.270,1,11158,18032.9695
15:16:02.286,2,33419,16137.3535
15:16:02.295,0,27068,8059.1730
15:16:02.307,2,33430,16114.3175
15:16:02.310,1,11170,18046.1076
15:16:02.344,0,27077,8089.7222
15:16:02.352,1,11182,18052.6305
15:16:02.354,2,33443,16126.7966
15:16:02.381,0,27085,8084.2756
15:16:02.395,1,11196,18042.2912
15:16:02.398,2,33456,16131.3211
15:16:02.411,0,27092,8084.5944
15:16:02.429,1,11207,18042.1295
15:16:02.434,2,33467,16113.4505
15:16:02.469,1,11220,18043.5527
15:16:02.469,2,33478,16116.8573
15:16:02.530,1,11231,18068.1503
15:16:02.530,2,33489,16141.0357
15:16:02.542,0,27101,8167.3194
15:16:02.560,0,27110,8125.3889
15:16:02.566,1,11242,18020.0474
15:16:02.566,0,27291,8002.6484
15:16:02.570,2,33500,16133.2638
15:16:02.579,0,27310,7998.0244
15:16:02.587,1,11255,18022.5969
15:16:02.595,2,33513,16126.7674
15:16:02.625,0,27319,8040.3634
15:16:02.627,2,33524,16071.6513
15:16:02.634,1,11266,18038.8436
15:16:02.691,0,27327,8043.3269
15:16:02.697,2,33537,16122.9891
15:16:02.698,0,27335,8038.4502
15:16:02.698,1,11277,18081.4344
15:16:02.703,1,11290,18032.6058
15:16:02.711,2,33548,16130.5018
15:16:02.746,0,27343,8030.8782
15:16:02.749,1,11303,18042.0775
15:16:02.754,2,33559,16124.1726
15:16:02.779,0,27351,8052.9404
15:16:02.787,2,33572,16117.4033
15:16:02.790,1,11315,18033.5446
15:16:02.843,0,27359,8071.2564
15:16:02.844,1,11327,18067.7567
15:16:02.846,2,33584,16103.4444
15:16:02.850,0,27367,8018.1540
15:16:02.864,1,11339,18041.4324
15:16:02.901,2,33595,16158.1093
15:16:02.903,0,27375,8048.7385
15:16:02.909,1,11350,18044.8624
15:16:02.914,2,33608,16105.8870
15:16:02.936,0,27383,8041.7316
15:16:02.956,2,33618,16129.3920
15:16:02.957,1,11361,18042.1378
15:16:02.978,0,27390,8040.2832
15:16:02.992,2,33630,16116.8394
15:16:02.993,1,11375,18038.2902
15:16:03.011,0,27398,8042.9376
15:16:03.031,1,11386,18050.2851
15:16:03.034,2,33640,16133.1862
15:16:03.056,0,27405,8039.7413
15:16:03.083,1,11398,18057.3576
15:16:03.091,2,33652,16134.1021
15:16:03.103,0,27414,8039.4052
15:16:03.122,2,33662,16135.0073
15:16:03.122,1,11410,18053.7916
15:16:03.141,0,27421,8044.8075
15:16:03.154,2,33674,16117.8160
15:16:03.157,1,11422,18060.4357
15:16:03.200,0,27429,8069.9244
15:16:03.200,1,11434,18058.4644
15:16:03.203,2,33686,16121.6845
15:16:03.216,0,27437,8044.1587
15:16:03.228,1,11445,18044.3250
15:16:03.234,2,33698,16126.0801
15:16:03.261,0,27445,8046.9437
15:16:03.271,2,33708,16122.5607
15:16:03.272,1,11456,18041.2019
15:16:03.302,0,27454,8047.2999
15:16:03.316,1,11469,18057.5550
15:16:03.316,2,33721,16123.6391
15:16:03.338,0,27463,8015.0086
15:16:03.394,1,11481,18090.7697
15:16:03.397,2,33732,16173.0547
15:16:03.397,0,27471,8069.9775
15:16:03.398,1,11492,18055.2945
15:16:03.400,2,33745,16127.8332
15:16:03.419,0,27479,8047.9964
15:16:03.426,2,33757,16108.7015
15:16:03.451,1,11504,18047.5842
15:16:03.633,0,27487,8215.5155
15:16:03.653,0,27668,8069.3031
15:16:03.694,0,27679,8088.6050
15:16:03.699,0,27688,8064.9785
15:16:03.705,0,27696,8067.1931
15:16:03.733,2,33768,16382.4454
15:16:03.734,0,27704,8074.0547
15:16:03.734,1,11517,18314.5364
15:16:03.738,1,11720,18018.7160
15:16:03.738,0,27713,8013.5205
15:16:03.741,1,11779,18020.5591
15:16:03.743,0,27720,8013.3933
15:16:03.752,2,33779,16369.9818
15:16:03.754,1,11789,18031.8446
15:16:03.755,2,33791,16324.7474
15:16:03.761,2,33993,16063.9799
15:16:03.778,0,27729,8042.0260
15:16:03.783,1,11800,18023.6090
15:16:03.786,2,34030,16083.5111
15:16:03.837,0,27737,8062.4857
15:16:03.845,1,11812,18064.9144
15:16:03.845,2,34042,16142.1750
15:16:03.849,0,27744,8017.2585
15:16:03.871,1,11824,18045.5628
15:16:03.898,2,34053,16190.4928
15:16:03.899,0,27751,8043.9072
15:16:03.911,1,11836,18046.9881
15:16:03.916,2,34065,16205.4167
15:16:03.955,2,34075,16211.5383
15:16:03.956,1,11850,18038.0988
15:16:03.956,0,27759,8044.6398
15:16:03.983,0,27767,8055.5025
15:16:03.993,1,11860,18046.2190
15:16:03.993,2,34086,16205.3263
15:16:04.019,0,27775,8047.5947
15:16:04.030,1,11871,18049.9225
15:16:04.034,2,34098,16205.3057
15:16:04.051,0,27784,8037.5197
15:16:04.093,1,11882,18059.1222
15:16:04.093,2,34109,16211.4906
15:16:04.104,0,27791,8022.2781
15:16:04.126,1,11894,18062.2662
15:16:04.126,2,34119,16225.1545
15:16:04.137,0,27799,8042.5650
15:16:04.146,1,11905,18039.8381
15:16:04.155,2,34132,16208.6223
15:16:04.184,0,27807,8050.7800
15:16:04.189,2,34143,16181.3912
15:16:04.196,1,11915,18054.1406
15:16:04.241,1,11929,18047.4135
15:16:04.242,0,27815,8061.7514
15:16:04.242,2,34153,16211.1774
15:16:04.250,0,27823,8034.5861
15:16:04.298,2,34164,16226.7055
15:16:04.298,1,11939,18072.7799
15:16:04.305,0,27832,8050.9508
15:16:04.309,1,11951,18043.0665
15:16:04.318,2,34173,16213.1908
15:16:04.350,0,27840,8053.7833
15:16:04.357,1,11963,18036.0276
15:16:04.358,2,34184,16205.2209
15:16:04.376,0,27848,8048.5270
15:16:04.408,1,11974,18065.9685
15:16:04.408,2,34196,16218.8015
15:16:04.419,0,27855,8019.1219
15:16:04.435,1,11985,18044.8610
15:16:04.435,2,34208,16212.5031
15:16:04.469,1,11997,18032.7447
15:16:04.475,2,34219,16209.6617
15:16:04.537,1,12009,18070.0365
15:16:04.540,2,34231,16231.6219
15:16:04.548,0,27863,8132.7990
15:16:04.579,0,28029,7995.2554
15:16:04.584,0,28049,7980.7738
15:16:04.587,1,12021,18087.9916
15:16:04.587,2,34240,16238.1908
15:16:04.598,0,28058,7990.6326
15:16:04.598,2,34251,16184.8745
15:16:04.613,1,12034,18043.2770
15:16:04.659,0,28066,8046.8833
15:16:04.679,1,12044,18075.2804
15:16:04.679,2,34263,16251.3559
15:16:04.679,0,28075,8022.1160
15:16:04.682,1,12055,18053.5903
15:16:04.683,2,34275,16216.0023
15:16:04.696,0,28084,7998.6805
15:16:04.726,1,12067,18060.4610
15:16:04.726,2,34286,16207.5685
15:16:04.742,0,28092,7987.8344
15:16:04.748,2,34298,16198.6622
15:16:04.751,1,12078,18009.1666
15:16:04.783,0,28100,8009.0861
15:16:04.787,1,12089,18040.7199
15:16:04.797,2,34310,16201.0426
15:16:04.811,0,28108,7996.3243
15:16:04.830,1,12100,18024.9337
15:16:04.833,2,34320,16204.0521
15:16:04.854,0,28116,7964.8503
15:16:04.893,1,12111,18076.5967
15:16:04.896,2,34330,16225.4365
15:16:04.899,0,28123,8002.2280
15:16:04.910,2,34342,16194.8110
15:16:04.915,1,12124,18042.1975
15:16:04.939,0,28131,7972.9567
15:16:04.945,1,12134,18040.7813
15:16:04.952,2,34354,16191.9041
15:16:05.009,1,12147,18050.8261
15:16:05.009,2,34367,16215.0852
15:16:05.009,0,28139,8036.5807
15:16:05.012,0,28147,7996.3823
15:16:05.031,1,12158,18052.6231
15:16:05.046,2,34378,16217.7828
15:16:05.057,0,28155,8001.3562
15:16:05.093,1,12170,18072.0481
15:16:05.117,2,34388,16244.6895
15:16:05.118,1,12180,18036.7272
15:16:05.118,0,28163,8012.3744
15:16:05.122,2,34399,16199.2880
15:16:05.168,0,28171,8039.1871
15:16:05.168,1,12192,18062.1343
15:16:05.170,2,34410,16221.1847
15:16:05.181,0,28179,7991.2196
15:16:05.190,1,12202,18041.3815
15:16:05.195,2,34421,16188.0511
15:16:05.228,0,28188,8013.2408
15:16:05.240,1,12214,18057.2716
15:16:05.249,2,34432,16217.7644
15:16:05.268,0,28196,8013.1306
15:16:05.271,1,12225,18047.5708
15:16:05.272,2,34444,16208.5864
15:16:05.318,0,28203,8009.4631
15:16:05.323,1,12238,18051.1878
15:16:05.324,2,34455,16207.7511
15:16:05.334,0,28211,7993.2914
15:16:05.353,1,12250,18055.6605
15:16:05.356,2,34466,16188.2765
15:16:05.401,0,28219,8018.2162
15:16:05.403,1,12260,18061.4439
15:16:05.404,2,34478,16208.9232
15:16:05.417,0,28228,7973.4738
15:16:05.423,1,12271,18041.2021
15:16:05.431,2,34490,16203.3981
15:16:05.630,0,28409,8068.6863
15:16:05.644,2,34501,16327.5419
15:16:05.668,0,28420,8077.9257
15:16:05.669,2,34512,16351.6195
15:16:05.674,2,34522,16324.3748
15:16:05.676,0,28431,8081.4174
15:16:05.679,1,12283,18248.4845
15:16:05.680,2,34533,16297.3090
15:16:05.684,0,28440,8041.9030
15:16:05.688,2,34544,16255.3679
15:16:05.690,0,28448,8027.2061
15:16:05.696,0,28455,8016.7036
15:16:05.699,1,12485,18011.1777
15:16:05.705,1,12519,18015.1621
15:16:05.715,1,12533,18014.5005
15:16:05.717,2,34713,16011.7462
15:16:05.741,0,28463,8045.8805
15:16:05.753,1,12546,18050.7561
15:16:05.756,2,34763,16049.3124
15:16:05.787,0,28471,8052.2832
15:16:05.792,1,12557,18080.9089
15:16:05.796,2,34776,16068.0377
15:16:05.820,0,28480,8043.6208
15:16:05.836,1,12568,18091.5428
15:16:05.836,2,34787,16102.1401
15:16:05.861,0,28488,8052.2712
15:16:05.870,1,12578,18091.9074
15:16:05.874,2,34798,16132.7406
15:16:05.948,0,28496,8070.4110
15:16:05.948,1,12589,18123.6631
15:16:05.949,2,34809,16160.9341
15:16:05.951,0,28504,8057.1181
15:16:05.952,1,12601,18070.8694
15:16:05.956,2,34820,16100.6535
15:16:05.978,0,28512,8039.8968
15:16:06.000,2,34832,16124.9351
15:16:06.003,1,12611,18097.0032
15:16:06.019,0,28519,8013.2188
15:16:06.024,1,12622,18082.8447
15:16:06.034,2,34843,16128.1279
15:16:06.059,0,28526,8047.6471
15:16:06.069,1,12635,18062.2896
15:16:06.074,2,34855,16116.0809
15:16:06.091,0,28533,8028.6054
15:16:06.115,1,12645,18088.3141
15:16:06.118,2,34867,16128.0493
15:16:06.135,0,28540,8039.4231
15:16:06.162,1,12656,18088.8502
15:16:06.165,2,34879,16124.9305
15:16:06.178,0,28549,8040.8025
15:16:06.182,1,12667,18083.8251
15:16:06.187,2,34890,16119.7614
15:16:06.218,0,28558,8048.1965
15:16:06.228,1,12679,18083.7676
15:16:06.232,2,34902,16121.7071
15:16:06.266,0,28568,8008.8068
15:16:06.270,1,12690,18083.3579
15:16:06.275,2,34913,16127.0742
15:16:06.291,0,28580,8017.6797
15:16:06.321,1,12701,18079.5753
15:16:06.323,2,34925,16131.5477
15:16:06.337,0,28591,8022.7417
15:16:06.345,1,12712,18087.1480
15:16:06.367,2,34936,16130.1105
15:16:06.380,0,28603,8049.7094
15:16:06.388,2,34948,16122.6343
15:16:06.391,1,12724,18085.6474
15:16:06.420,0,28616,8045.6919
15:16:06.430,1,12733,18083.8105
15:16:06.433,2,34959,16121.3631
15:16:06.476,1,12745,18061.5137
15:16:06.476,2,34971,16120.1524
15:16:06.544,1,12756,18127.1233
15:16:06.548,0,28625,8123.3576
15:16:06.548,2,34982,16166.0913
15:16:06.559,1,12768,18095.7740
15:16:06.559,2,34993,16131.2798
15:16:06.565,0,28755,8041.5903
15:16:06.570,0,28768,8046.1402
15:16:06.583,0,28781,8037.1609
15:16:06.589,2,35004,16120.4923
15:16:06.591,1,12780,18072.9008
15:16:06.618,0,28790,8043.9251
15:16:06.646,2,35017,16079.0230
15:16:06.646,1,12791,18100.3364
15:16:06.661,0,28800,8044.6413
15:16:06.669,1,12801,18080.5943
15:16:06.674,2,35030,16061.2852
15:16:06.701,0,28808,8018.9613
15:16:06.719,1,12812,18089.4597
15:16:06.719,2,35042,16101.3825
15:16:06.732,0,28816,8041.7674
15:16:06.751,1,12824,18086.3892
15:16:06.769,2,35052,16142.0456
15:16:06.773,0,28824,8037.4810
15:16:06.789,2,35063,16118.6209
15:16:06.792,1,12834,18077.7751
15:16:06.825,0,28831,8029.1250
15:16:06.832,2,35076,16128.6488
15:16:06.836,1,12846,18079.3376
15:16:06.861,0,28839,8036.2036
15:16:06.901,1,12857,18114.6991
15:16:06.906,0,28847,8050.7053
15:16:06.906,2,35087,16158.3523
15:16:06.911,1,12869,18083.1558
15:16:06.915,2,35097,16116.4479
15:16:06.937,0,28856,8044.6648
15:16:06.971,1,12882,18102.3560
15:16:06.972,2,35108,16142.3647
15:16:06.977,0,28865,8038.1686
15:16:06.989,2,35119,16126.3907
15:16:06.993,1,12893,18069.9756
15:16:07.020,0,28874,8025.9487
15:16:07.025,1,12905,18079.6570
15:16:07.035,2,35131,16128.2180
15:16:07.051,0,28883,8042.2263
15:16:07.074,1,12916,18067.2643
15:16:07.077,2,35143,16123.4655
15:16:07.097,0,28892,8041.9560
15:16:07.121,1,12927,18092.7689
15:16:07.121,2,35154,16121.4316
15:16:07.142,0,28902,8032.6130
15:16:07.156,1,12937,18098.6583
15:16:07.216,0,28912,8077.8695
15:16:07.216,2,35166,16192.3092
15:16:07.217,1,12948,18100.6153
15:16:07.220,0,28921,8051.2067
15:16:07.221,2,35177,16148.4179
15:16:07.236,1,12959,18068.2999
15:16:07.236,2,35189,16124.2157
15:16:07.253,0,28930,8039.0350
15:16:07.276,1,12973,18086.8953
15:16:07.279,2,35200,16105.2396
15:16:07.296,0,28939,8040.7430
15:16:07.328,2,35213,16140.3134
15:16:07.328,1,12984,18100.5300
15:16:07.340,0,28948,8034.4205
15:16:07.346,1,12995,18083.1529
15:16:07.357,2,35224,16126.8802
15:16:07.402,0,28957,8062.3848
15:16:07.403,1,13006,18084.8025
15:16:07.403,2,35237,16111.3267
15:16:07.421,0,28967,8051.0776
15:16:07.436,1,13017,18088.3118
15:16:07.437,2,35248,16120.6312
15:16:07.539,0,28976,8122.5965
15:16:07.554,0,29096,7954.2705
15:16:07.600,2,35259,16253.6821
15:16:07.608,0,29105,7935.3979
15:16:07.615,2,35269,16223.9833
15:16:07.625,2,35280,16183.7524
15:16:07.626,0,29117,7927.9225
15:16:07.627,1,13028,18245.9561
15:16:07.631,2,35465,15979.3539
15:16:07.631,0,29128,7922.3372
15:16:07.638,2,35500,15982.7633
15:16:07.647,1,13038,18214.7913
15:16:07.650,1,13223,17946.5153
15:16:07.667,0,29138,7953.1084
15:16:07.679,1,13272,17973.5677
15:16:07.709,2,35512,16047.4479
15:16:07.709,0,29147,7986.9992
15:16:07.722,1,13283,18009.7069
15:16:07.723,2,35523,16050.8834
15:16:07.732,0,29155,8003.8524
15:16:07.746,1,13295,18012.0476
15:16:07.762,2,35536,16050.8023
15:16:07.777,0,29163,8042.4265
15:16:07.792,1,13308,18041.0993
15:16:07.796,2,35548,16024.4743
15:16:07.821,0,29173,8045.1609
15:16:07.831,1,13318,18043.3374
15:16:07.835,2,35560,16039.9198
15:16:07.860,0,29182,8044.5904
15:16:07.879,2,35572,16026.3390
15:16:07.879,1,13330,18036.5846
15:16:07.911,0,29191,8051.3986
15:16:07.911,1,13343,18040.1415
15:16:07.915,2,35584,16044.5073
15:16:07.935,0,29200,8044.8402
15:16:07.969,1,13353,18058.9117
15:16:07.971,2,35595,16053.1887
15:16:07.976,0,29210,8043.1554
15:16:07.997,1,13364,18042.5798
15:16:07.998,2,35607,16046.9003
15:16:08.020,0,29220,8043.0766
15:16:08.046,2,35618,16036.4103
15:16:08.050,1,13375,18066.6631
15:16:08.061,0,29229,8030.2756
15:16:08.067,1,13385,18035.9607
15:16:08.073,2,35627,16049.0734
15:16:08.108,0,29238,8050.5568
15:16:08.121,1,13395,18048.0893
15:16:08.129,2,35639,16048.8370
15:16:08.155,0,29247,8064.9820
15:16:08.158,1,13407,18057.2893
15:16:08.158,2,35651,16047.1810
15:16:08.181,0,29256,8047.6277
15:16:08.189,2,35663,16037.7848
15:16:08.210,1,13420,18066.2041
15:16:08.227,0,29265,8045.0198
15:16:08.228,1,13432,18040.8313
15:16:08.236,2,35674,16050.6536
15:16:08.279,1,13446,18039.0532
15:16:08.279,0,29274,8052.3262
15:16:08.279,2,35685,16044.6882
15:16:08.298,0,29282,8040.3984
15:16:08.337,1,13455,18078.0301
15:16:08.337,2,35696,16050.9363
15:16:08.338,0,29292,8045.9092
15:16:08.353,2,35706,16040.0226
15:16:08.367,1,13468,18061.0398
15:16:08.380,0,29301,8043.9889
15:16:08.392,1,13479,18038.2830
15:16:08.395,2,35719,16045.9280
15:16:08.429,0,29310,8039.7673
15:16:08.506,2,35731,16110.5014
15:16:08.506,1,13490,18119.0510
15:16:08.511,1,13501,18091.0295
15:16:08.527,2,35742,16086.0312
15:16:08.545,2,35754,16075.3890
15:16:08.585,1,13513,18120.8370
15:16:08.607,0,29319,8189.2494
15:16:08.609,1,13525,18042.4010
15:16:08.620,2,35765,16110.1831
15:16:08.623,1,13539,18008.5810
15:16:08.624,2,35777,16061.1838
15:16:08.628,0,29467,8065.7329
15:16:08.635,1,13549,18016.7677
15:16:08.636,0,29477,8055.0927
15:16:08.643,0,29487,8057.4907
15:16:08.643,2,35788,16029.9023
15:16:08.648,0,29497,8050.9476
15:16:08.677,0,29507,8058.6346
15:16:08.680,2,35800,16045.4179
15:16:08.681,1,13559,18057.5491
15:16:08.704,0,29517,8045.6838
15:16:08.731,1,13570,18065.3361
15:16:08.732,2,35811,16063.0576
15:16:08.734,0,29525,8032.1699
15:16:08.755,2,35823,16034.3194
15:16:08.756,1,13581,18047.6570
15:16:08.785,0,29534,8054.9034
15:16:08.798,1,13591,18058.3767
15:16:08.798,2,35834,16025.2086
15:16:08.821,0,29543,8003.8784
15:16:08.828,2,35846,16037.2594
15:16:08.838,1,13602,18039.2385
15:16:08.859,0,29552,8037.3743
15:16:08.874,1,13615,18048.0919
15:16:08.878,2,35857,16035.1123
15:16:08.901,0,29561,8025.6670
15:16:08.913,1,13626,18045.6565
15:16:08.928,2,35868,16057.2140
15:16:08.932,0,29571,8042.1461
15:16:08.954,1,13638,18052.2874
15:16:08.957,2,35880,16046.6725
15:16:09.001,0,29580,8057.5443
15:16:09.001,1,13649,18048.5237
15:16:09.002,2,35891,16037.8266
15:16:09.019,0,29590,8043.0041
15:16:09.024,1,13660,18038.7984
15:16:09.029,2,35902,16041.5248
15:16:09.080,0,29600,8050.3420
15:16:09.080,2,35913,16051.5272
15:16:09.080,1,13673,18049.5700
15:16:09.100,0,29608,8051.0100
15:16:09.132,1,13684,18059.1156
15:16:09.133,2,35924,16061.1595
15:16:09.135,0,29617,8031.5522
15:16:09.154,1,13694,18041.9740
15:16:09.158,2,35935,16041.0269
15:16:09.194,0,29626,8058.5742
15:16:09.194,1,13708,18020.5164
15:16:09.197,2,35946,16050.1836
15:16:09.220,0,29636,8039.2680
15:16:09.242,1,13719,18044.5846
15:16:09.242,2,35957,16053.3797
15:16:09.261,0,29646,8048.5149
15:16:09.271,1,13728,18046.4005
15:16:09.274,2,35968,16044.2102
15:16:09.300,0,29656,8045.3273
15:16:09.316,1,13740,18029.2686
15:16:09.322,2,35981,16045.7109
15:16:09.335,0,29664,8038.9016
15:16:09.349,1,13752,18033.0962
15:16:09.352,2,35994,16033.9588
15:16:09.383,0,29672,8017.5513
15:16:09.394,1,13762,18047.5226
15:16:09.394,2,36003,16041.7944
15:16:09.419,0,29681,8047.3685
15:16:09.436,1,13774,18044.4704
15:16:09.440,2,36015,16022.7689
15:16:09.524,0,29692,8075.6211
15:16:09.547,0,29821,7949.6842
15:16:09.640,1,13785,18221.8512
15:16:09.641,0,29830,8028.3453
15:16:09.651,0,29841,8035.3599
15:16:09.656,0,29851,7992.5797
15:16:09.658,2,36026,16221.2166
15:16:09.659,1,13969,18004.2593
15:16:09.663,0,29862,7983.3670
15:16:09.666,1,14003,18008.9033
15:16:09.676,1,14015,18017.9386
15:16:09.679,2,36229,15976.1809
15:16:09.685,2,36276,15955.2471
15:16:09.713,2,36287,15977.3116
15:16:09.713,0,29871,8028.5705
15:16:09.713,1,14026,18048.0841
15:16:09.718,2,36298,15977.1310
15:16:09.741,0,29880,8021.8852
15:16:09.756,1,14038,18044.0652
15:16:09.758,2,36309,16007.3589
15:16:09.802,0,29889,8057.8694
15:16:09.803,1,14049,18033.8718
15:16:09.803,2,36322,16000.3826
15:16:09.817,0,29899,8045.7499
15:16:09.835,1,14060,18041.8239
15:16:09.854,2,36333,16021.5342
15:16:09.860,0,29908,8044.5271
15:16:09.875,1,14071,18021.7417
15:16:09.875,2,36344,16003.0191
15:16:09.915,0,29918,8056.2471
15:16:09.920,1,14083,18050.0620
15:16:09.920,2,36355,15994.2222
15:16:09.933,0,29926,8010.8104
15:16:09.947,1,14095,18036.0001
15:16:09.956,2,36366,16007.9582
15:16:09.994,0,29936,8064.8299
15:16:09.994,1,14107,18044.3387
15:16:09.999,2,36377,16009.8506
15:16:10.019,0,29945,8042.5238
15:16:10.035,2,36390,15997.7114
15:16:10.039,1,14119,18029.6948
15:16:10.061,0,29955,8021.5303
15:16:10.075,1,14132,18049.7193
15:16:10.076,2,36401,16003.7664
15:16:10.094,0,29964,8032.6703
15:16:10.109,1,14141,18028.1536
15:16:10.117,2,36412,16012.4527
15:16:10.171,1,14152,18060.0098
15:16:10.171,0,29973,8080.9298
15:16:10.172,2,36423,16002.3023
15:16:10.179,0,29982,8043.7709
15:16:10.204,1,14162,18065.3986
15:16:10.204,2,36434,16012.8924
15:16:10.224,0,29992,8045.1081
15:16:10.234,1,14173,18048.5109
15:16:10.234,2,36445,15997.2799
15:16:10.254,0,30002,8015.6982
15:16:10.266,1,14185,18031.0326
15:16:10.276,2,36458,16006.5589
15:16:10.308,0,30012,8055.9726
15:16:10.311,1,14197,18025.1548
15:16:10.317,2,36469,16005.9136
15:16:10.339,0,30020,8044.3084
15:16:10.360,1,14209,18051.4325
15:16:10.360,2,36480,16009.5526
15:16:10.382,0,30030,8038.5067
15:16:10.393,1,14219,18042.4706
15:16:10.396,2,36491,16004.7150
15:16:10.415,0,30039,8034.0739
15:16:10.437,1,14230,18048.0346
15:16:10.437,2,36503,15995.2391
15:16:10.483,1,14243,18041.7961
15:16:10.486,2,36514,16015.7175
15:16:10.515,0,30047,8104.5704
15:16:10.519,2,36525,15982.5031
15:16:10.520,1,14255,18056.0974
15:16:10.530,0,30212,7987.5843
15:16:10.564,2,36536,15993.2686
15:16:10.564,1,14265,18039.5466
15:16:10.565,0,30222,8004.3119
15:16:10.581,0,30231,8015.2107
15:16:10.608,1,14280,18045.1815
15:16:10.608,2,36546,16024.1245
15:16:10.621,0,30241,8041.4992
15:16:10.625,1,14289,18012.2081
15:16:10.638,2,36559,15976.5124
15:16:10.680,0,30251,8054.9476
15:16:10.680,1,14300,18060.8226
15:16:10.683,2,36570,16011.7212
15:16:10.694,0,30261,8002.8465
15:16:10.710,2,36581,15995.2359
15:16:10.712,1,14311,18043.5371
15:16:10.739,0,30269,8042.0151
15:16:10.757,1,14323,18036.2536
15:16:10.759,2,36592,16015.2294
15:16:10.779,0,30279,8033.8793
15:16:10.785,1,14333,18012.7331
15:16:10.812,2,36603,16018.7693
15:16:10.821,0,30288,8041.5557
15:16:10.830,1,14344,18047.0677
15:16:10.838,2,36616,16006.3057
15:16:10.880,0,30298,8036.9076
15:16:10.884,2,36627,15996.6458
15:16:10.886,1,14355,18042.9477
15:16:10.897,0,30307,8047.2095
15:16:10.916,1,14367,18049.6179
15:16:10.916,2,36639,16009.9466
15:16:10.969,0,30316,8066.5211
15:16:10.973,1,14379,18062.4279
15:16:10.976,2,36650,16027.5450
15:16:10.981,0,30324,8045.1388
15:16:10.992,1,14391,18027.6755
15:16:10.997,2,36661,15986.5305
15:16:11.052,0,30332,8074.2684
15:16:11.053,1,14401,18066.7707
15:16:11.053,2,36671,16018.6904
15:16:11.058,0,30341,8046.5856
15:16:11.075,1,14412,18048.8013
15:16:11.076,2,36682,16006.3810
15:16:11.113,0,30350,8057.1812
15:16:11.113,1,14423,18044.5295
15:16:11.116,2,36694,15995.1523
15:16:11.142,0,30359,8038.5333
15:16:11.170,1,14436,18057.2067
15:16:11.172,2,36703,16021.2826
15:16:11.175,0,30369,8034.5196
15:16:11.191,2,36716,15995.2134
15:16:11.195,1,14448,18051.0099
15:16:11.243,0,30377,8043.3814
15:16:11.246,1,14459,18058.2888
15:16:11.247,2,36727,16007.0859
15:16:11.258,0,30386,8042.4592
15:16:11.269,1,14469,18041.5052
15:16:11.274,2,36739,16002.9748
15:16:11.323,1,14481,18047.1896
15:16:11.324,0,30397,8063.0969
15:16:11.324,2,36751,16001.0100
15:16:11.333,0,30405,8030.6040
15:16:11.350,2,36762,15983.4866
15:16:11.355,1,14491,18052.9461
15:16:11.378,0,30415,8039.5105
15:16:11.395,1,14503,18045.6780
15:16:11.397,2,36774,16005.7737
15:16:11.444,0,30424,8047.0017
15:16:11.444,1,14515,18027.1249
15:16:11.444,2,36776,16024.3086
15:16:11.606,0,30433,8187.4676
15:16:11.622,0,30616,7989.6945
15:16:11.629,1,14526,18195.7918
15:16:11.630,0,30625,7976.0636
15:16:11.635,2,36958,15914.0125
15:16:11.656,1,14728,17960.1666
15:16:11.661,1,14763,17963.3451
15:16:11.662,0,30634,7968.3230
15:16:11.662,2,37005,15920.7241
15:16:11.666,2,37017,15917.5420
15:16:11.669,1,14774,17969.7254
15:16:11.671,0,30643,7972.2214
15:16:11.674,2,37029,15918.5520
15:16:11.674,1,14786,17967.6491
15:16:11.678,0,30652,7973.2606
15:16:11.683,2,37040,15921.7344
15:16:11.683,1,14798,17972.0208
15:16:11.688,2,37051,15896.5130
15:16:11.733,0,30663,7999.6490
15:16:11.734,2,37062,15898.8751
15:16:11.734,1,14809,17986.5748
15:16:11.738,0,30670,7999.8850
15:16:11.750,2,37072,15880.2165
15:16:11.753,1,14820,17971.2519
15:16:11.787,0,30680,8043.5427
15:16:11.798,2,37086,15883.8886
15:16:11.799,1,14831,17969.4827
15:16:11.823,0,30688,8045.1873
15:16:11.849,1,14842,17976.8767
15:16:11.849,2,37097,15890.7567
15:16:11.862,0,30698,8024.6326
15:16:11.870,1,14852,17943.7781
15:16:11.877,2,37107,15893.0128
15:16:11.896,0,30705,8046.8492
15:16:11.911,2,37117,15880.6921
15:16:11.915,1,14864,17972.8249
15:16:11.965,0,30715,8065.6158
15:16:11.971,1,14875,17986.4086
15:16:11.971,2,37128,15886.9687
15:16:11.980,0,30723,8024.2342
15:16:11.988,1,14886,17951.9420
15:16:12.001,2,37139,15887.9739
15:16:12.038,0,30731,8055.4453
15:16:12.039,2,37152,15893.6180
15:16:12.039,1,14899,17971.1476
15:16:12.055,0,30739,8036.0355
15:16:12.071,2,37165,15881.7991
15:16:12.087,1,14910,17987.2745
15:16:12.101,0,30747,8050.3586
15:16:12.117,1,14922,17946.0733
15:16:12.117,2,37176,15879.4662
15:16:12.153,0,30756,8049.5414
15:16:12.153,1,14932,17965.2056
15:16:12.157,2,37188,15884.4970
15:16:12.182,0,30766,8044.5839
15:16:12.224,1,14942,17986.7726
15:16:12.230,2,37198,15925.7696
15:16:12.230,0,30774,8046.2965
15:16:12.235,1,14954,17972.5630
15:16:12.236,2,37209,15888.6475
15:16:12.260,0,30784,8018.4445
15:16:12.284,2,37219,15883.0857
15:16:12.284,1,14966,17973.1927
15:16:12.307,0,30792,8057.4790
15:16:12.313,1,14976,17966.3899
15:16:12.314,2,37230,15883.5371
15:16:12.377,0,30801,8072.4350
15:16:12.378,2,37241,15902.5908
15:16:12.378,1,14987,17989.9906
15:16:12.381,0,30810,8030.6501
15:16:12.391,2,37255,15844.7668
15:16:12.392,1,14999,17950.3708
15:16:12.419,0,30817,8042.3415
15:16:12.446,2,37266,15860.5095
15:16:12.446,1,15009,17984.0627
15:16:12.467,1,15020,17930.6168
15:16:12.475,2,37277,15872.1880
15:16:12.536,0,30825,8117.6223
15:16:12.555,1,15032,17984.7183
15:16:12.556,0,31007,8008.0256
15:16:12.556,2,37288,15921.9327
15:16:12.563,0,31018,7983.7914
15:16:12.563,2,37298,15894.1657
15:16:12.566,1,15044,17977.0666
15:16:12.574,0,31027,7990.9215
15:16:12.613,1,15055,17953.2305
15:16:12.614,2,37311,15902.9533
15:16:12.621,0,31037,8023.6372
15:16:12.628,1,15067,17959.7652
15:16:12.645,2,37323,15887.7895
15:16:12.669,0,31047,8009.8440
15:16:12.672,1,15077,17956.6214
15:16:12.678,2,37333,15863.7922
15:16:12.706,0,31055,8027.0245
15:16:12.720,2,37343,15889.7804
15:16:12.724,1,15087,17963.2000
15:16:12.744,0,31064,8047.6973
15:16:12.758,1,15099,17976.3382
15:16:12.758,2,37356,15865.7062
15:16:12.774,0,31072,8032.2678
15:16:12.786,1,15110,17954.3722
15:16:12.796,2,37368,15883.8619
15:16:12.827,0,31080,8043.6755
15:16:12.831,1,15120,17945.6341
15:16:12.837,2,37379,15871.2294
15:16:12.861,0,31088,8050.3617
15:16:12.885,2,37391,15900.9088
15:16:12.886,1,15131,17976.2485
15:16:12.907,0,31095,8053.2956
15:16:12.916,2,37401,15886.2983
15:16:12.934,1,15143,17992.5643
15:16:12.937,0,31103,8037.7358
15:16:12.950,1,15154,17940.2666
15:16:12.955,2,37411,15884.3395
15:16:12.989,0,31111,8050.1037
15:16:12.995,1,15165,17966.7340
15:16:13.004,2,37423,15890.3144
15:16:13.020,0,31119,8010.6968
15:16:13.050,2,37435,15901.9130
15:16:13.054,1,15177,17982.4879
15:16:13.059,0,31128,8047.1812
15:16:13.076,2,37447,15884.1042
15:16:13.078,1,15187,17958.1679
15:16:13.114,0,31140,8056.9056
15:16:13.116,1,15198,17971.3856
15:16:13.117,2,37459,15871.2324
15:16:13.159,0,31149,8041.1788
15:16:13.159,2,37470,15886.7692
15:16:13.160,1,15210,17968.0895
15:16:13.174,0,31160,8005.7409
15:16:13.210,1,15221,17969.7799
15:16:13.217,2,37482,15908.0831
15:16:13.218,0,31171,8037.0558
15:16:13.237,1,15233,17965.6331
15:16:13.237,2,37491,15853.5193
15:16:13.273,0,31183,8045.0773
15:16:13.284,2,37502,15894.5065
15:16:13.284,1,15245,17961.1550
15:16:13.328,0,31195,8060.3302
15:16:13.328,1,15255,17961.4676
15:16:13.331,2,37513,15879.2589
15:16:13.340,0,31206,8022.2096
15:16:13.354,1,15267,17966.4629
15:16:13.358,2,37702,15694.6123
15:16:13.387,0,31216,8052.5204
15:16:13.399,2,37738,15715.1694
15:16:13.413,1,15278,17985.0076
15:16:13.434,0,31225,8032.1624
15:16:13.440,1,15481,17775.8530
15:16:13.442,2,37751,15753.4621
15:16:13.555,0,31235,8137.8814
15:16:13.571,0,31375,7940.9219
15:16:13.658,0,31399,7989.8379
15:16:13.684,0,31410,8007.6178
15:16:13.685,2,37763,15989.7265
15:16:13.689,0,31419,8005.4354
15:16:13.690,1,15515,17968.3909
15:16:13.690,2,37775,15966.4006
15:16:13.694,0,31427,8004.0987
15:16:13.696,2,37787,15940.1224
15:16:13.702,0,31436,8005.7569
15:16:13.714,1,15526,17984.2354
15:16:13.718,2,37798,15917.4613
15:16:13.718,1,15538,17982.2686
15:16:13.724,1,15550,17975.7475
15:16:13.740,0,31444,7999.4243
15:16:13.753,2,37810,15920.4338
15:16:13.756,1,15561,18000.3033
15:16:13.796,0,31453,8008.6975
15:16:13.796,1,15573,18008.5806
15:16:13.796,2,37822,15915.9933
15:16:13.822,0,31462,8001.9335
15:16:13.837,1,15583,18001.8466
15:16:13.846,2,37834,15933.4450
15:16:13.856,0,31470,7994.6544
15:16:13.874,1,15596,18013.6976
15:16:13.877,2,37844,15933.9407
15:16:13.900,0,31477,7952.2287
15:16:13.911,2,37856,15901.9299
15:16:13.915,1,15606,18001.1472
15:16:13.958,0,31485,8006.6787
15:16:13.958,1,15617,18001.9614
15:16:13.960,2,37867,15929.7478
15:16:13.983,0,31492,8004.9078
15:16:13.996,1,15627,18008.1650
15:16:14.010,2,37877,15936.2986
15:16:14.014,0,31499,7995.0079
15:16:14.036,1,15637,18017.0903
15:16:14.039,2,37888,15924.6446
15:16:14.069,0,31506,8010.2519
15:16:14.076,1,15649,17993.6845
15:16:14.079,2,37899,15929.1038
15:16:14.101,0,31513,8010.2160
15:16:14.122,1,15660,18014.8621
15:16:14.122,2,37911,15931.3389
15:16:14.143,0,31521,8008.3400
15:16:14.153,1,15672,18003.3379
15:16:14.155,2,37928,15897.8845
15:16:14.176,0,31530,7997.8149
15:16:14.193,1,15682,18008.1324
15:16:14.197,2,37940,15923.7802
15:16:14.242,0,31537,8023.7751
15:16:14.246,1,15692,18010.5173
15:16:14.246,2,37949,15931.5246
15:16:14.261,0,31546,7995.2897
15:16:14.266,1,15703,17997.7553
15:16:14.279,2,37960,15909.4479
15:16:14.301,0,31554,8010.5280
15:16:14.316,1,15714,18007.9677
15:16:14.316,2,37973,15922.9274
15:16:14.348,0,31566,8010.8782
15:16:14.353,1,15727,18009.6225
15:16:14.356,2,37984,15923.6996
15:16:14.375,0,31577,7994.8178
15:16:14.401,1,15738,18002.1396
15:16:14.403,2,37994,15901.6266
15:16:14.416,0,31585,7995.6822
15:16:14.428,1,15749,18000.4991
15:16:14.454,2,38005,15927.7614
15:16:14.472,1,15759,17996.4307
15:16:14.472,2,38016,15918.5240
15:16:14.562,1,15770,18057.4628
15:16:14.562,2,38027,15957.6789
15:16:14.579,0,31716,8030.5089
15:16:14.579,2,38037,15953.6064
15:16:14.579,1,15782,17993.0800
15:16:14.588,1,15792,17995.7995
15:16:14.595,0,31727,8030.5185
15:16:14.599,0,31738,8029.0408
15:16:14.601,2,38049,15919.0232
15:16:14.604,0,31749,8020.7327
15:16:14.619,0,31757,8001.0823
15:16:14.632,2,38060,15899.5270
15:16:14.633,1,15804,17995.0434
15:16:14.660,0,31766,7999.2245
15:16:14.679,2,38071,15925.0084
15:16:14.679,1,15816,18017.2116
15:16:14.701,0,31775,8000.3339
15:16:14.726,1,15827,18018.7464
15:16:14.726,2,38082,15925.5551
15:16:14.754,0,31784,8022.2205
15:16:14.755,1,15837,17998.1939
15:16:14.759,2,38093,15930.0645
15:16:14.801,0,31792,8027.3816
15:16:14.806,2,38105,15933.3209
15:16:14.806,1,15848,18016.9810
15:16:14.823,0,31803,7997.9676
15:16:14.834,1,15859,18013.2904
15:16:14.836,2,38118,15900.2987
15:16:14.895,0,31811,8034.0161
15:16:14.895,2,38130,15947.9643
15:16:14.895,1,15871,18003.4841
15:16:14.903,0,31820,7997.1751
15:16:14.908,1,15881,18000.4257
15:16:14.920,2,38142,15919.0827
15:16:14.946,0,31829,8008.7143
15:16:14.956,1,15892,17988.4520
15:16:14.956,2,38154,15905.3864
15:16:14.980,0,31838,8002.8822
15:16:15.014,1,15904,18033.4227
15:16:15.014,2,38166,15939.1944
15:16:15.020,0,31847,7999.7777
15:16:15.036,1,15916,18009.0663
15:16:15.036,2,38177,15919.7040
15:16:15.067,0,31855,8015.6239
15:16:15.067,1,15926,17999.6465
15:16:15.079,2,38188,15915.5162
15:16:15.098,0,31863,8000.4794
15:16:15.116,2,38200,15923.6527
15:16:15.117,1,15937,18005.5045
15:16:15.137,0,31872,7995.0961
15:16:15.202,2,38211,15961.0192
15:16:15.202,1,15947,18059.6420
15:16:15.205,2,38219,15939.1401
15:16:15.205,0,31882,7989.0418
15:16:15.207,1,15959,18017.5213
15:16:15.223,0,31892,8002.3101
15:16:15.230,1,15969,17985.2192
15:16:15.254,2,38228,15943.3687
15:16:15.263,0,31900,8009.9425
15:16:15.271,2,38239,15910.9947
15:16:15.276,1,15980,18003.4394
15:16:15.295,0,31909,7998.9980
15:16:15.333,2,38250,15939.1877
15:16:15.333,1,15991,18024.4188
15:16:15.339,0,31918,7999.4219
15:16:15.360,1,16003,17976.6448
15:16:15.363,2,38261,15928.6329
15:16:15.382,0,31927,7980.2600
15:16:15.387,1,16016,17998.3336
15:16:15.401,2,38401,15695.9948
15:16:15.437,0,31935,8016.4581
15:16:15.438,2,38425,15715.1260
15:16:15.438,1,16026,17990.3126
15:16:15.601,0,32068,8062.8381
15:16:15.619,0,32078,8064.9077
15:16:15.622,0,32089,8013.7748
15:16:15.637,1,16229,17957.9539
15:16:15.638,0,32098,8011.6854
15:16:15.665,1,16276,17960.3766
15:16:15.665,0,32107,8034.4045
15:16:15.669,1,16286,17961.0966
15:16:15.674,2,38437,15946.0911
15:16:15.676,1,16298,17957.4388
15:16:15.678,0,32117,8011.0618
15:16:15.683,1,16309,17927.2222
15:16:15.694,0,32126,7985.1789
15:16:15.697,2,38449,15958.4342
15:16:15.700,2,38460,15955.5811
15:16:15.707,2,38481,15948.8535
15:16:15.723,2,38495,15917.6183
15:16:15.724,1,16320,17922.7668
15:16:15.740,0,32135,8008.2621
15:16:15.775,1,16333,17952.9353
15:16:15.775,2,38507,15941.4522
15:16:15.780,0,32144,8002.3961
15:16:15.788,1,16343,17907.9557
15:16:15.801,2,38518,15931.8872
15:16:15.830,0,32154,8009.6835
15:16:15.833,1,16354,17925.0783
15:16:15.839,2,38529,15918.8881
15:16:15.855,0,32164,7994.6876
15:16:15.884,2,38541,15913.4587
15:16:15.888,1,16365,17936.6777
15:16:15.898,0,32173,7987.2134
15:16:15.920,1,16377,17911.1708
15:16:15.920,2,38553,15926.4169
15:16:15.943,0,32183,8008.6036
15:16:15.948,1,16387,17922.0510
15:16:15.957,2,38565,15920.0523
15:16:15.995,0,32192,8019.0452
15:16:15.995,1,16398,17924.9289
15:16:15.999,2,38577,15917.9528
15:16:16.023,0,32201,8003.1437
15:16:16.031,2,38589,15919.8625
15:16:16.046,1,16410,17931.2747
15:16:16.055,0,32210,7993.9496
15:16:16.081,1,16420,17939.3820
15:16:16.081,2,38601,15899.1051
15:16:16.100,0,32220,7991.4809
15:16:16.107,1,16431,17921.0048
15:16:16.119,2,38612,15930.6661
15:16:16.180,0,32230,8025.1541
15:16:16.191,1,16441,17933.9147
15:16:16.192,0,32239,8011.2790
15:16:16.192,2,38625,15961.0140
15:16:16.198,2,38636,15915.9477
15:16:16.200,1,16453,17926.1962
15:16:16.217,0,32250,7989.1398
15:16:16.238,2,38648,15924.3073
15:16:16.238,1,16466,17923.4215
15:16:16.256,0,32261,7977.2746
15:16:16.268,1,16480,17897.8898
15:16:16.290,2,38660,15943.2234
15:16:16.301,0,32270,8002.3125
15:16:16.314,1,16492,17925.2585
15:16:16.326,2,38673,15930.5021
15:16:16.346,0,32280,8007.9013
15:16:16.356,2,38685,15924.5883
15:16:16.360,1,16503,17928.3213
15:16:16.413,0,32289,8033.1142
15:16:16.413,1,16517,17950.0971
15:16:16.414,2,38696,15939.0716
15:16:16.417,0,32298,7988.0065
15:16:16.430,1,16531,17903.9209
15:16:16.438,2,38708,15879.7493
15:16:16.477,1,16545,17926.0224
15:16:16.481,2,38719,15915.1459
15:16:16.513,2,38731,15912.5305
15:16:16.519,1,16557,17914.0201
15:16:16.563,0,32462,7955.6246
15:16:16.568,1,16569,17947.6968
15:16:16.568,2,38743,15929.6276
15:16:16.583,0,32475,7955.3774
15:16:16.587,0,32485,7950.6414
15:16:16.587,1,16582,17905.4031
15:16:16.592,0,32494,7949.8524
15:16:16.598,2,38754,15931.5887
15:16:16.625,0,32505,7977.4360
15:16:16.632,1,16596,17899.1330
15:16:16.639,2,38766,15930.2501
15:16:16.663,0,32515,7985.9440
15:16:16.675,1,16608,17924.9130
15:16:16.675,2,38779,15923.5410
15:16:16.711,0,32523,8007.3441
15:16:16.717,2,38791,15899.8954
15:16:16.717,1,16617,17916.4172
15:16:16.742,0,32533,8008.1051
15:16:16.748,1,16626,17922.5990
15:16:16.771,2,38803,15943.1253
15:16:16.784,0,32542,7998.7086
15:16:16.798,1,16636,17935.9891
15:16:16.801,2,38814,15924.4271
15:16:16.836,0,32551,8015.5991
15:16:16.837,1,16646,17929.1760
15:16:16.837,2,38826,15923.3887
15:16:16.857,0,32558,7997.2183
15:16:16.889,1,16656,17937.0262
15:16:16.890,2,38837,15937.4176
15:16:16.904,0,32567,8002.7498
15:16:16.909,1,16666,17909.4152
15:16:16.918,2,38848,15919.4229
15:16:16.943,0,32576,8010.5638
15:16:16.952,1,16676,17926.1784
15:16:16.958,2,38859,15912.5164
15:16:16.996,0,32588,7994.6910
15:16:16.996,1,16687,17928.3007
15:16:16.996,2,38871,15924.4676
15:16:17.015,0,32597,7995.3908
15:16:17.036,1,16695,17919.6218
15:16:17.036,2,38883,15921.5008
15:16:17.062,0,32605,7982.3708
15:16:17.070,1,16705,17927.5430
15:16:17.077,2,38894,15930.6503
15:16:17.114,0,32612,8014.0856
15:16:17.118,1,16715,17929.6341
15:16:17.120,2,38909,15924.3443
15:16:17.146,0,32620,8010.8064
15:16:17.162,1,16724,17923.6151
15:16:17.166,2,38921,15929.0766
15:16:17.175,0,32628,7981.6998
15:16:17.193,2,38933,15901.3171
15:16:17.198,1,16733,17928.8132
15:16:17.221,0,32637,8000.8450
15:16:17.228,1,16742,17921.1552
15:16:17.239,2,38943,15923.2411
15:16:17.269,0,32646,8008.0188
15:16:17.274,1,16752,17917.0217
15:16:17.280,2,38954,15911.1681
15:16:17.302,0,32655,8001.1992
15:16:17.335,1,16761,17941.1295
15:16:17.337,2,38967,15944.5537
15:16:17.343,0,32665,8007.7212
15:16:17.354,2,38979,15903.1542
15:16:17.359,1,16771,17928.6849
15:16:17.391,0,32673,8007.5775
15:16:17.394,1,16910,17716.0147
15:16:17.399,2,39130,15745.3746
15:16:17.431,0,32681,8012.6675
15:16:17.436,1,16920,17741.4778
15:16:17.439,2,39141,15761.9269
15:16:17.653,0,32816,8129.4065
15:16:17.666,1,16933,17967.0569
15:16:17.669,2,39165,15989.2952
15:16:17.673,0,32828,8126.1083
15:16:17.677,0,32838,8035.6345
15:16:17.686,0,32847,8034.4322
15:16:17.688,1,16945,17976.7532
15:16:17.691,0,32856,8034.7544
15:16:17.692,1,16956,17971.8495
15:16:17.696,2,39177,16012.5408
15:16:17.700,2,39188,16013.9837
15:16:17.700,1,16967,17972.0810
15:16:17.701,0,32866,8037.8084
15:16:17.707,2,39200,15983.7155
15:16:17.708,1,16979,17969.5400
15:16:17.716,1,16993,17958.0800
15:16:17.719,2,39212,15967.5860
15:16:17.758,1,17004,17969.0902
15:16:17.758,0,32876,8045.9866
15:16:17.764,2,39224,15964.3243
15:16:17.774,0,32885,8033.4845
15:16:17.829,0,32895,8027.1359
15:16:17.830,1,17015,18000.8557
15:16:17.830,2,39235,16002.7061
15:16:17.840,1,17025,17967.5744
15:16:17.840,2,39246,15969.4413
15:16:17.861,0,32904,8044.8497
15:16:17.881,1,17036,17961.5903
15:16:17.881,2,39259,15956.4212
15:16:17.903,0,32914,8043.9601
15:16:17.916,1,17048,17966.9595
15:16:17.933,2,39271,15979.2358
15:16:17.944,0,32924,8028.4107
15:16:17.954,2,39283,15964.8537
15:16:17.958,1,17061,17968.6181
15:16:17.986,0,32934,8052.8753
15:16:18.000,2,39294,15960.6198
15:16:18.001,1,17075,17962.7164
15:16:18.018,0,32941,8024.1055
15:16:18.038,1,17087,17971.7650
15:16:18.041,2,39306,15968.3021
15:16:18.061,0,32950,8041.8927
15:16:18.076,1,17098,17964.9086
15:16:18.090,2,39318,15972.5499
15:16:18.107,0,32960,8045.6168
15:16:18.112,2,39330,15964.2810
15:16:18.116,1,17109,17936.9086
15:16:18.143,0,32970,8049.4730
15:16:18.158,2,39341,15964.5476
15:16:18.158,1,17119,17967.2726
15:16:18.177,0,32981,8005.7904
15:16:18.193,1,17131,17962.7730
15:16:18.201,2,39353,15961.7881
15:16:18.221,0,32991,8041.8060
15:16:18.250,1,17143,17970.9383
15:16:18.253,2,39366,15966.7630
15:16:18.269,0,33001,8044.2664
15:16:18.273,2,39378,15966.1083
15:16:18.276,1,17154,17968.7837
15:16:18.302,0,33011,8048.5586
15:16:18.317,2,39389,15963.7760
15:16:18.318,1,17165,17967.2104
15:16:18.354,0,33020,8046.5453
15:16:18.355,1,17176,17959.4973
15:16:18.357,2,39401,15959.1448
15:16:18.379,0,33030,8040.0645
15:16:18.408,1,17189,17980.6565
15:16:18.408,2,39415,15973.9750
15:16:18.418,0,33040,8036.1582
15:16:18.432,2,39426,15963.4992
15:16:18.441,1,17200,17969.9115
15:16:18.478,2,39436,15947.4807
15:16:18.478,1,17212,17914.8834
15:16:18.524,1,17223,17956.3831
15:16:18.550,2,39448,15979.8768
15:16:18.566,0,33049,8150.5745
15:16:18.569,1,17236,17969.5825
15:16:18.572,2,39462,15977.1816
15:16:18.586,0,33179,8070.9724
15:16:18.592,0,33192,8062.0949
15:16:18.595,2,39473,15967.9948
15:16:18.596,1,17249,17965.3080
15:16:18.616,0,33204,8051.3051
15:16:18.646,2,39484,15949.8344
15:16:18.650,1,17260,17978.6768
15:16:18.659,0,33213,8077.8400
15:16:18.671,1,17271,17966.9919
15:16:18.679,2,39495,15967.8616
15:16:18.731,1,17282,17983.4164
15:16:18.731,0,33222,8110.3338
15:16:18.731,2,39509,15977.2957
15:16:18.746,0,33231,8066.9292
15:16:18.756,1,17293,17939.4901
15:16:18.760,2,39522,15973.2496
15:16:18.778,0,33244,8084.0667
15:16:18.803,1,17304,17971.1457
15:16:18.804,2,39535,15957.9476
15:16:18.821,0,33256,8081.5870
15:16:18.829,1,17315,17952.6402
15:16:18.837,2,39547,15936.6342
15:16:18.867,0,33266,8087.5635
15:16:18.878,1,17327,17970.9452
15:16:18.883,2,39559,15969.0879
15:16:18.909,0,33275,8088.0336
15:16:18.932,1,17338,17985.2451
15:16:18.932,2,39571,15976.2021
15:16:18.947,0,33284,8067.0462
15:16:18.970,2,39582,15978.4634
15:16:18.974,1,17351,17971.3300
15:16:18.976,0,33293,8079.4133
15:16:18.990,1,17363,17960.9357
15:16:19.004,2,39594,15969.6878
15:16:19.026,0,33304,8056.8819
15:16:19.036,1,17374,17968.9806
15:16:19.043,2,39606,15952.5847
15:16:19.063,0,33315,8082.2546
15:16:19.078,1,17387,17968.4793
15:16:19.107,2,39618,15985.4151
15:16:19.110,0,33325,8057.8544
15:16:19.116,2,39630,15961.1021
15:16:19.120,1,17397,17967.0141
15:16:19.144,0,33335,8086.7740
15:16:19.184,2,39641,15981.7437
15:16:19.185,1,17408,17999.1426
15:16:19.191,0,33345,8078.0519
15:16:19.192,1,17420,17957.9414
15:16:19.199,2,39654,15964.5871
15:16:19.221,0,33355,8078.6596
15:16:19.245,1,17432,17953.5321
15:16:19.247,2,39665,15975.7688
15:16:19.263,0,33365,8087.8922
15:16:19.273,2,39676,15956.9785
15:16:19.278,1,17444,17966.4144
15:16:19.314,0,33376,8070.6301
15:16:19.314,1,17455,17947.7955
15:16:19.317,2,39689,15920.3336
15:16:19.338,0,33385,8079.3815
15:16:19.374,1,17467,17986.2503
15:16:19.377,2,39702,15977.3279
15:16:19.382,0,33394,8058.6396
15:16:19.398,1,17479,17950.0234
15:16:19.402,2,39713,15976.2250
15:16:19.439,2,39902,15705.7745
15:16:19.439,0,33403,8106.5765
15:16:19.440,1,17646,17760.7018
15:16:19.612,0,33412,8234.3882
15:16:19.661,2,39960,15908.3858
15:16:19.666,0,33422,8221.8794
15:16:19.671,0,33554,8064.5017
15:16:19.677,2,39971,15921.4724
15:16:19.684,2,39983,15923.4657
15:16:19.694,0,33566,8071.5916
15:16:19.694,2,39994,15907.6457
15:16:19.698,1,17680,17999.3793
15:16:19.699,0,33578,8069.4761
15:16:19.709,0,33588,8047.2666
15:16:19.709,2,40007,15864.3627
15:16:19.717,2,40018,15819.9395
15:16:19.724,1,17691,18021.4704
15:16:19.727,1,17703,18020.8650
15:16:19.732,1,17718,18008.3929
15:16:19.741,0,33598,8070.1850
15:16:19.754,1,17728,18009.1081
15:16:19.767,2,40031,15851.1286
15:16:19.790,0,33609,8111.9988
15:16:19.796,1,17741,17998.6622
15:16:19.797,2,40042,15841.1594
15:16:19.827,0,33618,8093.9093
15:16:19.871,1,17753,18040.3023
15:16:19.871,2,40053,15877.9025
15:16:19.871,0,33628,8133.0193
15:16:19.874,1,17765,18002.9293
15:16:19.881,2,40066,15846.4191
15:16:19.900,0,33638,8113.2490
15:16:19.917,2,40077,15824.6784
15:16:19.918,1,17775,17995.2257
15:16:20.009,0,33646,8185.5536
15:16:20.010,1,17786,18059.8138
15:16:20.010,2,40090,15883.7885
15:16:20.012,0,33655,8150.2481
15:16:20.015,2,40101,15859.7226
15:16:20.016,1,17799,18026.3614
15:16:20.032,0,33664,8135.8098
15:16:20.037,1,17809,17998.2045
15:16:20.046,2,40112,15857.5939
15:16:20.065,0,33673,8100.7880
15:16:20.077,1,17821,18012.4112
15:16:20.077,2,40125,15835.3605
15:16:20.100,0,33683,8120.5536
15:16:20.116,1,17833,17999.2091
15:16:20.117,2,40136,15819.3469
15:16:20.142,0,33693,8103.5982
15:16:20.155,1,17845,18006.5908
15:16:20.161,2,40147,15842.6049
15:16:20.196,0,33703,8141.2504
15:16:20.200,1,17856,18006.3140
15:16:20.200,2,40160,15841.7962
15:16:20.227,0,33713,8125.4493
15:16:20.231,1,17867,17992.2531
15:16:20.235,2,40171,15826.5123
15:16:20.256,0,33721,8103.0921
15:16:20.282,1,17881,18012.0391
15:16:20.282,2,40182,15847.8026
15:16:20.310,0,33731,8128.5248
15:16:20.316,1,17891,18005.7046
15:16:20.320,2,40194,15845.6504
15:16:20.343,0,33741,8112.8776
15:16:20.367,1,17903,18014.3563
15:16:20.367,2,40205,15826.9898
15:16:20.388,0,33751,8127.9409
15:16:20.390,1,17914,17995.6309
15:16:20.405,2,40219,15817.5957
15:16:20.455,0,33760,8147.5787
15:16:20.457,2,40230,15858.7110
15:16:20.458,1,17926,18028.3240
15:16:20.478,1,17937,18009.3065
15:16:20.483,2,40241,15804.3002
15:16:20.541,0,33770,8163.8823
15:16:20.545,1,17948,18015.5294
15:16:20.545,2,40254,15861.9643
15:16:20.558,0,33780,8177.2388
15:16:20.561,0,33788,8142.8882
15:16:20.569,1,17961,18002.5550
15:16:20.572,2,40265,15846.0083
15:16:20.587,0,33941,8050.3394
15:16:20.593,2,40276,15845.3739
15:16:20.594,1,17974,18006.6185
15:16:20.625,0,33953,8069.5544
15:16:20.637,1,17987,18002.8857
15:16:20.640,2,40288,15842.9498
15:16:20.667,0,33964,8104.1160
15:16:20.678,1,17997,17980.3642
15:16:20.683,2,40298,15849.0778
15:16:20.697,0,33973,8122.3588
15:16:20.722,1,18009,18018.9038
15:16:20.728,2,40309,15831.5607
15:16:20.743,0,33982,8121.6561
15:16:20.754,2,40320,15843.4885
15:16:20.756,1,18021,18006.9442
15:16:20.783,0,33992,8113.8388
15:16:20.797,1,18031,18006.3427
15:16:20.799,2,40332,15846.7539
15:16:20.841,0,34004,8134.9675
15:16:20.841,1,18044,17997.5669
15:16:20.843,2,40343,15833.9953
15:16:20.865,0,34013,8121.5694
15:16:20.870,1,18054,18006.1041
15:16:20.894,2,40355,15847.5829
15:16:20.898,0,34021,8123.7015
15:16:20.915,2,40368,15798.5443
15:16:20.916,1,18067,18006.8009
